city,period_number,period_name,start_time,end_time,is_daytime,temperature_f,precip_pct,short_forecast,wind_speed,wind_direction,ingested_at,bronze_file
amsterdam,1,H+1,2026-05-24T00:00,2026-05-24T00:00,True,66,0,Open-Meteo hourly,,,2026-05-24T14:05:48.777146+00:00,forecast_20260524T140548Z.json
amsterdam,2,H+2,2026-05-24T01:00,2026-05-24T01:00,True,64,0,Open-Meteo hourly,,,2026-05-24T14:05:48.777146+00:00,forecast_20260524T140548Z.json
amsterdam,3,H+3,2026-05-24T02:00,2026-05-24T02:00,True,63,0,Open-Meteo hourly,,,2026-05-24T14:05:48.777146+00:00,forecast_20260524T140548Z.json
amsterdam,4,H+4,2026-05-24T03:00,2026-05-24T03:00,True,63,0,Open-Meteo hourly,,,2026-05-24T14:05:48.777146+00:00,forecast_20260524T140548Z.json
amsterdam,5,H+5,2026-05-24T04:00,2026-05-24T04:00,True,63,0,Open-Meteo hourly,,,2026-05-24T14:05:48.777146+00:00,forecast_20260524T140548Z.json
amsterdam,6,H+6,2026-05-24T05:00,2026-05-24T05:00,True,62,0,Open-Meteo hourly,,,2026-05-24T14:05:48.777146+00:00,forecast_20260524T140548Z.json
amsterdam,7,H+7,2026-05-24T06:00,2026-05-24T06:00,True,60,0,Open-Meteo hourly,,,2026-05-24T14:05:48.777146+00:00,forecast_20260524T140548Z.json
amsterdam,8,H+8,2026-05-24T07:00,2026-05-24T07:00,True,61,0,Open-Meteo hourly,,,2026-05-24T14:05:48.777146+00:00,forecast_20260524T140548Z.json
amsterdam,9,H+9,2026-05-24T08:00,2026-05-24T08:00,True,60,0,Open-Meteo hourly,,,2026-05-24T14:05:48.777146+00:00,forecast_20260524T140548Z.json
amsterdam,10,H+10,2026-05-24T09:00,2026-05-24T09:00,True,65,0,Open-Meteo hourly,,,2026-05-24T14:05:48.777146+00:00,forecast_20260524T140548Z.json
amsterdam,11,H+11,2026-05-24T10:00,2026-05-24T10:00,True,67,0,Open-Meteo hourly,,,2026-05-24T14:05:48.777146+00:00,forecast_20260524T140548Z.json
amsterdam,12,H+12,2026-05-24T11:00,2026-05-24T11:00,True,68,0,Open-Meteo hourly,,,2026-05-24T14:05:48.777146+00:00,forecast_20260524T140548Z.json
amsterdam,13,H+13,2026-05-24T12:00,2026-05-24T12:00,True,72,0,Open-Meteo hourly,,,2026-05-24T14:05:48.777146+00:00,forecast_20260524T140548Z.json
amsterdam,14,H+14,2026-05-24T13:00,2026-05-24T13:00,True,74,0,Open-Meteo hourly,,,2026-05-24T14:05:48.777146+00:00,forecast_20260524T140548Z.json
amsterdam,15,H+15,2026-05-24T14:00,2026-05-24T14:00,True,76,0,Open-Meteo hourly,,,2026-05-24T14:05:48.777146+00:00,forecast_20260524T140548Z.json
amsterdam,16,H+16,2026-05-24T15:00,2026-05-24T15:00,True,78,0,Open-Meteo hourly,,,2026-05-24T14:05:48.777146+00:00,forecast_20260524T140548Z.json
amsterdam,17,H+17,2026-05-24T16:00,2026-05-24T16:00,True,77,0,Open-Meteo hourly,,,2026-05-24T14:05:48.777146+00:00,forecast_20260524T140548Z.json
amsterdam,18,H+18,2026-05-24T17:00,2026-05-24T17:00,True,77,0,Open-Meteo hourly,,,2026-05-24T14:05:48.777146+00:00,forecast_20260524T140548Z.json
amsterdam,19,H+19,2026-05-24T18:00,2026-05-24T18:00,True,77,0,Open-Meteo hourly,,,2026-05-24T14:05:48.777146+00:00,forecast_20260524T140548Z.json
amsterdam,20,H+20,2026-05-24T19:00,2026-05-24T19:00,True,76,0,Open-Meteo hourly,,,2026-05-24T14:05:48.777146+00:00,forecast_20260524T140548Z.json
amsterdam,21,H+21,2026-05-24T20:00,2026-05-24T20:00,True,75,0,Open-Meteo hourly,,,2026-05-24T14:05:48.777146+00:00,forecast_20260524T140548Z.json
amsterdam,22,H+22,2026-05-24T21:00,2026-05-24T21:00,True,72,0,Open-Meteo hourly,,,2026-05-24T14:05:48.777146+00:00,forecast_20260524T140548Z.json
amsterdam,23,H+23,2026-05-24T22:00,2026-05-24T22:00,True,70,0,Open-Meteo hourly,,,2026-05-24T14:05:48.777146+00:00,forecast_20260524T140548Z.json
amsterdam,24,H+24,2026-05-24T23:00,2026-05-24T23:00,True,69,0,Open-Meteo hourly,,,2026-05-24T14:05:48.777146+00:00,forecast_20260524T140548Z.json
athens,1,H+1,2026-05-24T00:00,2026-05-24T00:00,True,66,0,Open-Meteo hourly,,,2026-05-24T14:05:51.619934+00:00,forecast_20260524T140551Z.json
athens,2,H+2,2026-05-24T01:00,2026-05-24T01:00,True,65,0,Open-Meteo hourly,,,2026-05-24T14:05:51.619934+00:00,forecast_20260524T140551Z.json
athens,3,H+3,2026-05-24T02:00,2026-05-24T02:00,True,64,0,Open-Meteo hourly,,,2026-05-24T14:05:51.619934+00:00,forecast_20260524T140551Z.json
athens,4,H+4,2026-05-24T03:00,2026-05-24T03:00,True,64,0,Open-Meteo hourly,,,2026-05-24T14:05:51.619934+00:00,forecast_20260524T140551Z.json
athens,5,H+5,2026-05-24T04:00,2026-05-24T04:00,True,64,0,Open-Meteo hourly,,,2026-05-24T14:05:51.619934+00:00,forecast_20260524T140551Z.json
athens,6,H+6,2026-05-24T05:00,2026-05-24T05:00,True,63,0,Open-Meteo hourly,,,2026-05-24T14:05:51.619934+00:00,forecast_20260524T140551Z.json
athens,7,H+7,2026-05-24T06:00,2026-05-24T06:00,True,63,0,Open-Meteo hourly,,,2026-05-24T14:05:51.619934+00:00,forecast_20260524T140551Z.json
athens,8,H+8,2026-05-24T07:00,2026-05-24T07:00,True,63,0,Open-Meteo hourly,,,2026-05-24T14:05:51.619934+00:00,forecast_20260524T140551Z.json
athens,9,H+9,2026-05-24T08:00,2026-05-24T08:00,True,65,0,Open-Meteo hourly,,,2026-05-24T14:05:51.619934+00:00,forecast_20260524T140551Z.json
athens,10,H+10,2026-05-24T09:00,2026-05-24T09:00,True,70,0,Open-Meteo hourly,,,2026-05-24T14:05:51.619934+00:00,forecast_20260524T140551Z.json
athens,11,H+11,2026-05-24T10:00,2026-05-24T10:00,True,72,0,Open-Meteo hourly,,,2026-05-24T14:05:51.619934+00:00,forecast_20260524T140551Z.json
athens,12,H+12,2026-05-24T11:00,2026-05-24T11:00,True,74,15,Open-Meteo hourly,,,2026-05-24T14:05:51.619934+00:00,forecast_20260524T140551Z.json
athens,13,H+13,2026-05-24T12:00,2026-05-24T12:00,True,75,18,Open-Meteo hourly,,,2026-05-24T14:05:51.619934+00:00,forecast_20260524T140551Z.json
athens,14,H+14,2026-05-24T13:00,2026-05-24T13:00,True,76,23,Open-Meteo hourly,,,2026-05-24T14:05:51.619934+00:00,forecast_20260524T140551Z.json
athens,15,H+15,2026-05-24T14:00,2026-05-24T14:00,True,77,5,Open-Meteo hourly,,,2026-05-24T14:05:51.619934+00:00,forecast_20260524T140551Z.json
athens,16,H+16,2026-05-24T15:00,2026-05-24T15:00,True,76,3,Open-Meteo hourly,,,2026-05-24T14:05:51.619934+00:00,forecast_20260524T140551Z.json
athens,17,H+17,2026-05-24T16:00,2026-05-24T16:00,True,77,3,Open-Meteo hourly,,,2026-05-24T14:05:51.619934+00:00,forecast_20260524T140551Z.json
athens,18,H+18,2026-05-24T17:00,2026-05-24T17:00,True,77,0,Open-Meteo hourly,,,2026-05-24T14:05:51.619934+00:00,forecast_20260524T140551Z.json
athens,19,H+19,2026-05-24T18:00,2026-05-24T18:00,True,77,0,Open-Meteo hourly,,,2026-05-24T14:05:51.619934+00:00,forecast_20260524T140551Z.json
athens,20,H+20,2026-05-24T19:00,2026-05-24T19:00,True,75,0,Open-Meteo hourly,,,2026-05-24T14:05:51.619934+00:00,forecast_20260524T140551Z.json
athens,21,H+21,2026-05-24T20:00,2026-05-24T20:00,True,74,0,Open-Meteo hourly,,,2026-05-24T14:05:51.619934+00:00,forecast_20260524T140551Z.json
athens,22,H+22,2026-05-24T21:00,2026-05-24T21:00,True,72,0,Open-Meteo hourly,,,2026-05-24T14:05:51.619934+00:00,forecast_20260524T140551Z.json
athens,23,H+23,2026-05-24T22:00,2026-05-24T22:00,True,70,0,Open-Meteo hourly,,,2026-05-24T14:05:51.619934+00:00,forecast_20260524T140551Z.json
athens,24,H+24,2026-05-24T23:00,2026-05-24T23:00,True,69,0,Open-Meteo hourly,,,2026-05-24T14:05:51.619934+00:00,forecast_20260524T140551Z.json
atlanta,1,Tonight,2026-05-23T19:00:00-04:00,2026-05-24T06:00:00-04:00,False,65,46,Chance Showers And Thunderstorms,5 to 10 mph,E,2026-05-24T00:53:13.701149+00:00,forecast_20260524T005312Z.json
atlanta,2,Sunday,2026-05-24T06:00:00-04:00,2026-05-24T18:00:00-04:00,True,81,71,Chance Showers And Thunderstorms,5 mph,SE,2026-05-24T00:53:13.701149+00:00,forecast_20260524T005312Z.json
atlanta,3,Sunday Night,2026-05-24T18:00:00-04:00,2026-05-25T06:00:00-04:00,False,66,76,Showers And Thunderstorms,0 to 5 mph,SE,2026-05-24T00:53:13.701149+00:00,forecast_20260524T005312Z.json
atlanta,4,Memorial Day,2026-05-25T06:00:00-04:00,2026-05-25T18:00:00-04:00,True,83,94,Showers And Thunderstorms,0 to 5 mph,SE,2026-05-24T00:53:13.701149+00:00,forecast_20260524T005312Z.json
atlanta,5,Monday Night,2026-05-25T18:00:00-04:00,2026-05-26T06:00:00-04:00,False,66,94,Showers And Thunderstorms,5 mph,SE,2026-05-24T00:53:13.701149+00:00,forecast_20260524T005312Z.json
atlanta,6,Tuesday,2026-05-26T06:00:00-04:00,2026-05-26T18:00:00-04:00,True,83,83,Showers And Thunderstorms,5 mph,SE,2026-05-24T00:53:13.701149+00:00,forecast_20260524T005312Z.json
atlanta,7,Tuesday Night,2026-05-26T18:00:00-04:00,2026-05-27T06:00:00-04:00,False,66,83,Showers And Thunderstorms,0 to 5 mph,S,2026-05-24T00:53:13.701149+00:00,forecast_20260524T005312Z.json
atlanta,8,Wednesday,2026-05-27T06:00:00-04:00,2026-05-27T18:00:00-04:00,True,82,64,Showers And Thunderstorms Likely,0 to 5 mph,S,2026-05-24T00:53:13.701149+00:00,forecast_20260524T005312Z.json
atlanta,9,Wednesday Night,2026-05-27T18:00:00-04:00,2026-05-28T06:00:00-04:00,False,66,64,Showers And Thunderstorms Likely then Chance Showers And Thunderstorms,0 to 5 mph,SW,2026-05-24T00:53:13.701149+00:00,forecast_20260524T005312Z.json
atlanta,10,Thursday,2026-05-28T06:00:00-04:00,2026-05-28T18:00:00-04:00,True,85,52,Chance Showers And Thunderstorms,0 to 5 mph,W,2026-05-24T00:53:13.701149+00:00,forecast_20260524T005312Z.json
atlanta,11,Thursday Night,2026-05-28T18:00:00-04:00,2026-05-29T06:00:00-04:00,False,66,52,Chance Showers And Thunderstorms,0 to 5 mph,W,2026-05-24T00:53:13.701149+00:00,forecast_20260524T005312Z.json
atlanta,12,Friday,2026-05-29T06:00:00-04:00,2026-05-29T18:00:00-04:00,True,82,74,Showers And Thunderstorms Likely,5 mph,W,2026-05-24T00:53:13.701149+00:00,forecast_20260524T005312Z.json
atlanta,13,Friday Night,2026-05-29T18:00:00-04:00,2026-05-30T06:00:00-04:00,False,63,74,Showers And Thunderstorms Likely,5 mph,S,2026-05-24T00:53:13.701149+00:00,forecast_20260524T005312Z.json
atlanta,14,Saturday,2026-05-30T06:00:00-04:00,2026-05-30T18:00:00-04:00,True,76,68,Showers And Thunderstorms Likely,5 to 10 mph,NE,2026-05-24T00:53:13.701149+00:00,forecast_20260524T005312Z.json
atlanta,1,Today,2026-05-24T06:00:00-04:00,2026-05-24T18:00:00-04:00,True,81,77,Chance Showers And Thunderstorms,5 mph,SE,2026-05-24T14:05:56.394208+00:00,forecast_20260524T140555Z.json
atlanta,2,Tonight,2026-05-24T18:00:00-04:00,2026-05-25T06:00:00-04:00,False,66,79,Showers And Thunderstorms then Chance Showers And Thunderstorms,0 to 5 mph,SE,2026-05-24T14:05:56.394208+00:00,forecast_20260524T140555Z.json
atlanta,3,Memorial Day,2026-05-25T06:00:00-04:00,2026-05-25T18:00:00-04:00,True,81,73,Chance Showers And Thunderstorms,5 mph,S,2026-05-24T14:05:56.394208+00:00,forecast_20260524T140555Z.json
atlanta,4,Monday Night,2026-05-25T18:00:00-04:00,2026-05-26T06:00:00-04:00,False,66,88,Showers And Thunderstorms,5 mph,S,2026-05-24T14:05:56.394208+00:00,forecast_20260524T140555Z.json
atlanta,5,Tuesday,2026-05-26T06:00:00-04:00,2026-05-26T18:00:00-04:00,True,82,95,Showers And Thunderstorms,5 mph,S,2026-05-24T14:05:56.394208+00:00,forecast_20260524T140555Z.json
atlanta,6,Tuesday Night,2026-05-26T18:00:00-04:00,2026-05-27T06:00:00-04:00,False,66,95,Showers And Thunderstorms,0 to 5 mph,S,2026-05-24T14:05:56.394208+00:00,forecast_20260524T140555Z.json
atlanta,7,Wednesday,2026-05-27T06:00:00-04:00,2026-05-27T18:00:00-04:00,True,83,68,Showers And Thunderstorms Likely,0 to 5 mph,S,2026-05-24T14:05:56.394208+00:00,forecast_20260524T140555Z.json
atlanta,8,Wednesday Night,2026-05-27T18:00:00-04:00,2026-05-28T06:00:00-04:00,False,67,68,Showers And Thunderstorms Likely then Slight Chance Showers And Thunderstorms,0 to 5 mph,SW,2026-05-24T14:05:56.394208+00:00,forecast_20260524T140555Z.json
atlanta,9,Thursday,2026-05-28T06:00:00-04:00,2026-05-28T18:00:00-04:00,True,85,40,Chance Showers And Thunderstorms,0 to 5 mph,W,2026-05-24T14:05:56.394208+00:00,forecast_20260524T140555Z.json
atlanta,10,Thursday Night,2026-05-28T18:00:00-04:00,2026-05-29T06:00:00-04:00,False,66,40,Chance Showers And Thunderstorms,0 to 5 mph,W,2026-05-24T14:05:56.394208+00:00,forecast_20260524T140555Z.json
atlanta,11,Friday,2026-05-29T06:00:00-04:00,2026-05-29T18:00:00-04:00,True,83,75,Showers And Thunderstorms,5 mph,W,2026-05-24T14:05:56.394208+00:00,forecast_20260524T140555Z.json
atlanta,12,Friday Night,2026-05-29T18:00:00-04:00,2026-05-30T06:00:00-04:00,False,64,75,Showers And Thunderstorms,0 to 5 mph,SW,2026-05-24T14:05:56.394208+00:00,forecast_20260524T140555Z.json
atlanta,13,Saturday,2026-05-30T06:00:00-04:00,2026-05-30T18:00:00-04:00,True,78,71,Showers And Thunderstorms Likely,5 to 10 mph,SE,2026-05-24T14:05:56.394208+00:00,forecast_20260524T140555Z.json
atlanta,14,Saturday Night,2026-05-30T18:00:00-04:00,2026-05-31T06:00:00-04:00,False,61,71,Showers And Thunderstorms Likely,5 to 10 mph,SE,2026-05-24T14:05:56.394208+00:00,forecast_20260524T140555Z.json
auckland,1,H+1,2026-05-24T00:00,2026-05-24T00:00,True,58,2,Open-Meteo hourly,,,2026-05-24T00:53:14.990435+00:00,forecast_20260524T005314Z.json
auckland,2,H+2,2026-05-24T01:00,2026-05-24T01:00,True,58,1,Open-Meteo hourly,,,2026-05-24T00:53:14.990435+00:00,forecast_20260524T005314Z.json
auckland,3,H+3,2026-05-24T02:00,2026-05-24T02:00,True,58,0,Open-Meteo hourly,,,2026-05-24T00:53:14.990435+00:00,forecast_20260524T005314Z.json
auckland,4,H+4,2026-05-24T03:00,2026-05-24T03:00,True,57,2,Open-Meteo hourly,,,2026-05-24T00:53:14.990435+00:00,forecast_20260524T005314Z.json
auckland,5,H+5,2026-05-24T04:00,2026-05-24T04:00,True,55,9,Open-Meteo hourly,,,2026-05-24T00:53:14.990435+00:00,forecast_20260524T005314Z.json
auckland,6,H+6,2026-05-24T05:00,2026-05-24T05:00,True,55,19,Open-Meteo hourly,,,2026-05-24T00:53:14.990435+00:00,forecast_20260524T005314Z.json
auckland,7,H+7,2026-05-24T06:00,2026-05-24T06:00,True,56,25,Open-Meteo hourly,,,2026-05-24T00:53:14.990435+00:00,forecast_20260524T005314Z.json
auckland,8,H+8,2026-05-24T07:00,2026-05-24T07:00,True,56,23,Open-Meteo hourly,,,2026-05-24T00:53:14.990435+00:00,forecast_20260524T005314Z.json
auckland,9,H+9,2026-05-24T08:00,2026-05-24T08:00,True,57,18,Open-Meteo hourly,,,2026-05-24T00:53:14.990435+00:00,forecast_20260524T005314Z.json
auckland,10,H+10,2026-05-24T09:00,2026-05-24T09:00,True,58,12,Open-Meteo hourly,,,2026-05-24T00:53:14.990435+00:00,forecast_20260524T005314Z.json
auckland,11,H+11,2026-05-24T10:00,2026-05-24T10:00,True,60,7,Open-Meteo hourly,,,2026-05-24T00:53:14.990435+00:00,forecast_20260524T005314Z.json
auckland,12,H+12,2026-05-24T11:00,2026-05-24T11:00,True,61,3,Open-Meteo hourly,,,2026-05-24T00:53:14.990435+00:00,forecast_20260524T005314Z.json
auckland,13,H+13,2026-05-24T12:00,2026-05-24T12:00,True,62,0,Open-Meteo hourly,,,2026-05-24T00:53:14.990435+00:00,forecast_20260524T005314Z.json
auckland,14,H+14,2026-05-24T13:00,2026-05-24T13:00,True,63,0,Open-Meteo hourly,,,2026-05-24T00:53:14.990435+00:00,forecast_20260524T005314Z.json
auckland,15,H+15,2026-05-24T14:00,2026-05-24T14:00,True,62,1,Open-Meteo hourly,,,2026-05-24T00:53:14.990435+00:00,forecast_20260524T005314Z.json
auckland,16,H+16,2026-05-24T15:00,2026-05-24T15:00,True,62,2,Open-Meteo hourly,,,2026-05-24T00:53:14.990435+00:00,forecast_20260524T005314Z.json
auckland,17,H+17,2026-05-24T16:00,2026-05-24T16:00,True,61,4,Open-Meteo hourly,,,2026-05-24T00:53:14.990435+00:00,forecast_20260524T005314Z.json
auckland,18,H+18,2026-05-24T17:00,2026-05-24T17:00,True,60,5,Open-Meteo hourly,,,2026-05-24T00:53:14.990435+00:00,forecast_20260524T005314Z.json
auckland,19,H+19,2026-05-24T18:00,2026-05-24T18:00,True,59,6,Open-Meteo hourly,,,2026-05-24T00:53:14.990435+00:00,forecast_20260524T005314Z.json
auckland,20,H+20,2026-05-24T19:00,2026-05-24T19:00,True,58,5,Open-Meteo hourly,,,2026-05-24T00:53:14.990435+00:00,forecast_20260524T005314Z.json
auckland,21,H+21,2026-05-24T20:00,2026-05-24T20:00,True,58,2,Open-Meteo hourly,,,2026-05-24T00:53:14.990435+00:00,forecast_20260524T005314Z.json
auckland,22,H+22,2026-05-24T21:00,2026-05-24T21:00,True,58,0,Open-Meteo hourly,,,2026-05-24T00:53:14.990435+00:00,forecast_20260524T005314Z.json
auckland,23,H+23,2026-05-24T22:00,2026-05-24T22:00,True,57,0,Open-Meteo hourly,,,2026-05-24T00:53:14.990435+00:00,forecast_20260524T005314Z.json
auckland,24,H+24,2026-05-24T23:00,2026-05-24T23:00,True,57,0,Open-Meteo hourly,,,2026-05-24T00:53:14.990435+00:00,forecast_20260524T005314Z.json
auckland,1,H+1,2026-05-25T00:00,2026-05-25T00:00,True,57,0,Open-Meteo hourly,,,2026-05-24T14:05:58.506896+00:00,forecast_20260524T140558Z.json
auckland,2,H+2,2026-05-25T01:00,2026-05-25T01:00,True,56,0,Open-Meteo hourly,,,2026-05-24T14:05:58.506896+00:00,forecast_20260524T140558Z.json
auckland,3,H+3,2026-05-25T02:00,2026-05-25T02:00,True,55,0,Open-Meteo hourly,,,2026-05-24T14:05:58.506896+00:00,forecast_20260524T140558Z.json
auckland,4,H+4,2026-05-25T03:00,2026-05-25T03:00,True,54,0,Open-Meteo hourly,,,2026-05-24T14:05:58.506896+00:00,forecast_20260524T140558Z.json
auckland,5,H+5,2026-05-25T04:00,2026-05-25T04:00,True,53,0,Open-Meteo hourly,,,2026-05-24T14:05:58.506896+00:00,forecast_20260524T140558Z.json
auckland,6,H+6,2026-05-25T05:00,2026-05-25T05:00,True,53,0,Open-Meteo hourly,,,2026-05-24T14:05:58.506896+00:00,forecast_20260524T140558Z.json
auckland,7,H+7,2026-05-25T06:00,2026-05-25T06:00,True,52,0,Open-Meteo hourly,,,2026-05-24T14:05:58.506896+00:00,forecast_20260524T140558Z.json
auckland,8,H+8,2026-05-25T07:00,2026-05-25T07:00,True,52,0,Open-Meteo hourly,,,2026-05-24T14:05:58.506896+00:00,forecast_20260524T140558Z.json
auckland,9,H+9,2026-05-25T08:00,2026-05-25T08:00,True,52,0,Open-Meteo hourly,,,2026-05-24T14:05:58.506896+00:00,forecast_20260524T140558Z.json
auckland,10,H+10,2026-05-25T09:00,2026-05-25T09:00,True,55,0,Open-Meteo hourly,,,2026-05-24T14:05:58.506896+00:00,forecast_20260524T140558Z.json
auckland,11,H+11,2026-05-25T10:00,2026-05-25T10:00,True,57,0,Open-Meteo hourly,,,2026-05-24T14:05:58.506896+00:00,forecast_20260524T140558Z.json
auckland,12,H+12,2026-05-25T11:00,2026-05-25T11:00,True,59,0,Open-Meteo hourly,,,2026-05-24T14:05:58.506896+00:00,forecast_20260524T140558Z.json
auckland,13,H+13,2026-05-25T12:00,2026-05-25T12:00,True,60,0,Open-Meteo hourly,,,2026-05-24T14:05:58.506896+00:00,forecast_20260524T140558Z.json
auckland,14,H+14,2026-05-25T13:00,2026-05-25T13:00,True,61,0,Open-Meteo hourly,,,2026-05-24T14:05:58.506896+00:00,forecast_20260524T140558Z.json
auckland,15,H+15,2026-05-25T14:00,2026-05-25T14:00,True,61,0,Open-Meteo hourly,,,2026-05-24T14:05:58.506896+00:00,forecast_20260524T140558Z.json
auckland,16,H+16,2026-05-25T15:00,2026-05-25T15:00,True,61,0,Open-Meteo hourly,,,2026-05-24T14:05:58.506896+00:00,forecast_20260524T140558Z.json
auckland,17,H+17,2026-05-25T16:00,2026-05-25T16:00,True,60,0,Open-Meteo hourly,,,2026-05-24T14:05:58.506896+00:00,forecast_20260524T140558Z.json
auckland,18,H+18,2026-05-25T17:00,2026-05-25T17:00,True,59,0,Open-Meteo hourly,,,2026-05-24T14:05:58.506896+00:00,forecast_20260524T140558Z.json
auckland,19,H+19,2026-05-25T18:00,2026-05-25T18:00,True,57,0,Open-Meteo hourly,,,2026-05-24T14:05:58.506896+00:00,forecast_20260524T140558Z.json
auckland,20,H+20,2026-05-25T19:00,2026-05-25T19:00,True,57,0,Open-Meteo hourly,,,2026-05-24T14:05:58.506896+00:00,forecast_20260524T140558Z.json
auckland,21,H+21,2026-05-25T20:00,2026-05-25T20:00,True,55,0,Open-Meteo hourly,,,2026-05-24T14:05:58.506896+00:00,forecast_20260524T140558Z.json
auckland,22,H+22,2026-05-25T21:00,2026-05-25T21:00,True,54,0,Open-Meteo hourly,,,2026-05-24T14:05:58.506896+00:00,forecast_20260524T140558Z.json
auckland,23,H+23,2026-05-25T22:00,2026-05-25T22:00,True,52,0,Open-Meteo hourly,,,2026-05-24T14:05:58.506896+00:00,forecast_20260524T140558Z.json
auckland,24,H+24,2026-05-25T23:00,2026-05-25T23:00,True,51,0,Open-Meteo hourly,,,2026-05-24T14:05:58.506896+00:00,forecast_20260524T140558Z.json
bangalore,1,H+1,2026-05-24T00:00,2026-05-24T00:00,True,72,38,Open-Meteo hourly,,,2026-05-24T14:06:02.963254+00:00,forecast_20260524T140602Z.json
bangalore,2,H+2,2026-05-24T01:00,2026-05-24T01:00,True,72,73,Open-Meteo hourly,,,2026-05-24T14:06:02.963254+00:00,forecast_20260524T140602Z.json
bangalore,3,H+3,2026-05-24T02:00,2026-05-24T02:00,True,71,90,Open-Meteo hourly,,,2026-05-24T14:06:02.963254+00:00,forecast_20260524T140602Z.json
bangalore,4,H+4,2026-05-24T03:00,2026-05-24T03:00,True,71,69,Open-Meteo hourly,,,2026-05-24T14:06:02.963254+00:00,forecast_20260524T140602Z.json
bangalore,5,H+5,2026-05-24T04:00,2026-05-24T04:00,True,70,29,Open-Meteo hourly,,,2026-05-24T14:06:02.963254+00:00,forecast_20260524T140602Z.json
bangalore,6,H+6,2026-05-24T05:00,2026-05-24T05:00,True,70,0,Open-Meteo hourly,,,2026-05-24T14:06:02.963254+00:00,forecast_20260524T140602Z.json
bangalore,7,H+7,2026-05-24T06:00,2026-05-24T06:00,True,70,0,Open-Meteo hourly,,,2026-05-24T14:06:02.963254+00:00,forecast_20260524T140602Z.json
bangalore,8,H+8,2026-05-24T07:00,2026-05-24T07:00,True,72,2,Open-Meteo hourly,,,2026-05-24T14:06:02.963254+00:00,forecast_20260524T140602Z.json
bangalore,9,H+9,2026-05-24T08:00,2026-05-24T08:00,True,75,8,Open-Meteo hourly,,,2026-05-24T14:06:02.963254+00:00,forecast_20260524T140602Z.json
bangalore,10,H+10,2026-05-24T09:00,2026-05-24T09:00,True,76,7,Open-Meteo hourly,,,2026-05-24T14:06:02.963254+00:00,forecast_20260524T140602Z.json
bangalore,11,H+11,2026-05-24T10:00,2026-05-24T10:00,True,79,5,Open-Meteo hourly,,,2026-05-24T14:06:02.963254+00:00,forecast_20260524T140602Z.json
bangalore,12,H+12,2026-05-24T11:00,2026-05-24T11:00,True,83,8,Open-Meteo hourly,,,2026-05-24T14:06:02.963254+00:00,forecast_20260524T140602Z.json
bangalore,13,H+13,2026-05-24T12:00,2026-05-24T12:00,True,85,20,Open-Meteo hourly,,,2026-05-24T14:06:02.963254+00:00,forecast_20260524T140602Z.json
bangalore,14,H+14,2026-05-24T13:00,2026-05-24T13:00,True,85,37,Open-Meteo hourly,,,2026-05-24T14:06:02.963254+00:00,forecast_20260524T140602Z.json
bangalore,15,H+15,2026-05-24T14:00,2026-05-24T14:00,True,83,51,Open-Meteo hourly,,,2026-05-24T14:06:02.963254+00:00,forecast_20260524T140602Z.json
bangalore,16,H+16,2026-05-24T15:00,2026-05-24T15:00,True,84,61,Open-Meteo hourly,,,2026-05-24T14:06:02.963254+00:00,forecast_20260524T140602Z.json
bangalore,17,H+17,2026-05-24T16:00,2026-05-24T16:00,True,83,69,Open-Meteo hourly,,,2026-05-24T14:06:02.963254+00:00,forecast_20260524T140602Z.json
bangalore,18,H+18,2026-05-24T17:00,2026-05-24T17:00,True,77,73,Open-Meteo hourly,,,2026-05-24T14:06:02.963254+00:00,forecast_20260524T140602Z.json
bangalore,19,H+19,2026-05-24T18:00,2026-05-24T18:00,True,72,74,Open-Meteo hourly,,,2026-05-24T14:06:02.963254+00:00,forecast_20260524T140602Z.json
bangalore,20,H+20,2026-05-24T19:00,2026-05-24T19:00,True,71,72,Open-Meteo hourly,,,2026-05-24T14:06:02.963254+00:00,forecast_20260524T140602Z.json
bangalore,21,H+21,2026-05-24T20:00,2026-05-24T20:00,True,71,67,Open-Meteo hourly,,,2026-05-24T14:06:02.963254+00:00,forecast_20260524T140602Z.json
bangalore,22,H+22,2026-05-24T21:00,2026-05-24T21:00,True,71,59,Open-Meteo hourly,,,2026-05-24T14:06:02.963254+00:00,forecast_20260524T140602Z.json
bangalore,23,H+23,2026-05-24T22:00,2026-05-24T22:00,True,71,48,Open-Meteo hourly,,,2026-05-24T14:06:02.963254+00:00,forecast_20260524T140602Z.json
bangalore,24,H+24,2026-05-24T23:00,2026-05-24T23:00,True,70,37,Open-Meteo hourly,,,2026-05-24T14:06:02.963254+00:00,forecast_20260524T140602Z.json
bangkok,1,H+1,2026-05-24T00:00,2026-05-24T00:00,True,84,1,Open-Meteo hourly,,,2026-05-24T14:06:05.072526+00:00,forecast_20260524T140605Z.json
bangkok,2,H+2,2026-05-24T01:00,2026-05-24T01:00,True,84,2,Open-Meteo hourly,,,2026-05-24T14:06:05.072526+00:00,forecast_20260524T140605Z.json
bangkok,3,H+3,2026-05-24T02:00,2026-05-24T02:00,True,83,6,Open-Meteo hourly,,,2026-05-24T14:06:05.072526+00:00,forecast_20260524T140605Z.json
bangkok,4,H+4,2026-05-24T03:00,2026-05-24T03:00,True,83,12,Open-Meteo hourly,,,2026-05-24T14:06:05.072526+00:00,forecast_20260524T140605Z.json
bangkok,5,H+5,2026-05-24T04:00,2026-05-24T04:00,True,83,16,Open-Meteo hourly,,,2026-05-24T14:06:05.072526+00:00,forecast_20260524T140605Z.json
bangkok,6,H+6,2026-05-24T05:00,2026-05-24T05:00,True,82,16,Open-Meteo hourly,,,2026-05-24T14:06:05.072526+00:00,forecast_20260524T140605Z.json
bangkok,7,H+7,2026-05-24T06:00,2026-05-24T06:00,True,81,14,Open-Meteo hourly,,,2026-05-24T14:06:05.072526+00:00,forecast_20260524T140605Z.json
bangkok,8,H+8,2026-05-24T07:00,2026-05-24T07:00,True,84,12,Open-Meteo hourly,,,2026-05-24T14:06:05.072526+00:00,forecast_20260524T140605Z.json
bangkok,9,H+9,2026-05-24T08:00,2026-05-24T08:00,True,86,8,Open-Meteo hourly,,,2026-05-24T14:06:05.072526+00:00,forecast_20260524T140605Z.json
bangkok,10,H+10,2026-05-24T09:00,2026-05-24T09:00,True,88,2,Open-Meteo hourly,,,2026-05-24T14:06:05.072526+00:00,forecast_20260524T140605Z.json
bangkok,11,H+11,2026-05-24T10:00,2026-05-24T10:00,True,90,2,Open-Meteo hourly,,,2026-05-24T14:06:05.072526+00:00,forecast_20260524T140605Z.json
bangkok,12,H+12,2026-05-24T11:00,2026-05-24T11:00,True,92,12,Open-Meteo hourly,,,2026-05-24T14:06:05.072526+00:00,forecast_20260524T140605Z.json
bangkok,13,H+13,2026-05-24T12:00,2026-05-24T12:00,True,92,26,Open-Meteo hourly,,,2026-05-24T14:06:05.072526+00:00,forecast_20260524T140605Z.json
bangkok,14,H+14,2026-05-24T13:00,2026-05-24T13:00,True,92,35,Open-Meteo hourly,,,2026-05-24T14:06:05.072526+00:00,forecast_20260524T140605Z.json
bangkok,15,H+15,2026-05-24T14:00,2026-05-24T14:00,True,93,32,Open-Meteo hourly,,,2026-05-24T14:06:05.072526+00:00,forecast_20260524T140605Z.json
bangkok,16,H+16,2026-05-24T15:00,2026-05-24T15:00,True,92,23,Open-Meteo hourly,,,2026-05-24T14:06:05.072526+00:00,forecast_20260524T140605Z.json
bangkok,17,H+17,2026-05-24T16:00,2026-05-24T16:00,True,91,16,Open-Meteo hourly,,,2026-05-24T14:06:05.072526+00:00,forecast_20260524T140605Z.json
bangkok,18,H+18,2026-05-24T17:00,2026-05-24T17:00,True,90,14,Open-Meteo hourly,,,2026-05-24T14:06:05.072526+00:00,forecast_20260524T140605Z.json
bangkok,19,H+19,2026-05-24T18:00,2026-05-24T18:00,True,88,14,Open-Meteo hourly,,,2026-05-24T14:06:05.072526+00:00,forecast_20260524T140605Z.json
bangkok,20,H+20,2026-05-24T19:00,2026-05-24T19:00,True,86,14,Open-Meteo hourly,,,2026-05-24T14:06:05.072526+00:00,forecast_20260524T140605Z.json
bangkok,21,H+21,2026-05-24T20:00,2026-05-24T20:00,True,86,15,Open-Meteo hourly,,,2026-05-24T14:06:05.072526+00:00,forecast_20260524T140605Z.json
bangkok,22,H+22,2026-05-24T21:00,2026-05-24T21:00,True,86,15,Open-Meteo hourly,,,2026-05-24T14:06:05.072526+00:00,forecast_20260524T140605Z.json
bangkok,23,H+23,2026-05-24T22:00,2026-05-24T22:00,True,85,16,Open-Meteo hourly,,,2026-05-24T14:06:05.072526+00:00,forecast_20260524T140605Z.json
bangkok,24,H+24,2026-05-24T23:00,2026-05-24T23:00,True,85,16,Open-Meteo hourly,,,2026-05-24T14:06:05.072526+00:00,forecast_20260524T140605Z.json
barcelona,1,H+1,2026-05-24T00:00,2026-05-24T00:00,True,69,0,Open-Meteo hourly,,,2026-05-24T14:06:06.870841+00:00,forecast_20260524T140606Z.json
barcelona,2,H+2,2026-05-24T01:00,2026-05-24T01:00,True,68,0,Open-Meteo hourly,,,2026-05-24T14:06:06.870841+00:00,forecast_20260524T140606Z.json
barcelona,3,H+3,2026-05-24T02:00,2026-05-24T02:00,True,68,0,Open-Meteo hourly,,,2026-05-24T14:06:06.870841+00:00,forecast_20260524T140606Z.json
barcelona,4,H+4,2026-05-24T03:00,2026-05-24T03:00,True,67,0,Open-Meteo hourly,,,2026-05-24T14:06:06.870841+00:00,forecast_20260524T140606Z.json
barcelona,5,H+5,2026-05-24T04:00,2026-05-24T04:00,True,66,0,Open-Meteo hourly,,,2026-05-24T14:06:06.870841+00:00,forecast_20260524T140606Z.json
barcelona,6,H+6,2026-05-24T05:00,2026-05-24T05:00,True,65,0,Open-Meteo hourly,,,2026-05-24T14:06:06.870841+00:00,forecast_20260524T140606Z.json
barcelona,7,H+7,2026-05-24T06:00,2026-05-24T06:00,True,64,0,Open-Meteo hourly,,,2026-05-24T14:06:06.870841+00:00,forecast_20260524T140606Z.json
barcelona,8,H+8,2026-05-24T07:00,2026-05-24T07:00,True,64,0,Open-Meteo hourly,,,2026-05-24T14:06:06.870841+00:00,forecast_20260524T140606Z.json
barcelona,9,H+9,2026-05-24T08:00,2026-05-24T08:00,True,66,0,Open-Meteo hourly,,,2026-05-24T14:06:06.870841+00:00,forecast_20260524T140606Z.json
barcelona,10,H+10,2026-05-24T09:00,2026-05-24T09:00,True,70,0,Open-Meteo hourly,,,2026-05-24T14:06:06.870841+00:00,forecast_20260524T140606Z.json
barcelona,11,H+11,2026-05-24T10:00,2026-05-24T10:00,True,75,0,Open-Meteo hourly,,,2026-05-24T14:06:06.870841+00:00,forecast_20260524T140606Z.json
barcelona,12,H+12,2026-05-24T11:00,2026-05-24T11:00,True,78,0,Open-Meteo hourly,,,2026-05-24T14:06:06.870841+00:00,forecast_20260524T140606Z.json
barcelona,13,H+13,2026-05-24T12:00,2026-05-24T12:00,True,80,0,Open-Meteo hourly,,,2026-05-24T14:06:06.870841+00:00,forecast_20260524T140606Z.json
barcelona,14,H+14,2026-05-24T13:00,2026-05-24T13:00,True,80,0,Open-Meteo hourly,,,2026-05-24T14:06:06.870841+00:00,forecast_20260524T140606Z.json
barcelona,15,H+15,2026-05-24T14:00,2026-05-24T14:00,True,80,0,Open-Meteo hourly,,,2026-05-24T14:06:06.870841+00:00,forecast_20260524T140606Z.json
barcelona,16,H+16,2026-05-24T15:00,2026-05-24T15:00,True,80,0,Open-Meteo hourly,,,2026-05-24T14:06:06.870841+00:00,forecast_20260524T140606Z.json
barcelona,17,H+17,2026-05-24T16:00,2026-05-24T16:00,True,80,0,Open-Meteo hourly,,,2026-05-24T14:06:06.870841+00:00,forecast_20260524T140606Z.json
barcelona,18,H+18,2026-05-24T17:00,2026-05-24T17:00,True,79,0,Open-Meteo hourly,,,2026-05-24T14:06:06.870841+00:00,forecast_20260524T140606Z.json
barcelona,19,H+19,2026-05-24T18:00,2026-05-24T18:00,True,79,0,Open-Meteo hourly,,,2026-05-24T14:06:06.870841+00:00,forecast_20260524T140606Z.json
barcelona,20,H+20,2026-05-24T19:00,2026-05-24T19:00,True,78,0,Open-Meteo hourly,,,2026-05-24T14:06:06.870841+00:00,forecast_20260524T140606Z.json
barcelona,21,H+21,2026-05-24T20:00,2026-05-24T20:00,True,77,0,Open-Meteo hourly,,,2026-05-24T14:06:06.870841+00:00,forecast_20260524T140606Z.json
barcelona,22,H+22,2026-05-24T21:00,2026-05-24T21:00,True,75,0,Open-Meteo hourly,,,2026-05-24T14:06:06.870841+00:00,forecast_20260524T140606Z.json
barcelona,23,H+23,2026-05-24T22:00,2026-05-24T22:00,True,73,0,Open-Meteo hourly,,,2026-05-24T14:06:06.870841+00:00,forecast_20260524T140606Z.json
barcelona,24,H+24,2026-05-24T23:00,2026-05-24T23:00,True,72,0,Open-Meteo hourly,,,2026-05-24T14:06:06.870841+00:00,forecast_20260524T140606Z.json
beijing,1,H+1,2026-05-24T00:00,2026-05-24T00:00,True,68,0,Open-Meteo hourly,,,2026-05-24T14:06:12.322800+00:00,forecast_20260524T140612Z.json
beijing,2,H+2,2026-05-24T01:00,2026-05-24T01:00,True,68,0,Open-Meteo hourly,,,2026-05-24T14:06:12.322800+00:00,forecast_20260524T140612Z.json
beijing,3,H+3,2026-05-24T02:00,2026-05-24T02:00,True,67,0,Open-Meteo hourly,,,2026-05-24T14:06:12.322800+00:00,forecast_20260524T140612Z.json
beijing,4,H+4,2026-05-24T03:00,2026-05-24T03:00,True,66,8,Open-Meteo hourly,,,2026-05-24T14:06:12.322800+00:00,forecast_20260524T140612Z.json
beijing,5,H+5,2026-05-24T04:00,2026-05-24T04:00,True,66,19,Open-Meteo hourly,,,2026-05-24T14:06:12.322800+00:00,forecast_20260524T140612Z.json
beijing,6,H+6,2026-05-24T05:00,2026-05-24T05:00,True,66,25,Open-Meteo hourly,,,2026-05-24T14:06:12.322800+00:00,forecast_20260524T140612Z.json
beijing,7,H+7,2026-05-24T06:00,2026-05-24T06:00,True,66,23,Open-Meteo hourly,,,2026-05-24T14:06:12.322800+00:00,forecast_20260524T140612Z.json
beijing,8,H+8,2026-05-24T07:00,2026-05-24T07:00,True,68,17,Open-Meteo hourly,,,2026-05-24T14:06:12.322800+00:00,forecast_20260524T140612Z.json
beijing,9,H+9,2026-05-24T08:00,2026-05-24T08:00,True,71,12,Open-Meteo hourly,,,2026-05-24T14:06:12.322800+00:00,forecast_20260524T140612Z.json
beijing,10,H+10,2026-05-24T09:00,2026-05-24T09:00,True,74,10,Open-Meteo hourly,,,2026-05-24T14:06:12.322800+00:00,forecast_20260524T140612Z.json
beijing,11,H+11,2026-05-24T10:00,2026-05-24T10:00,True,76,9,Open-Meteo hourly,,,2026-05-24T14:06:12.322800+00:00,forecast_20260524T140612Z.json
beijing,12,H+12,2026-05-24T11:00,2026-05-24T11:00,True,78,8,Open-Meteo hourly,,,2026-05-24T14:06:12.322800+00:00,forecast_20260524T140612Z.json
beijing,13,H+13,2026-05-24T12:00,2026-05-24T12:00,True,80,6,Open-Meteo hourly,,,2026-05-24T14:06:12.322800+00:00,forecast_20260524T140612Z.json
beijing,14,H+14,2026-05-24T13:00,2026-05-24T13:00,True,81,4,Open-Meteo hourly,,,2026-05-24T14:06:12.322800+00:00,forecast_20260524T140612Z.json
beijing,15,H+15,2026-05-24T14:00,2026-05-24T14:00,True,82,2,Open-Meteo hourly,,,2026-05-24T14:06:12.322800+00:00,forecast_20260524T140612Z.json
beijing,16,H+16,2026-05-24T15:00,2026-05-24T15:00,True,82,2,Open-Meteo hourly,,,2026-05-24T14:06:12.322800+00:00,forecast_20260524T140612Z.json
beijing,17,H+17,2026-05-24T16:00,2026-05-24T16:00,True,82,2,Open-Meteo hourly,,,2026-05-24T14:06:12.322800+00:00,forecast_20260524T140612Z.json
beijing,18,H+18,2026-05-24T17:00,2026-05-24T17:00,True,81,2,Open-Meteo hourly,,,2026-05-24T14:06:12.322800+00:00,forecast_20260524T140612Z.json
beijing,19,H+19,2026-05-24T18:00,2026-05-24T18:00,True,80,1,Open-Meteo hourly,,,2026-05-24T14:06:12.322800+00:00,forecast_20260524T140612Z.json
beijing,20,H+20,2026-05-24T19:00,2026-05-24T19:00,True,78,1,Open-Meteo hourly,,,2026-05-24T14:06:12.322800+00:00,forecast_20260524T140612Z.json
beijing,21,H+21,2026-05-24T20:00,2026-05-24T20:00,True,76,0,Open-Meteo hourly,,,2026-05-24T14:06:12.322800+00:00,forecast_20260524T140612Z.json
beijing,22,H+22,2026-05-24T21:00,2026-05-24T21:00,True,75,0,Open-Meteo hourly,,,2026-05-24T14:06:12.322800+00:00,forecast_20260524T140612Z.json
beijing,23,H+23,2026-05-24T22:00,2026-05-24T22:00,True,72,0,Open-Meteo hourly,,,2026-05-24T14:06:12.322800+00:00,forecast_20260524T140612Z.json
beijing,24,H+24,2026-05-24T23:00,2026-05-24T23:00,True,71,0,Open-Meteo hourly,,,2026-05-24T14:06:12.322800+00:00,forecast_20260524T140612Z.json
berlin,1,H+1,2026-05-24T00:00,2026-05-24T00:00,True,70,0,Open-Meteo hourly,,,2026-05-24T14:06:14.223636+00:00,forecast_20260524T140614Z.json
berlin,2,H+2,2026-05-24T01:00,2026-05-24T01:00,True,69,0,Open-Meteo hourly,,,2026-05-24T14:06:14.223636+00:00,forecast_20260524T140614Z.json
berlin,3,H+3,2026-05-24T02:00,2026-05-24T02:00,True,67,0,Open-Meteo hourly,,,2026-05-24T14:06:14.223636+00:00,forecast_20260524T140614Z.json
berlin,4,H+4,2026-05-24T03:00,2026-05-24T03:00,True,67,0,Open-Meteo hourly,,,2026-05-24T14:06:14.223636+00:00,forecast_20260524T140614Z.json
berlin,5,H+5,2026-05-24T04:00,2026-05-24T04:00,True,66,0,Open-Meteo hourly,,,2026-05-24T14:06:14.223636+00:00,forecast_20260524T140614Z.json
berlin,6,H+6,2026-05-24T05:00,2026-05-24T05:00,True,64,0,Open-Meteo hourly,,,2026-05-24T14:06:14.223636+00:00,forecast_20260524T140614Z.json
berlin,7,H+7,2026-05-24T06:00,2026-05-24T06:00,True,64,0,Open-Meteo hourly,,,2026-05-24T14:06:14.223636+00:00,forecast_20260524T140614Z.json
berlin,8,H+8,2026-05-24T07:00,2026-05-24T07:00,True,66,0,Open-Meteo hourly,,,2026-05-24T14:06:14.223636+00:00,forecast_20260524T140614Z.json
berlin,9,H+9,2026-05-24T08:00,2026-05-24T08:00,True,69,0,Open-Meteo hourly,,,2026-05-24T14:06:14.223636+00:00,forecast_20260524T140614Z.json
berlin,10,H+10,2026-05-24T09:00,2026-05-24T09:00,True,73,0,Open-Meteo hourly,,,2026-05-24T14:06:14.223636+00:00,forecast_20260524T140614Z.json
berlin,11,H+11,2026-05-24T10:00,2026-05-24T10:00,True,76,0,Open-Meteo hourly,,,2026-05-24T14:06:14.223636+00:00,forecast_20260524T140614Z.json
berlin,12,H+12,2026-05-24T11:00,2026-05-24T11:00,True,79,0,Open-Meteo hourly,,,2026-05-24T14:06:14.223636+00:00,forecast_20260524T140614Z.json
berlin,13,H+13,2026-05-24T12:00,2026-05-24T12:00,True,81,0,Open-Meteo hourly,,,2026-05-24T14:06:14.223636+00:00,forecast_20260524T140614Z.json
berlin,14,H+14,2026-05-24T13:00,2026-05-24T13:00,True,81,0,Open-Meteo hourly,,,2026-05-24T14:06:14.223636+00:00,forecast_20260524T140614Z.json
berlin,15,H+15,2026-05-24T14:00,2026-05-24T14:00,True,82,0,Open-Meteo hourly,,,2026-05-24T14:06:14.223636+00:00,forecast_20260524T140614Z.json
berlin,16,H+16,2026-05-24T15:00,2026-05-24T15:00,True,82,0,Open-Meteo hourly,,,2026-05-24T14:06:14.223636+00:00,forecast_20260524T140614Z.json
berlin,17,H+17,2026-05-24T16:00,2026-05-24T16:00,True,80,0,Open-Meteo hourly,,,2026-05-24T14:06:14.223636+00:00,forecast_20260524T140614Z.json
berlin,18,H+18,2026-05-24T17:00,2026-05-24T17:00,True,79,0,Open-Meteo hourly,,,2026-05-24T14:06:14.223636+00:00,forecast_20260524T140614Z.json
berlin,19,H+19,2026-05-24T18:00,2026-05-24T18:00,True,78,0,Open-Meteo hourly,,,2026-05-24T14:06:14.223636+00:00,forecast_20260524T140614Z.json
berlin,20,H+20,2026-05-24T19:00,2026-05-24T19:00,True,75,0,Open-Meteo hourly,,,2026-05-24T14:06:14.223636+00:00,forecast_20260524T140614Z.json
berlin,21,H+21,2026-05-24T20:00,2026-05-24T20:00,True,72,0,Open-Meteo hourly,,,2026-05-24T14:06:14.223636+00:00,forecast_20260524T140614Z.json
berlin,22,H+22,2026-05-24T21:00,2026-05-24T21:00,True,69,0,Open-Meteo hourly,,,2026-05-24T14:06:14.223636+00:00,forecast_20260524T140614Z.json
berlin,23,H+23,2026-05-24T22:00,2026-05-24T22:00,True,66,0,Open-Meteo hourly,,,2026-05-24T14:06:14.223636+00:00,forecast_20260524T140614Z.json
berlin,24,H+24,2026-05-24T23:00,2026-05-24T23:00,True,64,0,Open-Meteo hourly,,,2026-05-24T14:06:14.223636+00:00,forecast_20260524T140614Z.json
bogota,1,H+1,2026-05-23T00:00,2026-05-23T00:00,True,55,19,Open-Meteo hourly,,,2026-05-24T00:53:27.191729+00:00,forecast_20260524T005327Z.json
bogota,2,H+2,2026-05-23T01:00,2026-05-23T01:00,True,56,18,Open-Meteo hourly,,,2026-05-24T00:53:27.191729+00:00,forecast_20260524T005327Z.json
bogota,3,H+3,2026-05-23T02:00,2026-05-23T02:00,True,54,19,Open-Meteo hourly,,,2026-05-24T00:53:27.191729+00:00,forecast_20260524T005327Z.json
bogota,4,H+4,2026-05-23T03:00,2026-05-23T03:00,True,54,21,Open-Meteo hourly,,,2026-05-24T00:53:27.191729+00:00,forecast_20260524T005327Z.json
bogota,5,H+5,2026-05-23T04:00,2026-05-23T04:00,True,53,24,Open-Meteo hourly,,,2026-05-24T00:53:27.191729+00:00,forecast_20260524T005327Z.json
bogota,6,H+6,2026-05-23T05:00,2026-05-23T05:00,True,53,25,Open-Meteo hourly,,,2026-05-24T00:53:27.191729+00:00,forecast_20260524T005327Z.json
bogota,7,H+7,2026-05-23T06:00,2026-05-23T06:00,True,52,26,Open-Meteo hourly,,,2026-05-24T00:53:27.191729+00:00,forecast_20260524T005327Z.json
bogota,8,H+8,2026-05-23T07:00,2026-05-23T07:00,True,56,33,Open-Meteo hourly,,,2026-05-24T00:53:27.191729+00:00,forecast_20260524T005327Z.json
bogota,9,H+9,2026-05-23T08:00,2026-05-23T08:00,True,59,50,Open-Meteo hourly,,,2026-05-24T00:53:27.191729+00:00,forecast_20260524T005327Z.json
bogota,10,H+10,2026-05-23T09:00,2026-05-23T09:00,True,61,71,Open-Meteo hourly,,,2026-05-24T00:53:27.191729+00:00,forecast_20260524T005327Z.json
bogota,11,H+11,2026-05-23T10:00,2026-05-23T10:00,True,64,88,Open-Meteo hourly,,,2026-05-24T00:53:27.191729+00:00,forecast_20260524T005327Z.json
bogota,12,H+12,2026-05-23T11:00,2026-05-23T11:00,True,64,96,Open-Meteo hourly,,,2026-05-24T00:53:27.191729+00:00,forecast_20260524T005327Z.json
bogota,13,H+13,2026-05-23T12:00,2026-05-23T12:00,True,67,98,Open-Meteo hourly,,,2026-05-24T00:53:27.191729+00:00,forecast_20260524T005327Z.json
bogota,14,H+14,2026-05-23T13:00,2026-05-23T13:00,True,66,100,Open-Meteo hourly,,,2026-05-24T00:53:27.191729+00:00,forecast_20260524T005327Z.json
bogota,15,H+15,2026-05-23T14:00,2026-05-23T14:00,True,65,100,Open-Meteo hourly,,,2026-05-24T00:53:27.191729+00:00,forecast_20260524T005327Z.json
bogota,16,H+16,2026-05-23T15:00,2026-05-23T15:00,True,64,100,Open-Meteo hourly,,,2026-05-24T00:53:27.191729+00:00,forecast_20260524T005327Z.json
bogota,17,H+17,2026-05-23T16:00,2026-05-23T16:00,True,64,100,Open-Meteo hourly,,,2026-05-24T00:53:27.191729+00:00,forecast_20260524T005327Z.json
bogota,18,H+18,2026-05-23T17:00,2026-05-23T17:00,True,60,100,Open-Meteo hourly,,,2026-05-24T00:53:27.191729+00:00,forecast_20260524T005327Z.json
bogota,19,H+19,2026-05-23T18:00,2026-05-23T18:00,True,58,100,Open-Meteo hourly,,,2026-05-24T00:53:27.191729+00:00,forecast_20260524T005327Z.json
bogota,20,H+20,2026-05-23T19:00,2026-05-23T19:00,True,56,98,Open-Meteo hourly,,,2026-05-24T00:53:27.191729+00:00,forecast_20260524T005327Z.json
bogota,21,H+21,2026-05-23T20:00,2026-05-23T20:00,True,55,90,Open-Meteo hourly,,,2026-05-24T00:53:27.191729+00:00,forecast_20260524T005327Z.json
bogota,22,H+22,2026-05-23T21:00,2026-05-23T21:00,True,55,78,Open-Meteo hourly,,,2026-05-24T00:53:27.191729+00:00,forecast_20260524T005327Z.json
bogota,23,H+23,2026-05-23T22:00,2026-05-23T22:00,True,54,67,Open-Meteo hourly,,,2026-05-24T00:53:27.191729+00:00,forecast_20260524T005327Z.json
bogota,24,H+24,2026-05-23T23:00,2026-05-23T23:00,True,54,58,Open-Meteo hourly,,,2026-05-24T00:53:27.191729+00:00,forecast_20260524T005327Z.json
bogota,1,H+1,2026-05-24T00:00,2026-05-24T00:00,True,54,37,Open-Meteo hourly,,,2026-05-24T14:06:16.884137+00:00,forecast_20260524T140616Z.json
bogota,2,H+2,2026-05-24T01:00,2026-05-24T01:00,True,55,33,Open-Meteo hourly,,,2026-05-24T14:06:16.884137+00:00,forecast_20260524T140616Z.json
bogota,3,H+3,2026-05-24T02:00,2026-05-24T02:00,True,54,29,Open-Meteo hourly,,,2026-05-24T14:06:16.884137+00:00,forecast_20260524T140616Z.json
bogota,4,H+4,2026-05-24T03:00,2026-05-24T03:00,True,52,26,Open-Meteo hourly,,,2026-05-24T14:06:16.884137+00:00,forecast_20260524T140616Z.json
bogota,5,H+5,2026-05-24T04:00,2026-05-24T04:00,True,53,24,Open-Meteo hourly,,,2026-05-24T14:06:16.884137+00:00,forecast_20260524T140616Z.json
bogota,6,H+6,2026-05-24T05:00,2026-05-24T05:00,True,52,21,Open-Meteo hourly,,,2026-05-24T14:06:16.884137+00:00,forecast_20260524T140616Z.json
bogota,7,H+7,2026-05-24T06:00,2026-05-24T06:00,True,52,20,Open-Meteo hourly,,,2026-05-24T14:06:16.884137+00:00,forecast_20260524T140616Z.json
bogota,8,H+8,2026-05-24T07:00,2026-05-24T07:00,True,53,24,Open-Meteo hourly,,,2026-05-24T14:06:16.884137+00:00,forecast_20260524T140616Z.json
bogota,9,H+9,2026-05-24T08:00,2026-05-24T08:00,True,56,40,Open-Meteo hourly,,,2026-05-24T14:06:16.884137+00:00,forecast_20260524T140616Z.json
bogota,10,H+10,2026-05-24T09:00,2026-05-24T09:00,True,59,62,Open-Meteo hourly,,,2026-05-24T14:06:16.884137+00:00,forecast_20260524T140616Z.json
bogota,11,H+11,2026-05-24T10:00,2026-05-24T10:00,True,60,80,Open-Meteo hourly,,,2026-05-24T14:06:16.884137+00:00,forecast_20260524T140616Z.json
bogota,12,H+12,2026-05-24T11:00,2026-05-24T11:00,True,66,90,Open-Meteo hourly,,,2026-05-24T14:06:16.884137+00:00,forecast_20260524T140616Z.json
bogota,13,H+13,2026-05-24T12:00,2026-05-24T12:00,True,68,96,Open-Meteo hourly,,,2026-05-24T14:06:16.884137+00:00,forecast_20260524T140616Z.json
bogota,14,H+14,2026-05-24T13:00,2026-05-24T13:00,True,68,100,Open-Meteo hourly,,,2026-05-24T14:06:16.884137+00:00,forecast_20260524T140616Z.json
bogota,15,H+15,2026-05-24T14:00,2026-05-24T14:00,True,68,100,Open-Meteo hourly,,,2026-05-24T14:06:16.884137+00:00,forecast_20260524T140616Z.json
bogota,16,H+16,2026-05-24T15:00,2026-05-24T15:00,True,67,100,Open-Meteo hourly,,,2026-05-24T14:06:16.884137+00:00,forecast_20260524T140616Z.json
bogota,17,H+17,2026-05-24T16:00,2026-05-24T16:00,True,66,100,Open-Meteo hourly,,,2026-05-24T14:06:16.884137+00:00,forecast_20260524T140616Z.json
bogota,18,H+18,2026-05-24T17:00,2026-05-24T17:00,True,64,100,Open-Meteo hourly,,,2026-05-24T14:06:16.884137+00:00,forecast_20260524T140616Z.json
bogota,19,H+19,2026-05-24T18:00,2026-05-24T18:00,True,60,100,Open-Meteo hourly,,,2026-05-24T14:06:16.884137+00:00,forecast_20260524T140616Z.json
bogota,20,H+20,2026-05-24T19:00,2026-05-24T19:00,True,59,100,Open-Meteo hourly,,,2026-05-24T14:06:16.884137+00:00,forecast_20260524T140616Z.json
bogota,21,H+21,2026-05-24T20:00,2026-05-24T20:00,True,57,91,Open-Meteo hourly,,,2026-05-24T14:06:16.884137+00:00,forecast_20260524T140616Z.json
bogota,22,H+22,2026-05-24T21:00,2026-05-24T21:00,True,56,79,Open-Meteo hourly,,,2026-05-24T14:06:16.884137+00:00,forecast_20260524T140616Z.json
bogota,23,H+23,2026-05-24T22:00,2026-05-24T22:00,True,55,67,Open-Meteo hourly,,,2026-05-24T14:06:16.884137+00:00,forecast_20260524T140616Z.json
bogota,24,H+24,2026-05-24T23:00,2026-05-24T23:00,True,55,57,Open-Meteo hourly,,,2026-05-24T14:06:16.884137+00:00,forecast_20260524T140616Z.json
boston,1,Tonight,2026-05-23T18:00:00-04:00,2026-05-24T06:00:00-04:00,False,51,46,Cloudy then Chance Light Rain,3 to 9 mph,SE,2026-05-24T00:27:18.210275+00:00,forecast_20260524T002717Z.json
boston,2,Sunday,2026-05-24T06:00:00-04:00,2026-05-24T18:00:00-04:00,True,52,100,Light Rain,6 to 15 mph,E,2026-05-24T00:27:18.210275+00:00,forecast_20260524T002717Z.json
boston,3,Sunday Night,2026-05-24T18:00:00-04:00,2026-05-25T06:00:00-04:00,False,51,100,Light Rain,6 to 14 mph,NE,2026-05-24T00:27:18.210275+00:00,forecast_20260524T002717Z.json
boston,4,Memorial Day,2026-05-25T06:00:00-04:00,2026-05-25T18:00:00-04:00,True,71,48,Chance Rain Showers,6 mph,NW,2026-05-24T00:27:18.210275+00:00,forecast_20260524T002717Z.json
boston,5,Monday Night,2026-05-25T18:00:00-04:00,2026-05-26T06:00:00-04:00,False,56,4,Mostly Cloudy,3 mph,W,2026-05-24T00:27:18.210275+00:00,forecast_20260524T002717Z.json
boston,6,Tuesday,2026-05-26T06:00:00-04:00,2026-05-26T18:00:00-04:00,True,79,0,Mostly Sunny,2 to 7 mph,W,2026-05-24T00:27:18.210275+00:00,forecast_20260524T002717Z.json
boston,7,Tuesday Night,2026-05-26T18:00:00-04:00,2026-05-27T06:00:00-04:00,False,60,0,Partly Cloudy,6 mph,SW,2026-05-24T00:27:18.210275+00:00,forecast_20260524T002717Z.json
boston,8,Wednesday,2026-05-27T06:00:00-04:00,2026-05-27T18:00:00-04:00,True,84,29,Mostly Sunny then Slight Chance Showers And Thunderstorms,6 to 10 mph,W,2026-05-24T00:27:18.210275+00:00,forecast_20260524T002717Z.json
boston,9,Wednesday Night,2026-05-27T18:00:00-04:00,2026-05-28T06:00:00-04:00,False,57,27,Chance Showers And Thunderstorms,8 mph,NW,2026-05-24T00:27:18.210275+00:00,forecast_20260524T002717Z.json
boston,10,Thursday,2026-05-28T06:00:00-04:00,2026-05-28T18:00:00-04:00,True,71,18,Slight Chance Rain Showers,6 to 9 mph,N,2026-05-24T00:27:18.210275+00:00,forecast_20260524T002717Z.json
boston,11,Thursday Night,2026-05-28T18:00:00-04:00,2026-05-29T06:00:00-04:00,False,52,17,Slight Chance Rain Showers then Partly Cloudy,8 mph,N,2026-05-24T00:27:18.210275+00:00,forecast_20260524T002717Z.json
boston,12,Friday,2026-05-29T06:00:00-04:00,2026-05-29T18:00:00-04:00,True,68,30,Chance Rain Showers,7 to 10 mph,N,2026-05-24T00:27:18.210275+00:00,forecast_20260524T002717Z.json
boston,13,Friday Night,2026-05-29T18:00:00-04:00,2026-05-30T06:00:00-04:00,False,51,29,Chance Rain Showers,5 to 8 mph,SW,2026-05-24T00:27:18.210275+00:00,forecast_20260524T002717Z.json
boston,14,Saturday,2026-05-30T06:00:00-04:00,2026-05-30T18:00:00-04:00,True,68,16,Slight Chance Rain Showers,5 to 9 mph,NE,2026-05-24T00:27:18.210275+00:00,forecast_20260524T002717Z.json
boston,1,Today,2026-05-24T09:00:00-04:00,2026-05-24T18:00:00-04:00,True,52,100,Rain,6 to 12 mph,E,2026-05-24T14:06:19.847214+00:00,forecast_20260524T140618Z.json
boston,2,Tonight,2026-05-24T18:00:00-04:00,2026-05-25T06:00:00-04:00,False,52,100,Rain,3 to 10 mph,E,2026-05-24T14:06:19.847214+00:00,forecast_20260524T140618Z.json
boston,3,Memorial Day,2026-05-25T06:00:00-04:00,2026-05-25T18:00:00-04:00,True,71,65,Light Rain Likely,2 to 7 mph,SW,2026-05-24T14:06:19.847214+00:00,forecast_20260524T140618Z.json
boston,4,Monday Night,2026-05-25T18:00:00-04:00,2026-05-26T06:00:00-04:00,False,57,5,Mostly Cloudy,1 to 5 mph,W,2026-05-24T14:06:19.847214+00:00,forecast_20260524T140618Z.json
boston,5,Tuesday,2026-05-26T06:00:00-04:00,2026-05-26T18:00:00-04:00,True,82,1,Partly Sunny,1 to 7 mph,SW,2026-05-24T14:06:19.847214+00:00,forecast_20260524T140618Z.json
boston,6,Tuesday Night,2026-05-26T18:00:00-04:00,2026-05-27T06:00:00-04:00,False,63,0,Partly Cloudy,7 mph,SW,2026-05-24T14:06:19.847214+00:00,forecast_20260524T140618Z.json
boston,7,Wednesday,2026-05-27T06:00:00-04:00,2026-05-27T18:00:00-04:00,True,88,19,Mostly Sunny then Slight Chance Rain Showers,6 to 10 mph,W,2026-05-24T14:06:19.847214+00:00,forecast_20260524T140618Z.json
boston,8,Wednesday Night,2026-05-27T18:00:00-04:00,2026-05-28T06:00:00-04:00,False,59,17,Slight Chance Rain Showers then Partly Cloudy,8 mph,NW,2026-05-24T14:06:19.847214+00:00,forecast_20260524T140618Z.json
boston,9,Thursday,2026-05-28T06:00:00-04:00,2026-05-28T18:00:00-04:00,True,74,14,Mostly Sunny,8 mph,NW,2026-05-24T14:06:19.847214+00:00,forecast_20260524T140618Z.json
boston,10,Thursday Night,2026-05-28T18:00:00-04:00,2026-05-29T06:00:00-04:00,False,54,15,Partly Cloudy then Slight Chance Rain Showers,7 mph,NW,2026-05-24T14:06:19.847214+00:00,forecast_20260524T140618Z.json
boston,11,Friday,2026-05-29T06:00:00-04:00,2026-05-29T18:00:00-04:00,True,69,30,Chance Rain Showers,6 to 10 mph,N,2026-05-24T14:06:19.847214+00:00,forecast_20260524T140618Z.json
boston,12,Friday Night,2026-05-29T18:00:00-04:00,2026-05-30T06:00:00-04:00,False,52,28,Chance Rain Showers then Partly Cloudy,8 mph,N,2026-05-24T14:06:19.847214+00:00,forecast_20260524T140618Z.json
boston,13,Saturday,2026-05-30T06:00:00-04:00,2026-05-30T18:00:00-04:00,True,67,11,Mostly Sunny,7 to 10 mph,N,2026-05-24T14:06:19.847214+00:00,forecast_20260524T140618Z.json
boston,14,Saturday Night,2026-05-30T18:00:00-04:00,2026-05-31T06:00:00-04:00,False,52,11,Partly Cloudy,7 mph,NW,2026-05-24T14:06:19.847214+00:00,forecast_20260524T140618Z.json
brussels,1,H+1,2026-05-24T00:00,2026-05-24T00:00,True,73,0,Open-Meteo hourly,,,2026-05-24T14:06:21.787485+00:00,forecast_20260524T140621Z.json
brussels,2,H+2,2026-05-24T01:00,2026-05-24T01:00,True,72,0,Open-Meteo hourly,,,2026-05-24T14:06:21.787485+00:00,forecast_20260524T140621Z.json
brussels,3,H+3,2026-05-24T02:00,2026-05-24T02:00,True,71,0,Open-Meteo hourly,,,2026-05-24T14:06:21.787485+00:00,forecast_20260524T140621Z.json
brussels,4,H+4,2026-05-24T03:00,2026-05-24T03:00,True,69,0,Open-Meteo hourly,,,2026-05-24T14:06:21.787485+00:00,forecast_20260524T140621Z.json
brussels,5,H+5,2026-05-24T04:00,2026-05-24T04:00,True,70,0,Open-Meteo hourly,,,2026-05-24T14:06:21.787485+00:00,forecast_20260524T140621Z.json
brussels,6,H+6,2026-05-24T05:00,2026-05-24T05:00,True,68,0,Open-Meteo hourly,,,2026-05-24T14:06:21.787485+00:00,forecast_20260524T140621Z.json
brussels,7,H+7,2026-05-24T06:00,2026-05-24T06:00,True,68,0,Open-Meteo hourly,,,2026-05-24T14:06:21.787485+00:00,forecast_20260524T140621Z.json
brussels,8,H+8,2026-05-24T07:00,2026-05-24T07:00,True,68,0,Open-Meteo hourly,,,2026-05-24T14:06:21.787485+00:00,forecast_20260524T140621Z.json
brussels,9,H+9,2026-05-24T08:00,2026-05-24T08:00,True,70,0,Open-Meteo hourly,,,2026-05-24T14:06:21.787485+00:00,forecast_20260524T140621Z.json
brussels,10,H+10,2026-05-24T09:00,2026-05-24T09:00,True,72,0,Open-Meteo hourly,,,2026-05-24T14:06:21.787485+00:00,forecast_20260524T140621Z.json
brussels,11,H+11,2026-05-24T10:00,2026-05-24T10:00,True,75,0,Open-Meteo hourly,,,2026-05-24T14:06:21.787485+00:00,forecast_20260524T140621Z.json
brussels,12,H+12,2026-05-24T11:00,2026-05-24T11:00,True,78,0,Open-Meteo hourly,,,2026-05-24T14:06:21.787485+00:00,forecast_20260524T140621Z.json
brussels,13,H+13,2026-05-24T12:00,2026-05-24T12:00,True,80,0,Open-Meteo hourly,,,2026-05-24T14:06:21.787485+00:00,forecast_20260524T140621Z.json
brussels,14,H+14,2026-05-24T13:00,2026-05-24T13:00,True,83,0,Open-Meteo hourly,,,2026-05-24T14:06:21.787485+00:00,forecast_20260524T140621Z.json
brussels,15,H+15,2026-05-24T14:00,2026-05-24T14:00,True,85,0,Open-Meteo hourly,,,2026-05-24T14:06:21.787485+00:00,forecast_20260524T140621Z.json
brussels,16,H+16,2026-05-24T15:00,2026-05-24T15:00,True,86,0,Open-Meteo hourly,,,2026-05-24T14:06:21.787485+00:00,forecast_20260524T140621Z.json
brussels,17,H+17,2026-05-24T16:00,2026-05-24T16:00,True,87,0,Open-Meteo hourly,,,2026-05-24T14:06:21.787485+00:00,forecast_20260524T140621Z.json
brussels,18,H+18,2026-05-24T17:00,2026-05-24T17:00,True,87,0,Open-Meteo hourly,,,2026-05-24T14:06:21.787485+00:00,forecast_20260524T140621Z.json
brussels,19,H+19,2026-05-24T18:00,2026-05-24T18:00,True,86,0,Open-Meteo hourly,,,2026-05-24T14:06:21.787485+00:00,forecast_20260524T140621Z.json
brussels,20,H+20,2026-05-24T19:00,2026-05-24T19:00,True,85,0,Open-Meteo hourly,,,2026-05-24T14:06:21.787485+00:00,forecast_20260524T140621Z.json
brussels,21,H+21,2026-05-24T20:00,2026-05-24T20:00,True,84,0,Open-Meteo hourly,,,2026-05-24T14:06:21.787485+00:00,forecast_20260524T140621Z.json
brussels,22,H+22,2026-05-24T21:00,2026-05-24T21:00,True,82,0,Open-Meteo hourly,,,2026-05-24T14:06:21.787485+00:00,forecast_20260524T140621Z.json
brussels,23,H+23,2026-05-24T22:00,2026-05-24T22:00,True,80,0,Open-Meteo hourly,,,2026-05-24T14:06:21.787485+00:00,forecast_20260524T140621Z.json
brussels,24,H+24,2026-05-24T23:00,2026-05-24T23:00,True,78,0,Open-Meteo hourly,,,2026-05-24T14:06:21.787485+00:00,forecast_20260524T140621Z.json
budapest,1,H+1,2026-05-24T00:00,2026-05-24T00:00,True,72,0,Open-Meteo hourly,,,2026-05-24T14:06:23.858542+00:00,forecast_20260524T140623Z.json
budapest,2,H+2,2026-05-24T01:00,2026-05-24T01:00,True,71,0,Open-Meteo hourly,,,2026-05-24T14:06:23.858542+00:00,forecast_20260524T140623Z.json
budapest,3,H+3,2026-05-24T02:00,2026-05-24T02:00,True,70,0,Open-Meteo hourly,,,2026-05-24T14:06:23.858542+00:00,forecast_20260524T140623Z.json
budapest,4,H+4,2026-05-24T03:00,2026-05-24T03:00,True,68,0,Open-Meteo hourly,,,2026-05-24T14:06:23.858542+00:00,forecast_20260524T140623Z.json
budapest,5,H+5,2026-05-24T04:00,2026-05-24T04:00,True,67,0,Open-Meteo hourly,,,2026-05-24T14:06:23.858542+00:00,forecast_20260524T140623Z.json
budapest,6,H+6,2026-05-24T05:00,2026-05-24T05:00,True,66,0,Open-Meteo hourly,,,2026-05-24T14:06:23.858542+00:00,forecast_20260524T140623Z.json
budapest,7,H+7,2026-05-24T06:00,2026-05-24T06:00,True,66,0,Open-Meteo hourly,,,2026-05-24T14:06:23.858542+00:00,forecast_20260524T140623Z.json
budapest,8,H+8,2026-05-24T07:00,2026-05-24T07:00,True,68,0,Open-Meteo hourly,,,2026-05-24T14:06:23.858542+00:00,forecast_20260524T140623Z.json
budapest,9,H+9,2026-05-24T08:00,2026-05-24T08:00,True,70,0,Open-Meteo hourly,,,2026-05-24T14:06:23.858542+00:00,forecast_20260524T140623Z.json
budapest,10,H+10,2026-05-24T09:00,2026-05-24T09:00,True,73,0,Open-Meteo hourly,,,2026-05-24T14:06:23.858542+00:00,forecast_20260524T140623Z.json
budapest,11,H+11,2026-05-24T10:00,2026-05-24T10:00,True,76,0,Open-Meteo hourly,,,2026-05-24T14:06:23.858542+00:00,forecast_20260524T140623Z.json
budapest,12,H+12,2026-05-24T11:00,2026-05-24T11:00,True,79,0,Open-Meteo hourly,,,2026-05-24T14:06:23.858542+00:00,forecast_20260524T140623Z.json
budapest,13,H+13,2026-05-24T12:00,2026-05-24T12:00,True,81,0,Open-Meteo hourly,,,2026-05-24T14:06:23.858542+00:00,forecast_20260524T140623Z.json
budapest,14,H+14,2026-05-24T13:00,2026-05-24T13:00,True,84,0,Open-Meteo hourly,,,2026-05-24T14:06:23.858542+00:00,forecast_20260524T140623Z.json
budapest,15,H+15,2026-05-24T14:00,2026-05-24T14:00,True,85,0,Open-Meteo hourly,,,2026-05-24T14:06:23.858542+00:00,forecast_20260524T140623Z.json
budapest,16,H+16,2026-05-24T15:00,2026-05-24T15:00,True,86,0,Open-Meteo hourly,,,2026-05-24T14:06:23.858542+00:00,forecast_20260524T140623Z.json
budapest,17,H+17,2026-05-24T16:00,2026-05-24T16:00,True,87,0,Open-Meteo hourly,,,2026-05-24T14:06:23.858542+00:00,forecast_20260524T140623Z.json
budapest,18,H+18,2026-05-24T17:00,2026-05-24T17:00,True,86,0,Open-Meteo hourly,,,2026-05-24T14:06:23.858542+00:00,forecast_20260524T140623Z.json
budapest,19,H+19,2026-05-24T18:00,2026-05-24T18:00,True,86,0,Open-Meteo hourly,,,2026-05-24T14:06:23.858542+00:00,forecast_20260524T140623Z.json
budapest,20,H+20,2026-05-24T19:00,2026-05-24T19:00,True,84,0,Open-Meteo hourly,,,2026-05-24T14:06:23.858542+00:00,forecast_20260524T140623Z.json
budapest,21,H+21,2026-05-24T20:00,2026-05-24T20:00,True,82,0,Open-Meteo hourly,,,2026-05-24T14:06:23.858542+00:00,forecast_20260524T140623Z.json
budapest,22,H+22,2026-05-24T21:00,2026-05-24T21:00,True,81,0,Open-Meteo hourly,,,2026-05-24T14:06:23.858542+00:00,forecast_20260524T140623Z.json
budapest,23,H+23,2026-05-24T22:00,2026-05-24T22:00,True,79,0,Open-Meteo hourly,,,2026-05-24T14:06:23.858542+00:00,forecast_20260524T140623Z.json
budapest,24,H+24,2026-05-24T23:00,2026-05-24T23:00,True,78,0,Open-Meteo hourly,,,2026-05-24T14:06:23.858542+00:00,forecast_20260524T140623Z.json
buenos-aires,1,H+1,2026-05-23T00:00,2026-05-23T00:00,True,51,6,Open-Meteo hourly,,,2026-05-24T00:53:33.007932+00:00,forecast_20260524T005333Z.json
buenos-aires,2,H+2,2026-05-23T01:00,2026-05-23T01:00,True,51,10,Open-Meteo hourly,,,2026-05-24T00:53:33.007932+00:00,forecast_20260524T005333Z.json
buenos-aires,3,H+3,2026-05-23T02:00,2026-05-23T02:00,True,51,14,Open-Meteo hourly,,,2026-05-24T00:53:33.007932+00:00,forecast_20260524T005333Z.json
buenos-aires,4,H+4,2026-05-23T03:00,2026-05-23T03:00,True,50,16,Open-Meteo hourly,,,2026-05-24T00:53:33.007932+00:00,forecast_20260524T005333Z.json
buenos-aires,5,H+5,2026-05-23T04:00,2026-05-23T04:00,True,50,12,Open-Meteo hourly,,,2026-05-24T00:53:33.007932+00:00,forecast_20260524T005333Z.json
buenos-aires,6,H+6,2026-05-23T05:00,2026-05-23T05:00,True,49,5,Open-Meteo hourly,,,2026-05-24T00:53:33.007932+00:00,forecast_20260524T005333Z.json
buenos-aires,7,H+7,2026-05-23T06:00,2026-05-23T06:00,True,48,0,Open-Meteo hourly,,,2026-05-24T00:53:33.007932+00:00,forecast_20260524T005333Z.json
buenos-aires,8,H+8,2026-05-23T07:00,2026-05-23T07:00,True,47,0,Open-Meteo hourly,,,2026-05-24T00:53:33.007932+00:00,forecast_20260524T005333Z.json
buenos-aires,9,H+9,2026-05-23T08:00,2026-05-23T08:00,True,47,0,Open-Meteo hourly,,,2026-05-24T00:53:33.007932+00:00,forecast_20260524T005333Z.json
buenos-aires,10,H+10,2026-05-23T09:00,2026-05-23T09:00,True,51,0,Open-Meteo hourly,,,2026-05-24T00:53:33.007932+00:00,forecast_20260524T005333Z.json
buenos-aires,11,H+11,2026-05-23T10:00,2026-05-23T10:00,True,53,0,Open-Meteo hourly,,,2026-05-24T00:53:33.007932+00:00,forecast_20260524T005333Z.json
buenos-aires,12,H+12,2026-05-23T11:00,2026-05-23T11:00,True,53,0,Open-Meteo hourly,,,2026-05-24T00:53:33.007932+00:00,forecast_20260524T005333Z.json
buenos-aires,13,H+13,2026-05-23T12:00,2026-05-23T12:00,True,54,0,Open-Meteo hourly,,,2026-05-24T00:53:33.007932+00:00,forecast_20260524T005333Z.json
buenos-aires,14,H+14,2026-05-23T13:00,2026-05-23T13:00,True,55,0,Open-Meteo hourly,,,2026-05-24T00:53:33.007932+00:00,forecast_20260524T005333Z.json
buenos-aires,15,H+15,2026-05-23T14:00,2026-05-23T14:00,True,55,0,Open-Meteo hourly,,,2026-05-24T00:53:33.007932+00:00,forecast_20260524T005333Z.json
buenos-aires,16,H+16,2026-05-23T15:00,2026-05-23T15:00,True,56,0,Open-Meteo hourly,,,2026-05-24T00:53:33.007932+00:00,forecast_20260524T005333Z.json
buenos-aires,17,H+17,2026-05-23T16:00,2026-05-23T16:00,True,56,0,Open-Meteo hourly,,,2026-05-24T00:53:33.007932+00:00,forecast_20260524T005333Z.json
buenos-aires,18,H+18,2026-05-23T17:00,2026-05-23T17:00,True,56,0,Open-Meteo hourly,,,2026-05-24T00:53:33.007932+00:00,forecast_20260524T005333Z.json
buenos-aires,19,H+19,2026-05-23T18:00,2026-05-23T18:00,True,54,0,Open-Meteo hourly,,,2026-05-24T00:53:33.007932+00:00,forecast_20260524T005333Z.json
buenos-aires,20,H+20,2026-05-23T19:00,2026-05-23T19:00,True,53,0,Open-Meteo hourly,,,2026-05-24T00:53:33.007932+00:00,forecast_20260524T005333Z.json
buenos-aires,21,H+21,2026-05-23T20:00,2026-05-23T20:00,True,52,0,Open-Meteo hourly,,,2026-05-24T00:53:33.007932+00:00,forecast_20260524T005333Z.json
buenos-aires,22,H+22,2026-05-23T21:00,2026-05-23T21:00,True,51,0,Open-Meteo hourly,,,2026-05-24T00:53:33.007932+00:00,forecast_20260524T005333Z.json
buenos-aires,23,H+23,2026-05-23T22:00,2026-05-23T22:00,True,51,0,Open-Meteo hourly,,,2026-05-24T00:53:33.007932+00:00,forecast_20260524T005333Z.json
buenos-aires,24,H+24,2026-05-23T23:00,2026-05-23T23:00,True,52,0,Open-Meteo hourly,,,2026-05-24T00:53:33.007932+00:00,forecast_20260524T005333Z.json
buenos-aires,1,H+1,2026-05-24T00:00,2026-05-24T00:00,True,52,0,Open-Meteo hourly,,,2026-05-24T14:06:27.289948+00:00,forecast_20260524T140627Z.json
buenos-aires,2,H+2,2026-05-24T01:00,2026-05-24T01:00,True,53,0,Open-Meteo hourly,,,2026-05-24T14:06:27.289948+00:00,forecast_20260524T140627Z.json
buenos-aires,3,H+3,2026-05-24T02:00,2026-05-24T02:00,True,52,0,Open-Meteo hourly,,,2026-05-24T14:06:27.289948+00:00,forecast_20260524T140627Z.json
buenos-aires,4,H+4,2026-05-24T03:00,2026-05-24T03:00,True,51,0,Open-Meteo hourly,,,2026-05-24T14:06:27.289948+00:00,forecast_20260524T140627Z.json
buenos-aires,5,H+5,2026-05-24T04:00,2026-05-24T04:00,True,51,0,Open-Meteo hourly,,,2026-05-24T14:06:27.289948+00:00,forecast_20260524T140627Z.json
buenos-aires,6,H+6,2026-05-24T05:00,2026-05-24T05:00,True,50,0,Open-Meteo hourly,,,2026-05-24T14:06:27.289948+00:00,forecast_20260524T140627Z.json
buenos-aires,7,H+7,2026-05-24T06:00,2026-05-24T06:00,True,50,0,Open-Meteo hourly,,,2026-05-24T14:06:27.289948+00:00,forecast_20260524T140627Z.json
buenos-aires,8,H+8,2026-05-24T07:00,2026-05-24T07:00,True,49,0,Open-Meteo hourly,,,2026-05-24T14:06:27.289948+00:00,forecast_20260524T140627Z.json
buenos-aires,9,H+9,2026-05-24T08:00,2026-05-24T08:00,True,50,0,Open-Meteo hourly,,,2026-05-24T14:06:27.289948+00:00,forecast_20260524T140627Z.json
buenos-aires,10,H+10,2026-05-24T09:00,2026-05-24T09:00,True,51,0,Open-Meteo hourly,,,2026-05-24T14:06:27.289948+00:00,forecast_20260524T140627Z.json
buenos-aires,11,H+11,2026-05-24T10:00,2026-05-24T10:00,True,54,2,Open-Meteo hourly,,,2026-05-24T14:06:27.289948+00:00,forecast_20260524T140627Z.json
buenos-aires,12,H+12,2026-05-24T11:00,2026-05-24T11:00,True,55,5,Open-Meteo hourly,,,2026-05-24T14:06:27.289948+00:00,forecast_20260524T140627Z.json
buenos-aires,13,H+13,2026-05-24T12:00,2026-05-24T12:00,True,57,6,Open-Meteo hourly,,,2026-05-24T14:06:27.289948+00:00,forecast_20260524T140627Z.json
buenos-aires,14,H+14,2026-05-24T13:00,2026-05-24T13:00,True,57,5,Open-Meteo hourly,,,2026-05-24T14:06:27.289948+00:00,forecast_20260524T140627Z.json
buenos-aires,15,H+15,2026-05-24T14:00,2026-05-24T14:00,True,57,2,Open-Meteo hourly,,,2026-05-24T14:06:27.289948+00:00,forecast_20260524T140627Z.json
buenos-aires,16,H+16,2026-05-24T15:00,2026-05-24T15:00,True,58,0,Open-Meteo hourly,,,2026-05-24T14:06:27.289948+00:00,forecast_20260524T140627Z.json
buenos-aires,17,H+17,2026-05-24T16:00,2026-05-24T16:00,True,57,0,Open-Meteo hourly,,,2026-05-24T14:06:27.289948+00:00,forecast_20260524T140627Z.json
buenos-aires,18,H+18,2026-05-24T17:00,2026-05-24T17:00,True,57,0,Open-Meteo hourly,,,2026-05-24T14:06:27.289948+00:00,forecast_20260524T140627Z.json
buenos-aires,19,H+19,2026-05-24T18:00,2026-05-24T18:00,True,55,0,Open-Meteo hourly,,,2026-05-24T14:06:27.289948+00:00,forecast_20260524T140627Z.json
buenos-aires,20,H+20,2026-05-24T19:00,2026-05-24T19:00,True,55,0,Open-Meteo hourly,,,2026-05-24T14:06:27.289948+00:00,forecast_20260524T140627Z.json
buenos-aires,21,H+21,2026-05-24T20:00,2026-05-24T20:00,True,54,0,Open-Meteo hourly,,,2026-05-24T14:06:27.289948+00:00,forecast_20260524T140627Z.json
buenos-aires,22,H+22,2026-05-24T21:00,2026-05-24T21:00,True,54,0,Open-Meteo hourly,,,2026-05-24T14:06:27.289948+00:00,forecast_20260524T140627Z.json
buenos-aires,23,H+23,2026-05-24T22:00,2026-05-24T22:00,True,55,0,Open-Meteo hourly,,,2026-05-24T14:06:27.289948+00:00,forecast_20260524T140627Z.json
buenos-aires,24,H+24,2026-05-24T23:00,2026-05-24T23:00,True,55,0,Open-Meteo hourly,,,2026-05-24T14:06:27.289948+00:00,forecast_20260524T140627Z.json
cairo,1,H+1,2026-05-24T00:00,2026-05-24T00:00,True,72,0,Open-Meteo hourly,,,2026-05-24T14:06:29.165023+00:00,forecast_20260524T140629Z.json
cairo,2,H+2,2026-05-24T01:00,2026-05-24T01:00,True,71,0,Open-Meteo hourly,,,2026-05-24T14:06:29.165023+00:00,forecast_20260524T140629Z.json
cairo,3,H+3,2026-05-24T02:00,2026-05-24T02:00,True,70,0,Open-Meteo hourly,,,2026-05-24T14:06:29.165023+00:00,forecast_20260524T140629Z.json
cairo,4,H+4,2026-05-24T03:00,2026-05-24T03:00,True,69,0,Open-Meteo hourly,,,2026-05-24T14:06:29.165023+00:00,forecast_20260524T140629Z.json
cairo,5,H+5,2026-05-24T04:00,2026-05-24T04:00,True,68,0,Open-Meteo hourly,,,2026-05-24T14:06:29.165023+00:00,forecast_20260524T140629Z.json
cairo,6,H+6,2026-05-24T05:00,2026-05-24T05:00,True,66,0,Open-Meteo hourly,,,2026-05-24T14:06:29.165023+00:00,forecast_20260524T140629Z.json
cairo,7,H+7,2026-05-24T06:00,2026-05-24T06:00,True,65,0,Open-Meteo hourly,,,2026-05-24T14:06:29.165023+00:00,forecast_20260524T140629Z.json
cairo,8,H+8,2026-05-24T07:00,2026-05-24T07:00,True,65,0,Open-Meteo hourly,,,2026-05-24T14:06:29.165023+00:00,forecast_20260524T140629Z.json
cairo,9,H+9,2026-05-24T08:00,2026-05-24T08:00,True,68,0,Open-Meteo hourly,,,2026-05-24T14:06:29.165023+00:00,forecast_20260524T140629Z.json
cairo,10,H+10,2026-05-24T09:00,2026-05-24T09:00,True,73,0,Open-Meteo hourly,,,2026-05-24T14:06:29.165023+00:00,forecast_20260524T140629Z.json
cairo,11,H+11,2026-05-24T10:00,2026-05-24T10:00,True,77,0,Open-Meteo hourly,,,2026-05-24T14:06:29.165023+00:00,forecast_20260524T140629Z.json
cairo,12,H+12,2026-05-24T11:00,2026-05-24T11:00,True,81,0,Open-Meteo hourly,,,2026-05-24T14:06:29.165023+00:00,forecast_20260524T140629Z.json
cairo,13,H+13,2026-05-24T12:00,2026-05-24T12:00,True,84,0,Open-Meteo hourly,,,2026-05-24T14:06:29.165023+00:00,forecast_20260524T140629Z.json
cairo,14,H+14,2026-05-24T13:00,2026-05-24T13:00,True,86,0,Open-Meteo hourly,,,2026-05-24T14:06:29.165023+00:00,forecast_20260524T140629Z.json
cairo,15,H+15,2026-05-24T14:00,2026-05-24T14:00,True,87,0,Open-Meteo hourly,,,2026-05-24T14:06:29.165023+00:00,forecast_20260524T140629Z.json
cairo,16,H+16,2026-05-24T15:00,2026-05-24T15:00,True,88,0,Open-Meteo hourly,,,2026-05-24T14:06:29.165023+00:00,forecast_20260524T140629Z.json
cairo,17,H+17,2026-05-24T16:00,2026-05-24T16:00,True,88,0,Open-Meteo hourly,,,2026-05-24T14:06:29.165023+00:00,forecast_20260524T140629Z.json
cairo,18,H+18,2026-05-24T17:00,2026-05-24T17:00,True,87,0,Open-Meteo hourly,,,2026-05-24T14:06:29.165023+00:00,forecast_20260524T140629Z.json
cairo,19,H+19,2026-05-24T18:00,2026-05-24T18:00,True,87,0,Open-Meteo hourly,,,2026-05-24T14:06:29.165023+00:00,forecast_20260524T140629Z.json
cairo,20,H+20,2026-05-24T19:00,2026-05-24T19:00,True,85,0,Open-Meteo hourly,,,2026-05-24T14:06:29.165023+00:00,forecast_20260524T140629Z.json
cairo,21,H+21,2026-05-24T20:00,2026-05-24T20:00,True,82,0,Open-Meteo hourly,,,2026-05-24T14:06:29.165023+00:00,forecast_20260524T140629Z.json
cairo,22,H+22,2026-05-24T21:00,2026-05-24T21:00,True,78,0,Open-Meteo hourly,,,2026-05-24T14:06:29.165023+00:00,forecast_20260524T140629Z.json
cairo,23,H+23,2026-05-24T22:00,2026-05-24T22:00,True,75,0,Open-Meteo hourly,,,2026-05-24T14:06:29.165023+00:00,forecast_20260524T140629Z.json
cairo,24,H+24,2026-05-24T23:00,2026-05-24T23:00,True,73,0,Open-Meteo hourly,,,2026-05-24T14:06:29.165023+00:00,forecast_20260524T140629Z.json
copenhagen,1,H+1,2026-05-24T00:00,2026-05-24T00:00,True,66,0,Open-Meteo hourly,,,2026-05-24T14:06:34.513428+00:00,forecast_20260524T140634Z.json
copenhagen,2,H+2,2026-05-24T01:00,2026-05-24T01:00,True,64,0,Open-Meteo hourly,,,2026-05-24T14:06:34.513428+00:00,forecast_20260524T140634Z.json
copenhagen,3,H+3,2026-05-24T02:00,2026-05-24T02:00,True,63,0,Open-Meteo hourly,,,2026-05-24T14:06:34.513428+00:00,forecast_20260524T140634Z.json
copenhagen,4,H+4,2026-05-24T03:00,2026-05-24T03:00,True,60,0,Open-Meteo hourly,,,2026-05-24T14:06:34.513428+00:00,forecast_20260524T140634Z.json
copenhagen,5,H+5,2026-05-24T04:00,2026-05-24T04:00,True,59,0,Open-Meteo hourly,,,2026-05-24T14:06:34.513428+00:00,forecast_20260524T140634Z.json
copenhagen,6,H+6,2026-05-24T05:00,2026-05-24T05:00,True,58,0,Open-Meteo hourly,,,2026-05-24T14:06:34.513428+00:00,forecast_20260524T140634Z.json
copenhagen,7,H+7,2026-05-24T06:00,2026-05-24T06:00,True,57,0,Open-Meteo hourly,,,2026-05-24T14:06:34.513428+00:00,forecast_20260524T140634Z.json
copenhagen,8,H+8,2026-05-24T07:00,2026-05-24T07:00,True,58,0,Open-Meteo hourly,,,2026-05-24T14:06:34.513428+00:00,forecast_20260524T140634Z.json
copenhagen,9,H+9,2026-05-24T08:00,2026-05-24T08:00,True,59,0,Open-Meteo hourly,,,2026-05-24T14:06:34.513428+00:00,forecast_20260524T140634Z.json
copenhagen,10,H+10,2026-05-24T09:00,2026-05-24T09:00,True,61,0,Open-Meteo hourly,,,2026-05-24T14:06:34.513428+00:00,forecast_20260524T140634Z.json
copenhagen,11,H+11,2026-05-24T10:00,2026-05-24T10:00,True,62,0,Open-Meteo hourly,,,2026-05-24T14:06:34.513428+00:00,forecast_20260524T140634Z.json
copenhagen,12,H+12,2026-05-24T11:00,2026-05-24T11:00,True,64,0,Open-Meteo hourly,,,2026-05-24T14:06:34.513428+00:00,forecast_20260524T140634Z.json
copenhagen,13,H+13,2026-05-24T12:00,2026-05-24T12:00,True,66,0,Open-Meteo hourly,,,2026-05-24T14:06:34.513428+00:00,forecast_20260524T140634Z.json
copenhagen,14,H+14,2026-05-24T13:00,2026-05-24T13:00,True,68,0,Open-Meteo hourly,,,2026-05-24T14:06:34.513428+00:00,forecast_20260524T140634Z.json
copenhagen,15,H+15,2026-05-24T14:00,2026-05-24T14:00,True,69,0,Open-Meteo hourly,,,2026-05-24T14:06:34.513428+00:00,forecast_20260524T140634Z.json
copenhagen,16,H+16,2026-05-24T15:00,2026-05-24T15:00,True,69,0,Open-Meteo hourly,,,2026-05-24T14:06:34.513428+00:00,forecast_20260524T140634Z.json
copenhagen,17,H+17,2026-05-24T16:00,2026-05-24T16:00,True,70,0,Open-Meteo hourly,,,2026-05-24T14:06:34.513428+00:00,forecast_20260524T140634Z.json
copenhagen,18,H+18,2026-05-24T17:00,2026-05-24T17:00,True,69,0,Open-Meteo hourly,,,2026-05-24T14:06:34.513428+00:00,forecast_20260524T140634Z.json
copenhagen,19,H+19,2026-05-24T18:00,2026-05-24T18:00,True,69,0,Open-Meteo hourly,,,2026-05-24T14:06:34.513428+00:00,forecast_20260524T140634Z.json
copenhagen,20,H+20,2026-05-24T19:00,2026-05-24T19:00,True,69,0,Open-Meteo hourly,,,2026-05-24T14:06:34.513428+00:00,forecast_20260524T140634Z.json
copenhagen,21,H+21,2026-05-24T20:00,2026-05-24T20:00,True,68,0,Open-Meteo hourly,,,2026-05-24T14:06:34.513428+00:00,forecast_20260524T140634Z.json
copenhagen,22,H+22,2026-05-24T21:00,2026-05-24T21:00,True,66,0,Open-Meteo hourly,,,2026-05-24T14:06:34.513428+00:00,forecast_20260524T140634Z.json
copenhagen,23,H+23,2026-05-24T22:00,2026-05-24T22:00,True,65,0,Open-Meteo hourly,,,2026-05-24T14:06:34.513428+00:00,forecast_20260524T140634Z.json
copenhagen,24,H+24,2026-05-24T23:00,2026-05-24T23:00,True,64,0,Open-Meteo hourly,,,2026-05-24T14:06:34.513428+00:00,forecast_20260524T140634Z.json
dallas,1,Tonight,2026-05-23T19:00:00-05:00,2026-05-24T06:00:00-05:00,False,68,7,Mostly Cloudy then Patchy Fog,0 to 5 mph,ESE,2026-05-24T00:53:40.796014+00:00,forecast_20260524T005339Z.json
dallas,2,Sunday,2026-05-24T06:00:00-05:00,2026-05-24T18:00:00-05:00,True,84,14,Patchy Fog then Partly Sunny,0 to 5 mph,ENE,2026-05-24T00:53:40.796014+00:00,forecast_20260524T005339Z.json
dallas,3,Sunday Night,2026-05-24T18:00:00-05:00,2026-05-25T06:00:00-05:00,False,68,14,Partly Cloudy,0 to 5 mph,ESE,2026-05-24T00:53:40.796014+00:00,forecast_20260524T005339Z.json
dallas,4,Memorial Day,2026-05-25T06:00:00-05:00,2026-05-25T18:00:00-05:00,True,84,24,Mostly Sunny then Slight Chance Showers And Thunderstorms,0 to 5 mph,E,2026-05-24T00:53:40.796014+00:00,forecast_20260524T005339Z.json
dallas,5,Monday Night,2026-05-25T18:00:00-05:00,2026-05-26T06:00:00-05:00,False,68,24,Slight Chance Showers And Thunderstorms then Partly Cloudy,0 to 5 mph,E,2026-05-24T00:53:40.796014+00:00,forecast_20260524T005339Z.json
dallas,6,Tuesday,2026-05-26T06:00:00-05:00,2026-05-26T18:00:00-05:00,True,86,19,Mostly Sunny then Slight Chance Showers And Thunderstorms,0 to 5 mph,SE,2026-05-24T00:53:40.796014+00:00,forecast_20260524T005339Z.json
dallas,7,Tuesday Night,2026-05-26T18:00:00-05:00,2026-05-27T06:00:00-05:00,False,70,78,Slight Chance Showers And Thunderstorms then Showers And Thunderstorms,5 mph,SSE,2026-05-24T00:53:40.796014+00:00,forecast_20260524T005339Z.json
dallas,8,Wednesday,2026-05-27T06:00:00-05:00,2026-05-27T18:00:00-05:00,True,83,78,Showers And Thunderstorms,5 mph,S,2026-05-24T00:53:40.796014+00:00,forecast_20260524T005339Z.json
dallas,9,Wednesday Night,2026-05-27T18:00:00-05:00,2026-05-28T06:00:00-05:00,False,69,77,Showers And Thunderstorms then Chance Showers And Thunderstorms,0 to 5 mph,SSE,2026-05-24T00:53:40.796014+00:00,forecast_20260524T005339Z.json
dallas,10,Thursday,2026-05-28T06:00:00-05:00,2026-05-28T18:00:00-05:00,True,85,33,Chance Showers And Thunderstorms,0 to 5 mph,S,2026-05-24T00:53:40.796014+00:00,forecast_20260524T005339Z.json
dallas,11,Thursday Night,2026-05-28T18:00:00-05:00,2026-05-29T06:00:00-05:00,False,71,33,Chance Showers And Thunderstorms,0 to 5 mph,SSE,2026-05-24T00:53:40.796014+00:00,forecast_20260524T005339Z.json
dallas,12,Friday,2026-05-29T06:00:00-05:00,2026-05-29T18:00:00-05:00,True,88,19,Slight Chance Showers And Thunderstorms then Mostly Sunny,0 to 5 mph,S,2026-05-24T00:53:40.796014+00:00,forecast_20260524T005339Z.json
dallas,13,Friday Night,2026-05-29T18:00:00-05:00,2026-05-30T06:00:00-05:00,False,72,26,Chance Showers And Thunderstorms,5 mph,SE,2026-05-24T00:53:40.796014+00:00,forecast_20260524T005339Z.json
dallas,14,Saturday,2026-05-30T06:00:00-05:00,2026-05-30T18:00:00-05:00,True,87,20,Slight Chance Showers And Thunderstorms,5 to 10 mph,SE,2026-05-24T00:53:40.796014+00:00,forecast_20260524T005339Z.json
dallas,1,Today,2026-05-24T06:00:00-05:00,2026-05-24T18:00:00-05:00,True,87,15,Mostly Sunny then Slight Chance Showers And Thunderstorms,0 to 5 mph,NE,2026-05-24T14:06:37.929061+00:00,forecast_20260524T140636Z.json
dallas,2,Tonight,2026-05-24T18:00:00-05:00,2026-05-25T06:00:00-05:00,False,69,15,Slight Chance Showers And Thunderstorms then Partly Cloudy,0 to 5 mph,NE,2026-05-24T14:06:37.929061+00:00,forecast_20260524T140636Z.json
dallas,3,Memorial Day,2026-05-25T06:00:00-05:00,2026-05-25T18:00:00-05:00,True,88,10,Sunny,0 to 5 mph,ENE,2026-05-24T14:06:37.929061+00:00,forecast_20260524T140636Z.json
dallas,4,Monday Night,2026-05-25T18:00:00-05:00,2026-05-26T06:00:00-05:00,False,69,10,Mostly Clear,0 to 5 mph,ESE,2026-05-24T14:06:37.929061+00:00,forecast_20260524T140636Z.json
dallas,5,Tuesday,2026-05-26T06:00:00-05:00,2026-05-26T18:00:00-05:00,True,89,4,Mostly Sunny,0 to 5 mph,SSE,2026-05-24T14:06:37.929061+00:00,forecast_20260524T140636Z.json
dallas,6,Tuesday Night,2026-05-26T18:00:00-05:00,2026-05-27T06:00:00-05:00,False,71,67,Showers And Thunderstorms Likely,5 mph,SSE,2026-05-24T14:06:37.929061+00:00,forecast_20260524T140636Z.json
dallas,7,Wednesday,2026-05-27T06:00:00-05:00,2026-05-27T18:00:00-05:00,True,83,88,Showers And Thunderstorms,5 mph,SSE,2026-05-24T14:06:37.929061+00:00,forecast_20260524T140636Z.json
dallas,8,Wednesday Night,2026-05-27T18:00:00-05:00,2026-05-28T06:00:00-05:00,False,69,75,Showers And Thunderstorms then Chance Showers And Thunderstorms,0 to 5 mph,SSE,2026-05-24T14:06:37.929061+00:00,forecast_20260524T140636Z.json
dallas,9,Thursday,2026-05-28T06:00:00-05:00,2026-05-28T18:00:00-05:00,True,87,28,Chance Showers And Thunderstorms,0 to 5 mph,SSE,2026-05-24T14:06:37.929061+00:00,forecast_20260524T140636Z.json
dallas,10,Thursday Night,2026-05-28T18:00:00-05:00,2026-05-29T06:00:00-05:00,False,71,33,Chance Showers And Thunderstorms,0 to 5 mph,ESE,2026-05-24T14:06:37.929061+00:00,forecast_20260524T140636Z.json
dallas,11,Friday,2026-05-29T06:00:00-05:00,2026-05-29T18:00:00-05:00,True,90,15,Slight Chance Showers And Thunderstorms,0 to 5 mph,SW,2026-05-24T14:06:37.929061+00:00,forecast_20260524T140636Z.json
dallas,12,Friday Night,2026-05-29T18:00:00-05:00,2026-05-30T06:00:00-05:00,False,72,22,Slight Chance Showers And Thunderstorms,5 mph,SSE,2026-05-24T14:06:37.929061+00:00,forecast_20260524T140636Z.json
dallas,13,Saturday,2026-05-30T06:00:00-05:00,2026-05-30T18:00:00-05:00,True,89,22,Slight Chance Showers And Thunderstorms,5 to 10 mph,SE,2026-05-24T14:06:37.929061+00:00,forecast_20260524T140636Z.json
dallas,14,Saturday Night,2026-05-30T18:00:00-05:00,2026-05-31T06:00:00-05:00,False,71,22,Slight Chance Showers And Thunderstorms,5 to 10 mph,SE,2026-05-24T14:06:37.929061+00:00,forecast_20260524T140636Z.json
delhi,1,H+1,2026-05-24T00:00,2026-05-24T00:00,True,91,0,Open-Meteo hourly,,,2026-05-24T14:06:39.172104+00:00,forecast_20260524T140639Z.json
delhi,2,H+2,2026-05-24T01:00,2026-05-24T01:00,True,89,0,Open-Meteo hourly,,,2026-05-24T14:06:39.172104+00:00,forecast_20260524T140639Z.json
delhi,3,H+3,2026-05-24T02:00,2026-05-24T02:00,True,86,0,Open-Meteo hourly,,,2026-05-24T14:06:39.172104+00:00,forecast_20260524T140639Z.json
delhi,4,H+4,2026-05-24T03:00,2026-05-24T03:00,True,85,0,Open-Meteo hourly,,,2026-05-24T14:06:39.172104+00:00,forecast_20260524T140639Z.json
delhi,5,H+5,2026-05-24T04:00,2026-05-24T04:00,True,84,0,Open-Meteo hourly,,,2026-05-24T14:06:39.172104+00:00,forecast_20260524T140639Z.json
delhi,6,H+6,2026-05-24T05:00,2026-05-24T05:00,True,84,0,Open-Meteo hourly,,,2026-05-24T14:06:39.172104+00:00,forecast_20260524T140639Z.json
delhi,7,H+7,2026-05-24T06:00,2026-05-24T06:00,True,84,0,Open-Meteo hourly,,,2026-05-24T14:06:39.172104+00:00,forecast_20260524T140639Z.json
delhi,8,H+8,2026-05-24T07:00,2026-05-24T07:00,True,88,0,Open-Meteo hourly,,,2026-05-24T14:06:39.172104+00:00,forecast_20260524T140639Z.json
delhi,9,H+9,2026-05-24T08:00,2026-05-24T08:00,True,92,0,Open-Meteo hourly,,,2026-05-24T14:06:39.172104+00:00,forecast_20260524T140639Z.json
delhi,10,H+10,2026-05-24T09:00,2026-05-24T09:00,True,98,0,Open-Meteo hourly,,,2026-05-24T14:06:39.172104+00:00,forecast_20260524T140639Z.json
delhi,11,H+11,2026-05-24T10:00,2026-05-24T10:00,True,102,0,Open-Meteo hourly,,,2026-05-24T14:06:39.172104+00:00,forecast_20260524T140639Z.json
delhi,12,H+12,2026-05-24T11:00,2026-05-24T11:00,True,106,0,Open-Meteo hourly,,,2026-05-24T14:06:39.172104+00:00,forecast_20260524T140639Z.json
delhi,13,H+13,2026-05-24T12:00,2026-05-24T12:00,True,107,0,Open-Meteo hourly,,,2026-05-24T14:06:39.172104+00:00,forecast_20260524T140639Z.json
delhi,14,H+14,2026-05-24T13:00,2026-05-24T13:00,True,107,0,Open-Meteo hourly,,,2026-05-24T14:06:39.172104+00:00,forecast_20260524T140639Z.json
delhi,15,H+15,2026-05-24T14:00,2026-05-24T14:00,True,107,0,Open-Meteo hourly,,,2026-05-24T14:06:39.172104+00:00,forecast_20260524T140639Z.json
delhi,16,H+16,2026-05-24T15:00,2026-05-24T15:00,True,107,0,Open-Meteo hourly,,,2026-05-24T14:06:39.172104+00:00,forecast_20260524T140639Z.json
delhi,17,H+17,2026-05-24T16:00,2026-05-24T16:00,True,107,0,Open-Meteo hourly,,,2026-05-24T14:06:39.172104+00:00,forecast_20260524T140639Z.json
delhi,18,H+18,2026-05-24T17:00,2026-05-24T17:00,True,106,0,Open-Meteo hourly,,,2026-05-24T14:06:39.172104+00:00,forecast_20260524T140639Z.json
delhi,19,H+19,2026-05-24T18:00,2026-05-24T18:00,True,104,0,Open-Meteo hourly,,,2026-05-24T14:06:39.172104+00:00,forecast_20260524T140639Z.json
delhi,20,H+20,2026-05-24T19:00,2026-05-24T19:00,True,101,0,Open-Meteo hourly,,,2026-05-24T14:06:39.172104+00:00,forecast_20260524T140639Z.json
delhi,21,H+21,2026-05-24T20:00,2026-05-24T20:00,True,100,0,Open-Meteo hourly,,,2026-05-24T14:06:39.172104+00:00,forecast_20260524T140639Z.json
delhi,22,H+22,2026-05-24T21:00,2026-05-24T21:00,True,98,0,Open-Meteo hourly,,,2026-05-24T14:06:39.172104+00:00,forecast_20260524T140639Z.json
delhi,23,H+23,2026-05-24T22:00,2026-05-24T22:00,True,95,0,Open-Meteo hourly,,,2026-05-24T14:06:39.172104+00:00,forecast_20260524T140639Z.json
delhi,24,H+24,2026-05-24T23:00,2026-05-24T23:00,True,94,0,Open-Meteo hourly,,,2026-05-24T14:06:39.172104+00:00,forecast_20260524T140639Z.json
denver,1,Tonight,2026-05-23T18:00:00-06:00,2026-05-24T06:00:00-06:00,False,51,3,Partly Cloudy,6 mph,S,2026-05-24T00:53:45.125774+00:00,forecast_20260524T005344Z.json
denver,2,Sunday,2026-05-24T06:00:00-06:00,2026-05-24T18:00:00-06:00,True,82,13,Mostly Sunny,3 to 9 mph,SSW,2026-05-24T00:53:45.125774+00:00,forecast_20260524T005344Z.json
denver,3,Sunday Night,2026-05-24T18:00:00-06:00,2026-05-25T06:00:00-06:00,False,53,13,Partly Cloudy,3 to 8 mph,SW,2026-05-24T00:53:45.125774+00:00,forecast_20260524T005344Z.json
denver,4,Memorial Day,2026-05-25T06:00:00-06:00,2026-05-25T18:00:00-06:00,True,84,16,Mostly Sunny then Slight Chance Showers And Thunderstorms,1 to 8 mph,SSE,2026-05-24T00:53:45.125774+00:00,forecast_20260524T005344Z.json
denver,5,Monday Night,2026-05-25T18:00:00-06:00,2026-05-26T06:00:00-06:00,False,54,23,Slight Chance Showers And Thunderstorms then Partly Cloudy,2 to 8 mph,SSW,2026-05-24T00:53:45.125774+00:00,forecast_20260524T005344Z.json
denver,6,Tuesday,2026-05-26T06:00:00-06:00,2026-05-26T18:00:00-06:00,True,81,35,Partly Sunny then Chance Showers And Thunderstorms,0 to 20 mph,S,2026-05-24T00:53:45.125774+00:00,forecast_20260524T005344Z.json
denver,7,Tuesday Night,2026-05-26T18:00:00-06:00,2026-05-27T06:00:00-06:00,False,54,37,Chance Showers And Thunderstorms then Mostly Cloudy,2 to 18 mph,SSW,2026-05-24T00:53:45.125774+00:00,forecast_20260524T005344Z.json
denver,8,Wednesday,2026-05-27T06:00:00-06:00,2026-05-27T18:00:00-06:00,True,74,74,Mostly Cloudy then Showers And Thunderstorms Likely,2 to 7 mph,NNE,2026-05-24T00:53:45.125774+00:00,forecast_20260524T005344Z.json
denver,9,Wednesday Night,2026-05-27T18:00:00-06:00,2026-05-28T06:00:00-06:00,False,53,51,Chance Showers And Thunderstorms,1 to 6 mph,WSW,2026-05-24T00:53:45.125774+00:00,forecast_20260524T005344Z.json
denver,10,Thursday,2026-05-28T06:00:00-06:00,2026-05-28T18:00:00-06:00,True,78,21,Mostly Sunny then Slight Chance Showers And Thunderstorms,1 to 8 mph,NE,2026-05-24T00:53:45.125774+00:00,forecast_20260524T005344Z.json
denver,11,Thursday Night,2026-05-28T18:00:00-06:00,2026-05-29T06:00:00-06:00,False,54,23,Slight Chance Showers And Thunderstorms,2 to 8 mph,S,2026-05-24T00:53:45.125774+00:00,forecast_20260524T005344Z.json
denver,12,Friday,2026-05-29T06:00:00-06:00,2026-05-29T18:00:00-06:00,True,80,38,Mostly Sunny then Chance Showers And Thunderstorms,2 to 10 mph,NE,2026-05-24T00:53:45.125774+00:00,forecast_20260524T005344Z.json
denver,13,Friday Night,2026-05-29T18:00:00-06:00,2026-05-30T06:00:00-06:00,False,52,50,Chance Showers And Thunderstorms,3 to 10 mph,WSW,2026-05-24T00:53:45.125774+00:00,forecast_20260524T005344Z.json
denver,14,Saturday,2026-05-30T06:00:00-06:00,2026-05-30T18:00:00-06:00,True,78,44,Slight Chance Rain Showers then Chance Showers And Thunderstorms,3 to 8 mph,SE,2026-05-24T00:53:45.125774+00:00,forecast_20260524T005344Z.json
denver,1,Today,2026-05-24T06:00:00-06:00,2026-05-24T18:00:00-06:00,True,84,13,Mostly Sunny,3 to 9 mph,S,2026-05-24T14:06:41.910438+00:00,forecast_20260524T140641Z.json
denver,2,Tonight,2026-05-24T18:00:00-06:00,2026-05-25T06:00:00-06:00,False,53,11,Mostly Cloudy,5 to 10 mph,SW,2026-05-24T14:06:41.910438+00:00,forecast_20260524T140641Z.json
denver,3,Memorial Day,2026-05-25T06:00:00-06:00,2026-05-25T18:00:00-06:00,True,85,19,Mostly Sunny then Slight Chance Showers And Thunderstorms,1 to 8 mph,SE,2026-05-24T14:06:41.910438+00:00,forecast_20260524T140641Z.json
denver,4,Monday Night,2026-05-25T18:00:00-06:00,2026-05-26T06:00:00-06:00,False,54,24,Slight Chance Showers And Thunderstorms then Mostly Cloudy,2 to 8 mph,SW,2026-05-24T14:06:41.910438+00:00,forecast_20260524T140641Z.json
denver,5,Tuesday,2026-05-26T06:00:00-06:00,2026-05-26T18:00:00-06:00,True,82,28,Partly Sunny then Chance Showers And Thunderstorms,0 to 18 mph,S,2026-05-24T14:06:41.910438+00:00,forecast_20260524T140641Z.json
denver,6,Tuesday Night,2026-05-26T18:00:00-06:00,2026-05-27T06:00:00-06:00,False,54,30,Chance Showers And Thunderstorms then Mostly Cloudy,2 to 17 mph,S,2026-05-24T14:06:41.910438+00:00,forecast_20260524T140641Z.json
denver,7,Wednesday,2026-05-27T06:00:00-06:00,2026-05-27T18:00:00-06:00,True,78,73,Mostly Cloudy then Showers And Thunderstorms Likely,2 to 8 mph,ENE,2026-05-24T14:06:41.910438+00:00,forecast_20260524T140641Z.json
denver,8,Wednesday Night,2026-05-27T18:00:00-06:00,2026-05-28T06:00:00-06:00,False,53,64,Showers And Thunderstorms Likely,1 to 8 mph,SE,2026-05-24T14:06:41.910438+00:00,forecast_20260524T140641Z.json
denver,9,Thursday,2026-05-28T06:00:00-06:00,2026-05-28T18:00:00-06:00,True,78,31,Mostly Sunny then Chance Showers And Thunderstorms,1 to 8 mph,ENE,2026-05-24T14:06:41.910438+00:00,forecast_20260524T140641Z.json
denver,10,Thursday Night,2026-05-28T18:00:00-06:00,2026-05-29T06:00:00-06:00,False,55,31,Chance Showers And Thunderstorms then Partly Cloudy,2 to 8 mph,S,2026-05-24T14:06:41.910438+00:00,forecast_20260524T140641Z.json
denver,11,Friday,2026-05-29T06:00:00-06:00,2026-05-29T18:00:00-06:00,True,81,41,Mostly Sunny then Chance Showers And Thunderstorms,2 to 10 mph,NE,2026-05-24T14:06:41.910438+00:00,forecast_20260524T140641Z.json
denver,12,Friday Night,2026-05-29T18:00:00-06:00,2026-05-30T06:00:00-06:00,False,53,47,Chance Showers And Thunderstorms,2 to 10 mph,SSW,2026-05-24T14:06:41.910438+00:00,forecast_20260524T140641Z.json
denver,13,Saturday,2026-05-30T06:00:00-06:00,2026-05-30T18:00:00-06:00,True,78,39,Partly Sunny then Chance Showers And Thunderstorms,2 to 7 mph,SE,2026-05-24T14:06:41.910438+00:00,forecast_20260524T140641Z.json
denver,14,Saturday Night,2026-05-30T18:00:00-06:00,2026-05-31T06:00:00-06:00,False,53,38,Chance Showers And Thunderstorms,2 to 7 mph,SSE,2026-05-24T14:06:41.910438+00:00,forecast_20260524T140641Z.json
doha,1,H+1,2026-05-24T00:00,2026-05-24T00:00,True,85,0,Open-Meteo hourly,,,2026-05-24T14:06:44.271991+00:00,forecast_20260524T140644Z.json
doha,2,H+2,2026-05-24T01:00,2026-05-24T01:00,True,85,0,Open-Meteo hourly,,,2026-05-24T14:06:44.271991+00:00,forecast_20260524T140644Z.json
doha,3,H+3,2026-05-24T02:00,2026-05-24T02:00,True,85,0,Open-Meteo hourly,,,2026-05-24T14:06:44.271991+00:00,forecast_20260524T140644Z.json
doha,4,H+4,2026-05-24T03:00,2026-05-24T03:00,True,85,0,Open-Meteo hourly,,,2026-05-24T14:06:44.271991+00:00,forecast_20260524T140644Z.json
doha,5,H+5,2026-05-24T04:00,2026-05-24T04:00,True,85,0,Open-Meteo hourly,,,2026-05-24T14:06:44.271991+00:00,forecast_20260524T140644Z.json
doha,6,H+6,2026-05-24T05:00,2026-05-24T05:00,True,85,0,Open-Meteo hourly,,,2026-05-24T14:06:44.271991+00:00,forecast_20260524T140644Z.json
doha,7,H+7,2026-05-24T06:00,2026-05-24T06:00,True,87,0,Open-Meteo hourly,,,2026-05-24T14:06:44.271991+00:00,forecast_20260524T140644Z.json
doha,8,H+8,2026-05-24T07:00,2026-05-24T07:00,True,90,0,Open-Meteo hourly,,,2026-05-24T14:06:44.271991+00:00,forecast_20260524T140644Z.json
doha,9,H+9,2026-05-24T08:00,2026-05-24T08:00,True,95,0,Open-Meteo hourly,,,2026-05-24T14:06:44.271991+00:00,forecast_20260524T140644Z.json
doha,10,H+10,2026-05-24T09:00,2026-05-24T09:00,True,100,0,Open-Meteo hourly,,,2026-05-24T14:06:44.271991+00:00,forecast_20260524T140644Z.json
doha,11,H+11,2026-05-24T10:00,2026-05-24T10:00,True,105,0,Open-Meteo hourly,,,2026-05-24T14:06:44.271991+00:00,forecast_20260524T140644Z.json
doha,12,H+12,2026-05-24T11:00,2026-05-24T11:00,True,107,0,Open-Meteo hourly,,,2026-05-24T14:06:44.271991+00:00,forecast_20260524T140644Z.json
doha,13,H+13,2026-05-24T12:00,2026-05-24T12:00,True,107,0,Open-Meteo hourly,,,2026-05-24T14:06:44.271991+00:00,forecast_20260524T140644Z.json
doha,14,H+14,2026-05-24T13:00,2026-05-24T13:00,True,102,0,Open-Meteo hourly,,,2026-05-24T14:06:44.271991+00:00,forecast_20260524T140644Z.json
doha,15,H+15,2026-05-24T14:00,2026-05-24T14:00,True,98,0,Open-Meteo hourly,,,2026-05-24T14:06:44.271991+00:00,forecast_20260524T140644Z.json
doha,16,H+16,2026-05-24T15:00,2026-05-24T15:00,True,93,0,Open-Meteo hourly,,,2026-05-24T14:06:44.271991+00:00,forecast_20260524T140644Z.json
doha,17,H+17,2026-05-24T16:00,2026-05-24T16:00,True,91,0,Open-Meteo hourly,,,2026-05-24T14:06:44.271991+00:00,forecast_20260524T140644Z.json
doha,18,H+18,2026-05-24T17:00,2026-05-24T17:00,True,90,0,Open-Meteo hourly,,,2026-05-24T14:06:44.271991+00:00,forecast_20260524T140644Z.json
doha,19,H+19,2026-05-24T18:00,2026-05-24T18:00,True,88,0,Open-Meteo hourly,,,2026-05-24T14:06:44.271991+00:00,forecast_20260524T140644Z.json
doha,20,H+20,2026-05-24T19:00,2026-05-24T19:00,True,86,0,Open-Meteo hourly,,,2026-05-24T14:06:44.271991+00:00,forecast_20260524T140644Z.json
doha,21,H+21,2026-05-24T20:00,2026-05-24T20:00,True,86,0,Open-Meteo hourly,,,2026-05-24T14:06:44.271991+00:00,forecast_20260524T140644Z.json
doha,22,H+22,2026-05-24T21:00,2026-05-24T21:00,True,85,0,Open-Meteo hourly,,,2026-05-24T14:06:44.271991+00:00,forecast_20260524T140644Z.json
doha,23,H+23,2026-05-24T22:00,2026-05-24T22:00,True,85,0,Open-Meteo hourly,,,2026-05-24T14:06:44.271991+00:00,forecast_20260524T140644Z.json
doha,24,H+24,2026-05-24T23:00,2026-05-24T23:00,True,85,0,Open-Meteo hourly,,,2026-05-24T14:06:44.271991+00:00,forecast_20260524T140644Z.json
dubai,1,H+1,2026-05-24T00:00,2026-05-24T00:00,True,81,0,Open-Meteo hourly,,,2026-05-24T14:06:46.484679+00:00,forecast_20260524T140646Z.json
dubai,2,H+2,2026-05-24T01:00,2026-05-24T01:00,True,80,0,Open-Meteo hourly,,,2026-05-24T14:06:46.484679+00:00,forecast_20260524T140646Z.json
dubai,3,H+3,2026-05-24T02:00,2026-05-24T02:00,True,79,0,Open-Meteo hourly,,,2026-05-24T14:06:46.484679+00:00,forecast_20260524T140646Z.json
dubai,4,H+4,2026-05-24T03:00,2026-05-24T03:00,True,78,0,Open-Meteo hourly,,,2026-05-24T14:06:46.484679+00:00,forecast_20260524T140646Z.json
dubai,5,H+5,2026-05-24T04:00,2026-05-24T04:00,True,78,0,Open-Meteo hourly,,,2026-05-24T14:06:46.484679+00:00,forecast_20260524T140646Z.json
dubai,6,H+6,2026-05-24T05:00,2026-05-24T05:00,True,78,0,Open-Meteo hourly,,,2026-05-24T14:06:46.484679+00:00,forecast_20260524T140646Z.json
dubai,7,H+7,2026-05-24T06:00,2026-05-24T06:00,True,77,0,Open-Meteo hourly,,,2026-05-24T14:06:46.484679+00:00,forecast_20260524T140646Z.json
dubai,8,H+8,2026-05-24T07:00,2026-05-24T07:00,True,79,0,Open-Meteo hourly,,,2026-05-24T14:06:46.484679+00:00,forecast_20260524T140646Z.json
dubai,9,H+9,2026-05-24T08:00,2026-05-24T08:00,True,84,0,Open-Meteo hourly,,,2026-05-24T14:06:46.484679+00:00,forecast_20260524T140646Z.json
dubai,10,H+10,2026-05-24T09:00,2026-05-24T09:00,True,88,0,Open-Meteo hourly,,,2026-05-24T14:06:46.484679+00:00,forecast_20260524T140646Z.json
dubai,11,H+11,2026-05-24T10:00,2026-05-24T10:00,True,92,0,Open-Meteo hourly,,,2026-05-24T14:06:46.484679+00:00,forecast_20260524T140646Z.json
dubai,12,H+12,2026-05-24T11:00,2026-05-24T11:00,True,95,0,Open-Meteo hourly,,,2026-05-24T14:06:46.484679+00:00,forecast_20260524T140646Z.json
dubai,13,H+13,2026-05-24T12:00,2026-05-24T12:00,True,98,0,Open-Meteo hourly,,,2026-05-24T14:06:46.484679+00:00,forecast_20260524T140646Z.json
dubai,14,H+14,2026-05-24T13:00,2026-05-24T13:00,True,96,0,Open-Meteo hourly,,,2026-05-24T14:06:46.484679+00:00,forecast_20260524T140646Z.json
dubai,15,H+15,2026-05-24T14:00,2026-05-24T14:00,True,94,0,Open-Meteo hourly,,,2026-05-24T14:06:46.484679+00:00,forecast_20260524T140646Z.json
dubai,16,H+16,2026-05-24T15:00,2026-05-24T15:00,True,93,0,Open-Meteo hourly,,,2026-05-24T14:06:46.484679+00:00,forecast_20260524T140646Z.json
dubai,17,H+17,2026-05-24T16:00,2026-05-24T16:00,True,92,0,Open-Meteo hourly,,,2026-05-24T14:06:46.484679+00:00,forecast_20260524T140646Z.json
dubai,18,H+18,2026-05-24T17:00,2026-05-24T17:00,True,90,0,Open-Meteo hourly,,,2026-05-24T14:06:46.484679+00:00,forecast_20260524T140646Z.json
dubai,19,H+19,2026-05-24T18:00,2026-05-24T18:00,True,87,0,Open-Meteo hourly,,,2026-05-24T14:06:46.484679+00:00,forecast_20260524T140646Z.json
dubai,20,H+20,2026-05-24T19:00,2026-05-24T19:00,True,86,0,Open-Meteo hourly,,,2026-05-24T14:06:46.484679+00:00,forecast_20260524T140646Z.json
dubai,21,H+21,2026-05-24T20:00,2026-05-24T20:00,True,85,0,Open-Meteo hourly,,,2026-05-24T14:06:46.484679+00:00,forecast_20260524T140646Z.json
dubai,22,H+22,2026-05-24T21:00,2026-05-24T21:00,True,84,0,Open-Meteo hourly,,,2026-05-24T14:06:46.484679+00:00,forecast_20260524T140646Z.json
dubai,23,H+23,2026-05-24T22:00,2026-05-24T22:00,True,83,0,Open-Meteo hourly,,,2026-05-24T14:06:46.484679+00:00,forecast_20260524T140646Z.json
dubai,24,H+24,2026-05-24T23:00,2026-05-24T23:00,True,82,0,Open-Meteo hourly,,,2026-05-24T14:06:46.484679+00:00,forecast_20260524T140646Z.json
dublin,1,H+1,2026-05-24T00:00,2026-05-24T00:00,True,62,8,Open-Meteo hourly,,,2026-05-24T14:06:48.253347+00:00,forecast_20260524T140648Z.json
dublin,2,H+2,2026-05-24T01:00,2026-05-24T01:00,True,61,0,Open-Meteo hourly,,,2026-05-24T14:06:48.253347+00:00,forecast_20260524T140648Z.json
dublin,3,H+3,2026-05-24T02:00,2026-05-24T02:00,True,60,0,Open-Meteo hourly,,,2026-05-24T14:06:48.253347+00:00,forecast_20260524T140648Z.json
dublin,4,H+4,2026-05-24T03:00,2026-05-24T03:00,True,60,0,Open-Meteo hourly,,,2026-05-24T14:06:48.253347+00:00,forecast_20260524T140648Z.json
dublin,5,H+5,2026-05-24T04:00,2026-05-24T04:00,True,59,0,Open-Meteo hourly,,,2026-05-24T14:06:48.253347+00:00,forecast_20260524T140648Z.json
dublin,6,H+6,2026-05-24T05:00,2026-05-24T05:00,True,58,0,Open-Meteo hourly,,,2026-05-24T14:06:48.253347+00:00,forecast_20260524T140648Z.json
dublin,7,H+7,2026-05-24T06:00,2026-05-24T06:00,True,57,0,Open-Meteo hourly,,,2026-05-24T14:06:48.253347+00:00,forecast_20260524T140648Z.json
dublin,8,H+8,2026-05-24T07:00,2026-05-24T07:00,True,59,0,Open-Meteo hourly,,,2026-05-24T14:06:48.253347+00:00,forecast_20260524T140648Z.json
dublin,9,H+9,2026-05-24T08:00,2026-05-24T08:00,True,60,0,Open-Meteo hourly,,,2026-05-24T14:06:48.253347+00:00,forecast_20260524T140648Z.json
dublin,10,H+10,2026-05-24T09:00,2026-05-24T09:00,True,62,0,Open-Meteo hourly,,,2026-05-24T14:06:48.253347+00:00,forecast_20260524T140648Z.json
dublin,11,H+11,2026-05-24T10:00,2026-05-24T10:00,True,65,0,Open-Meteo hourly,,,2026-05-24T14:06:48.253347+00:00,forecast_20260524T140648Z.json
dublin,12,H+12,2026-05-24T11:00,2026-05-24T11:00,True,66,0,Open-Meteo hourly,,,2026-05-24T14:06:48.253347+00:00,forecast_20260524T140648Z.json
dublin,13,H+13,2026-05-24T12:00,2026-05-24T12:00,True,68,0,Open-Meteo hourly,,,2026-05-24T14:06:48.253347+00:00,forecast_20260524T140648Z.json
dublin,14,H+14,2026-05-24T13:00,2026-05-24T13:00,True,68,0,Open-Meteo hourly,,,2026-05-24T14:06:48.253347+00:00,forecast_20260524T140648Z.json
dublin,15,H+15,2026-05-24T14:00,2026-05-24T14:00,True,70,0,Open-Meteo hourly,,,2026-05-24T14:06:48.253347+00:00,forecast_20260524T140648Z.json
dublin,16,H+16,2026-05-24T15:00,2026-05-24T15:00,True,73,0,Open-Meteo hourly,,,2026-05-24T14:06:48.253347+00:00,forecast_20260524T140648Z.json
dublin,17,H+17,2026-05-24T16:00,2026-05-24T16:00,True,73,0,Open-Meteo hourly,,,2026-05-24T14:06:48.253347+00:00,forecast_20260524T140648Z.json
dublin,18,H+18,2026-05-24T17:00,2026-05-24T17:00,True,76,0,Open-Meteo hourly,,,2026-05-24T14:06:48.253347+00:00,forecast_20260524T140648Z.json
dublin,19,H+19,2026-05-24T18:00,2026-05-24T18:00,True,77,0,Open-Meteo hourly,,,2026-05-24T14:06:48.253347+00:00,forecast_20260524T140648Z.json
dublin,20,H+20,2026-05-24T19:00,2026-05-24T19:00,True,76,0,Open-Meteo hourly,,,2026-05-24T14:06:48.253347+00:00,forecast_20260524T140648Z.json
dublin,21,H+21,2026-05-24T20:00,2026-05-24T20:00,True,75,0,Open-Meteo hourly,,,2026-05-24T14:06:48.253347+00:00,forecast_20260524T140648Z.json
dublin,22,H+22,2026-05-24T21:00,2026-05-24T21:00,True,73,0,Open-Meteo hourly,,,2026-05-24T14:06:48.253347+00:00,forecast_20260524T140648Z.json
dublin,23,H+23,2026-05-24T22:00,2026-05-24T22:00,True,71,0,Open-Meteo hourly,,,2026-05-24T14:06:48.253347+00:00,forecast_20260524T140648Z.json
dublin,24,H+24,2026-05-24T23:00,2026-05-24T23:00,True,69,0,Open-Meteo hourly,,,2026-05-24T14:06:48.253347+00:00,forecast_20260524T140648Z.json
helsinki,1,H+1,2026-05-24T00:00,2026-05-24T00:00,True,54,0,Open-Meteo hourly,,,2026-05-24T14:06:50.345067+00:00,forecast_20260524T140650Z.json
helsinki,2,H+2,2026-05-24T01:00,2026-05-24T01:00,True,54,19,Open-Meteo hourly,,,2026-05-24T14:06:50.345067+00:00,forecast_20260524T140650Z.json
helsinki,3,H+3,2026-05-24T02:00,2026-05-24T02:00,True,55,45,Open-Meteo hourly,,,2026-05-24T14:06:50.345067+00:00,forecast_20260524T140650Z.json
helsinki,4,H+4,2026-05-24T03:00,2026-05-24T03:00,True,54,59,Open-Meteo hourly,,,2026-05-24T14:06:50.345067+00:00,forecast_20260524T140650Z.json
helsinki,5,H+5,2026-05-24T04:00,2026-05-24T04:00,True,53,51,Open-Meteo hourly,,,2026-05-24T14:06:50.345067+00:00,forecast_20260524T140650Z.json
helsinki,6,H+6,2026-05-24T05:00,2026-05-24T05:00,True,52,32,Open-Meteo hourly,,,2026-05-24T14:06:50.345067+00:00,forecast_20260524T140650Z.json
helsinki,7,H+7,2026-05-24T06:00,2026-05-24T06:00,True,52,16,Open-Meteo hourly,,,2026-05-24T14:06:50.345067+00:00,forecast_20260524T140650Z.json
helsinki,8,H+8,2026-05-24T07:00,2026-05-24T07:00,True,53,8,Open-Meteo hourly,,,2026-05-24T14:06:50.345067+00:00,forecast_20260524T140650Z.json
helsinki,9,H+9,2026-05-24T08:00,2026-05-24T08:00,True,58,3,Open-Meteo hourly,,,2026-05-24T14:06:50.345067+00:00,forecast_20260524T140650Z.json
helsinki,10,H+10,2026-05-24T09:00,2026-05-24T09:00,True,59,0,Open-Meteo hourly,,,2026-05-24T14:06:50.345067+00:00,forecast_20260524T140650Z.json
helsinki,11,H+11,2026-05-24T10:00,2026-05-24T10:00,True,61,0,Open-Meteo hourly,,,2026-05-24T14:06:50.345067+00:00,forecast_20260524T140650Z.json
helsinki,12,H+12,2026-05-24T11:00,2026-05-24T11:00,True,63,0,Open-Meteo hourly,,,2026-05-24T14:06:50.345067+00:00,forecast_20260524T140650Z.json
helsinki,13,H+13,2026-05-24T12:00,2026-05-24T12:00,True,65,0,Open-Meteo hourly,,,2026-05-24T14:06:50.345067+00:00,forecast_20260524T140650Z.json
helsinki,14,H+14,2026-05-24T13:00,2026-05-24T13:00,True,65,0,Open-Meteo hourly,,,2026-05-24T14:06:50.345067+00:00,forecast_20260524T140650Z.json
helsinki,15,H+15,2026-05-24T14:00,2026-05-24T14:00,True,66,0,Open-Meteo hourly,,,2026-05-24T14:06:50.345067+00:00,forecast_20260524T140650Z.json
helsinki,16,H+16,2026-05-24T15:00,2026-05-24T15:00,True,66,0,Open-Meteo hourly,,,2026-05-24T14:06:50.345067+00:00,forecast_20260524T140650Z.json
helsinki,17,H+17,2026-05-24T16:00,2026-05-24T16:00,True,68,0,Open-Meteo hourly,,,2026-05-24T14:06:50.345067+00:00,forecast_20260524T140650Z.json
helsinki,18,H+18,2026-05-24T17:00,2026-05-24T17:00,True,68,0,Open-Meteo hourly,,,2026-05-24T14:06:50.345067+00:00,forecast_20260524T140650Z.json
helsinki,19,H+19,2026-05-24T18:00,2026-05-24T18:00,True,68,0,Open-Meteo hourly,,,2026-05-24T14:06:50.345067+00:00,forecast_20260524T140650Z.json
helsinki,20,H+20,2026-05-24T19:00,2026-05-24T19:00,True,68,0,Open-Meteo hourly,,,2026-05-24T14:06:50.345067+00:00,forecast_20260524T140650Z.json
helsinki,21,H+21,2026-05-24T20:00,2026-05-24T20:00,True,67,0,Open-Meteo hourly,,,2026-05-24T14:06:50.345067+00:00,forecast_20260524T140650Z.json
helsinki,22,H+22,2026-05-24T21:00,2026-05-24T21:00,True,65,0,Open-Meteo hourly,,,2026-05-24T14:06:50.345067+00:00,forecast_20260524T140650Z.json
helsinki,23,H+23,2026-05-24T22:00,2026-05-24T22:00,True,64,0,Open-Meteo hourly,,,2026-05-24T14:06:50.345067+00:00,forecast_20260524T140650Z.json
helsinki,24,H+24,2026-05-24T23:00,2026-05-24T23:00,True,63,0,Open-Meteo hourly,,,2026-05-24T14:06:50.345067+00:00,forecast_20260524T140650Z.json
hong-kong,1,H+1,2026-05-24T00:00,2026-05-24T00:00,True,80,0,Open-Meteo hourly,,,2026-05-24T14:06:53.427501+00:00,forecast_20260524T140653Z.json
hong-kong,2,H+2,2026-05-24T01:00,2026-05-24T01:00,True,80,0,Open-Meteo hourly,,,2026-05-24T14:06:53.427501+00:00,forecast_20260524T140653Z.json
hong-kong,3,H+3,2026-05-24T02:00,2026-05-24T02:00,True,80,0,Open-Meteo hourly,,,2026-05-24T14:06:53.427501+00:00,forecast_20260524T140653Z.json
hong-kong,4,H+4,2026-05-24T03:00,2026-05-24T03:00,True,80,2,Open-Meteo hourly,,,2026-05-24T14:06:53.427501+00:00,forecast_20260524T140653Z.json
hong-kong,5,H+5,2026-05-24T04:00,2026-05-24T04:00,True,79,5,Open-Meteo hourly,,,2026-05-24T14:06:53.427501+00:00,forecast_20260524T140653Z.json
hong-kong,6,H+6,2026-05-24T05:00,2026-05-24T05:00,True,79,8,Open-Meteo hourly,,,2026-05-24T14:06:53.427501+00:00,forecast_20260524T140653Z.json
hong-kong,7,H+7,2026-05-24T06:00,2026-05-24T06:00,True,80,9,Open-Meteo hourly,,,2026-05-24T14:06:53.427501+00:00,forecast_20260524T140653Z.json
hong-kong,8,H+8,2026-05-24T07:00,2026-05-24T07:00,True,80,11,Open-Meteo hourly,,,2026-05-24T14:06:53.427501+00:00,forecast_20260524T140653Z.json
hong-kong,9,H+9,2026-05-24T08:00,2026-05-24T08:00,True,82,20,Open-Meteo hourly,,,2026-05-24T14:06:53.427501+00:00,forecast_20260524T140653Z.json
hong-kong,10,H+10,2026-05-24T09:00,2026-05-24T09:00,True,83,45,Open-Meteo hourly,,,2026-05-24T14:06:53.427501+00:00,forecast_20260524T140653Z.json
hong-kong,11,H+11,2026-05-24T10:00,2026-05-24T10:00,True,84,77,Open-Meteo hourly,,,2026-05-24T14:06:53.427501+00:00,forecast_20260524T140653Z.json
hong-kong,12,H+12,2026-05-24T11:00,2026-05-24T11:00,True,86,98,Open-Meteo hourly,,,2026-05-24T14:06:53.427501+00:00,forecast_20260524T140653Z.json
hong-kong,13,H+13,2026-05-24T12:00,2026-05-24T12:00,True,86,99,Open-Meteo hourly,,,2026-05-24T14:06:53.427501+00:00,forecast_20260524T140653Z.json
hong-kong,14,H+14,2026-05-24T13:00,2026-05-24T13:00,True,86,89,Open-Meteo hourly,,,2026-05-24T14:06:53.427501+00:00,forecast_20260524T140653Z.json
hong-kong,15,H+15,2026-05-24T14:00,2026-05-24T14:00,True,86,78,Open-Meteo hourly,,,2026-05-24T14:06:53.427501+00:00,forecast_20260524T140653Z.json
hong-kong,16,H+16,2026-05-24T15:00,2026-05-24T15:00,True,85,71,Open-Meteo hourly,,,2026-05-24T14:06:53.427501+00:00,forecast_20260524T140653Z.json
hong-kong,17,H+17,2026-05-24T16:00,2026-05-24T16:00,True,84,64,Open-Meteo hourly,,,2026-05-24T14:06:53.427501+00:00,forecast_20260524T140653Z.json
hong-kong,18,H+18,2026-05-24T17:00,2026-05-24T17:00,True,83,53,Open-Meteo hourly,,,2026-05-24T14:06:53.427501+00:00,forecast_20260524T140653Z.json
hong-kong,19,H+19,2026-05-24T18:00,2026-05-24T18:00,True,82,35,Open-Meteo hourly,,,2026-05-24T14:06:53.427501+00:00,forecast_20260524T140653Z.json
hong-kong,20,H+20,2026-05-24T19:00,2026-05-24T19:00,True,81,15,Open-Meteo hourly,,,2026-05-24T14:06:53.427501+00:00,forecast_20260524T140653Z.json
hong-kong,21,H+21,2026-05-24T20:00,2026-05-24T20:00,True,80,0,Open-Meteo hourly,,,2026-05-24T14:06:53.427501+00:00,forecast_20260524T140653Z.json
hong-kong,22,H+22,2026-05-24T21:00,2026-05-24T21:00,True,80,0,Open-Meteo hourly,,,2026-05-24T14:06:53.427501+00:00,forecast_20260524T140653Z.json
hong-kong,23,H+23,2026-05-24T22:00,2026-05-24T22:00,True,80,0,Open-Meteo hourly,,,2026-05-24T14:06:53.427501+00:00,forecast_20260524T140653Z.json
hong-kong,24,H+24,2026-05-24T23:00,2026-05-24T23:00,True,80,0,Open-Meteo hourly,,,2026-05-24T14:06:53.427501+00:00,forecast_20260524T140653Z.json
houston,1,Tonight,2026-05-23T19:00:00-05:00,2026-05-24T06:00:00-05:00,False,70,68,Chance Showers And Thunderstorms,5 to 10 mph,E,2026-05-24T00:53:54.950752+00:00,forecast_20260524T005354Z.json
houston,2,Sunday,2026-05-24T06:00:00-05:00,2026-05-24T18:00:00-05:00,True,82,22,Slight Chance Showers And Thunderstorms,5 mph,NE,2026-05-24T00:53:54.950752+00:00,forecast_20260524T005354Z.json
houston,3,Sunday Night,2026-05-24T18:00:00-05:00,2026-05-25T06:00:00-05:00,False,71,25,Chance Showers And Thunderstorms,5 mph,E,2026-05-24T00:53:54.950752+00:00,forecast_20260524T005354Z.json
houston,4,Memorial Day,2026-05-25T06:00:00-05:00,2026-05-25T18:00:00-05:00,True,85,31,Slight Chance Showers And Thunderstorms then Chance Showers And Thunderstorms,5 mph,E,2026-05-24T00:53:54.950752+00:00,forecast_20260524T005354Z.json
houston,5,Monday Night,2026-05-25T18:00:00-05:00,2026-05-26T06:00:00-05:00,False,72,31,Chance Showers And Thunderstorms then Partly Cloudy,5 mph,SE,2026-05-24T00:53:54.950752+00:00,forecast_20260524T005354Z.json
houston,6,Tuesday,2026-05-26T06:00:00-05:00,2026-05-26T18:00:00-05:00,True,86,19,Mostly Sunny then Slight Chance Showers And Thunderstorms,5 to 10 mph,SE,2026-05-24T00:53:54.950752+00:00,forecast_20260524T005354Z.json
houston,7,Tuesday Night,2026-05-26T18:00:00-05:00,2026-05-27T06:00:00-05:00,False,73,52,Chance Showers And Thunderstorms,5 to 10 mph,SE,2026-05-24T00:53:54.950752+00:00,forecast_20260524T005354Z.json
houston,8,Wednesday,2026-05-27T06:00:00-05:00,2026-05-27T18:00:00-05:00,True,81,86,Chance Showers And Thunderstorms then Showers And Thunderstorms,5 to 10 mph,SE,2026-05-24T00:53:54.950752+00:00,forecast_20260524T005354Z.json
houston,9,Wednesday Night,2026-05-27T18:00:00-05:00,2026-05-28T06:00:00-05:00,False,73,86,Showers And Thunderstorms,5 mph,SE,2026-05-24T00:53:54.950752+00:00,forecast_20260524T005354Z.json
houston,10,Thursday,2026-05-28T06:00:00-05:00,2026-05-28T18:00:00-05:00,True,86,54,Chance Showers And Thunderstorms,0 to 5 mph,SE,2026-05-24T00:53:54.950752+00:00,forecast_20260524T005354Z.json
houston,11,Thursday Night,2026-05-28T18:00:00-05:00,2026-05-29T06:00:00-05:00,False,74,51,Chance Showers And Thunderstorms then Partly Cloudy,0 to 5 mph,S,2026-05-24T00:53:54.950752+00:00,forecast_20260524T005354Z.json
houston,12,Friday,2026-05-29T06:00:00-05:00,2026-05-29T18:00:00-05:00,True,89,16,Slight Chance Showers And Thunderstorms,0 to 5 mph,SW,2026-05-24T00:53:54.950752+00:00,forecast_20260524T005354Z.json
houston,13,Friday Night,2026-05-29T18:00:00-05:00,2026-05-30T06:00:00-05:00,False,75,16,Slight Chance Showers And Thunderstorms then Partly Cloudy,0 to 5 mph,S,2026-05-24T00:53:54.950752+00:00,forecast_20260524T005354Z.json
houston,14,Saturday,2026-05-30T06:00:00-05:00,2026-05-30T18:00:00-05:00,True,88,20,Partly Sunny then Slight Chance Showers And Thunderstorms,0 to 5 mph,SE,2026-05-24T00:53:54.950752+00:00,forecast_20260524T005354Z.json
houston,1,Today,2026-05-24T07:00:00-05:00,2026-05-24T18:00:00-05:00,True,82,24,Slight Chance Showers And Thunderstorms,5 to 10 mph,NE,2026-05-24T14:06:56.225475+00:00,forecast_20260524T140655Z.json
houston,2,Tonight,2026-05-24T18:00:00-05:00,2026-05-25T06:00:00-05:00,False,71,23,Slight Chance Showers And Thunderstorms,5 to 10 mph,E,2026-05-24T14:06:56.225475+00:00,forecast_20260524T140655Z.json
houston,3,Memorial Day,2026-05-25T06:00:00-05:00,2026-05-25T18:00:00-05:00,True,86,26,Chance Showers And Thunderstorms,5 mph,E,2026-05-24T14:06:56.225475+00:00,forecast_20260524T140655Z.json
houston,4,Monday Night,2026-05-25T18:00:00-05:00,2026-05-26T06:00:00-05:00,False,72,26,Chance Showers And Thunderstorms then Partly Cloudy,0 to 10 mph,SE,2026-05-24T14:06:56.225475+00:00,forecast_20260524T140655Z.json
houston,5,Tuesday,2026-05-26T06:00:00-05:00,2026-05-26T18:00:00-05:00,True,87,16,Mostly Sunny then Slight Chance Showers And Thunderstorms,5 to 10 mph,SE,2026-05-24T14:06:56.225475+00:00,forecast_20260524T140655Z.json
houston,6,Tuesday Night,2026-05-26T18:00:00-05:00,2026-05-27T06:00:00-05:00,False,75,60,Showers And Thunderstorms Likely,5 to 10 mph,SE,2026-05-24T14:06:56.225475+00:00,forecast_20260524T140655Z.json
houston,7,Wednesday,2026-05-27T06:00:00-05:00,2026-05-27T18:00:00-05:00,True,82,92,Showers And Thunderstorms,5 to 10 mph,S,2026-05-24T14:06:56.225475+00:00,forecast_20260524T140655Z.json
houston,8,Wednesday Night,2026-05-27T18:00:00-05:00,2026-05-28T06:00:00-05:00,False,74,92,Showers And Thunderstorms,5 to 10 mph,SE,2026-05-24T14:06:56.225475+00:00,forecast_20260524T140655Z.json
houston,9,Thursday,2026-05-28T06:00:00-05:00,2026-05-28T18:00:00-05:00,True,86,53,Chance Showers And Thunderstorms,5 mph,SE,2026-05-24T14:06:56.225475+00:00,forecast_20260524T140655Z.json
houston,10,Thursday Night,2026-05-28T18:00:00-05:00,2026-05-29T06:00:00-05:00,False,75,49,Chance Showers And Thunderstorms,0 to 5 mph,S,2026-05-24T14:06:56.225475+00:00,forecast_20260524T140655Z.json
houston,11,Friday,2026-05-29T06:00:00-05:00,2026-05-29T18:00:00-05:00,True,89,22,Mostly Sunny then Slight Chance Showers And Thunderstorms,0 to 5 mph,SW,2026-05-24T14:06:56.225475+00:00,forecast_20260524T140655Z.json
houston,12,Friday Night,2026-05-29T18:00:00-05:00,2026-05-30T06:00:00-05:00,False,76,22,Slight Chance Showers And Thunderstorms,5 mph,S,2026-05-24T14:06:56.225475+00:00,forecast_20260524T140655Z.json
houston,13,Saturday,2026-05-30T06:00:00-05:00,2026-05-30T18:00:00-05:00,True,89,31,Mostly Sunny then Chance Showers And Thunderstorms,0 to 5 mph,S,2026-05-24T14:06:56.225475+00:00,forecast_20260524T140655Z.json
houston,14,Saturday Night,2026-05-30T18:00:00-05:00,2026-05-31T06:00:00-05:00,False,75,31,Chance Showers And Thunderstorms,5 mph,E,2026-05-24T14:06:56.225475+00:00,forecast_20260524T140655Z.json
istanbul,1,H+1,2026-05-24T00:00,2026-05-24T00:00,True,61,5,Open-Meteo hourly,,,2026-05-24T14:06:57.531110+00:00,forecast_20260524T140657Z.json
istanbul,2,H+2,2026-05-24T01:00,2026-05-24T01:00,True,61,3,Open-Meteo hourly,,,2026-05-24T14:06:57.531110+00:00,forecast_20260524T140657Z.json
istanbul,3,H+3,2026-05-24T02:00,2026-05-24T02:00,True,61,8,Open-Meteo hourly,,,2026-05-24T14:06:57.531110+00:00,forecast_20260524T140657Z.json
istanbul,4,H+4,2026-05-24T03:00,2026-05-24T03:00,True,62,5,Open-Meteo hourly,,,2026-05-24T14:06:57.531110+00:00,forecast_20260524T140657Z.json
istanbul,5,H+5,2026-05-24T04:00,2026-05-24T04:00,True,62,10,Open-Meteo hourly,,,2026-05-24T14:06:57.531110+00:00,forecast_20260524T140657Z.json
istanbul,6,H+6,2026-05-24T05:00,2026-05-24T05:00,True,62,13,Open-Meteo hourly,,,2026-05-24T14:06:57.531110+00:00,forecast_20260524T140657Z.json
istanbul,7,H+7,2026-05-24T06:00,2026-05-24T06:00,True,61,8,Open-Meteo hourly,,,2026-05-24T14:06:57.531110+00:00,forecast_20260524T140657Z.json
istanbul,8,H+8,2026-05-24T07:00,2026-05-24T07:00,True,61,20,Open-Meteo hourly,,,2026-05-24T14:06:57.531110+00:00,forecast_20260524T140657Z.json
istanbul,9,H+9,2026-05-24T08:00,2026-05-24T08:00,True,62,25,Open-Meteo hourly,,,2026-05-24T14:06:57.531110+00:00,forecast_20260524T140657Z.json
istanbul,10,H+10,2026-05-24T09:00,2026-05-24T09:00,True,63,28,Open-Meteo hourly,,,2026-05-24T14:06:57.531110+00:00,forecast_20260524T140657Z.json
istanbul,11,H+11,2026-05-24T10:00,2026-05-24T10:00,True,63,3,Open-Meteo hourly,,,2026-05-24T14:06:57.531110+00:00,forecast_20260524T140657Z.json
istanbul,12,H+12,2026-05-24T11:00,2026-05-24T11:00,True,65,3,Open-Meteo hourly,,,2026-05-24T14:06:57.531110+00:00,forecast_20260524T140657Z.json
istanbul,13,H+13,2026-05-24T12:00,2026-05-24T12:00,True,66,3,Open-Meteo hourly,,,2026-05-24T14:06:57.531110+00:00,forecast_20260524T140657Z.json
istanbul,14,H+14,2026-05-24T13:00,2026-05-24T13:00,True,65,8,Open-Meteo hourly,,,2026-05-24T14:06:57.531110+00:00,forecast_20260524T140657Z.json
istanbul,15,H+15,2026-05-24T14:00,2026-05-24T14:00,True,66,10,Open-Meteo hourly,,,2026-05-24T14:06:57.531110+00:00,forecast_20260524T140657Z.json
istanbul,16,H+16,2026-05-24T15:00,2026-05-24T15:00,True,66,10,Open-Meteo hourly,,,2026-05-24T14:06:57.531110+00:00,forecast_20260524T140657Z.json
istanbul,17,H+17,2026-05-24T16:00,2026-05-24T16:00,True,65,8,Open-Meteo hourly,,,2026-05-24T14:06:57.531110+00:00,forecast_20260524T140657Z.json
istanbul,18,H+18,2026-05-24T17:00,2026-05-24T17:00,True,64,3,Open-Meteo hourly,,,2026-05-24T14:06:57.531110+00:00,forecast_20260524T140657Z.json
istanbul,19,H+19,2026-05-24T18:00,2026-05-24T18:00,True,64,3,Open-Meteo hourly,,,2026-05-24T14:06:57.531110+00:00,forecast_20260524T140657Z.json
istanbul,20,H+20,2026-05-24T19:00,2026-05-24T19:00,True,63,0,Open-Meteo hourly,,,2026-05-24T14:06:57.531110+00:00,forecast_20260524T140657Z.json
istanbul,21,H+21,2026-05-24T20:00,2026-05-24T20:00,True,63,0,Open-Meteo hourly,,,2026-05-24T14:06:57.531110+00:00,forecast_20260524T140657Z.json
istanbul,22,H+22,2026-05-24T21:00,2026-05-24T21:00,True,62,0,Open-Meteo hourly,,,2026-05-24T14:06:57.531110+00:00,forecast_20260524T140657Z.json
istanbul,23,H+23,2026-05-24T22:00,2026-05-24T22:00,True,61,0,Open-Meteo hourly,,,2026-05-24T14:06:57.531110+00:00,forecast_20260524T140657Z.json
istanbul,24,H+24,2026-05-24T23:00,2026-05-24T23:00,True,61,0,Open-Meteo hourly,,,2026-05-24T14:06:57.531110+00:00,forecast_20260524T140657Z.json
jakarta,1,H+1,2026-05-24T00:00,2026-05-24T00:00,True,78,34,Open-Meteo hourly,,,2026-05-24T14:06:59.346193+00:00,forecast_20260524T140659Z.json
jakarta,2,H+2,2026-05-24T01:00,2026-05-24T01:00,True,77,33,Open-Meteo hourly,,,2026-05-24T14:06:59.346193+00:00,forecast_20260524T140659Z.json
jakarta,3,H+3,2026-05-24T02:00,2026-05-24T02:00,True,77,36,Open-Meteo hourly,,,2026-05-24T14:06:59.346193+00:00,forecast_20260524T140659Z.json
jakarta,4,H+4,2026-05-24T03:00,2026-05-24T03:00,True,77,43,Open-Meteo hourly,,,2026-05-24T14:06:59.346193+00:00,forecast_20260524T140659Z.json
jakarta,5,H+5,2026-05-24T04:00,2026-05-24T04:00,True,77,49,Open-Meteo hourly,,,2026-05-24T14:06:59.346193+00:00,forecast_20260524T140659Z.json
jakarta,6,H+6,2026-05-24T05:00,2026-05-24T05:00,True,77,55,Open-Meteo hourly,,,2026-05-24T14:06:59.346193+00:00,forecast_20260524T140659Z.json
jakarta,7,H+7,2026-05-24T06:00,2026-05-24T06:00,True,77,59,Open-Meteo hourly,,,2026-05-24T14:06:59.346193+00:00,forecast_20260524T140659Z.json
jakarta,8,H+8,2026-05-24T07:00,2026-05-24T07:00,True,79,59,Open-Meteo hourly,,,2026-05-24T14:06:59.346193+00:00,forecast_20260524T140659Z.json
jakarta,9,H+9,2026-05-24T08:00,2026-05-24T08:00,True,82,46,Open-Meteo hourly,,,2026-05-24T14:06:59.346193+00:00,forecast_20260524T140659Z.json
jakarta,10,H+10,2026-05-24T09:00,2026-05-24T09:00,True,84,28,Open-Meteo hourly,,,2026-05-24T14:06:59.346193+00:00,forecast_20260524T140659Z.json
jakarta,11,H+11,2026-05-24T10:00,2026-05-24T10:00,True,86,22,Open-Meteo hourly,,,2026-05-24T14:06:59.346193+00:00,forecast_20260524T140659Z.json
jakarta,12,H+12,2026-05-24T11:00,2026-05-24T11:00,True,86,39,Open-Meteo hourly,,,2026-05-24T14:06:59.346193+00:00,forecast_20260524T140659Z.json
jakarta,13,H+13,2026-05-24T12:00,2026-05-24T12:00,True,86,68,Open-Meteo hourly,,,2026-05-24T14:06:59.346193+00:00,forecast_20260524T140659Z.json
jakarta,14,H+14,2026-05-24T13:00,2026-05-24T13:00,True,84,90,Open-Meteo hourly,,,2026-05-24T14:06:59.346193+00:00,forecast_20260524T140659Z.json
jakarta,15,H+15,2026-05-24T14:00,2026-05-24T14:00,True,80,98,Open-Meteo hourly,,,2026-05-24T14:06:59.346193+00:00,forecast_20260524T140659Z.json
jakarta,16,H+16,2026-05-24T15:00,2026-05-24T15:00,True,80,100,Open-Meteo hourly,,,2026-05-24T14:06:59.346193+00:00,forecast_20260524T140659Z.json
jakarta,17,H+17,2026-05-24T16:00,2026-05-24T16:00,True,78,100,Open-Meteo hourly,,,2026-05-24T14:06:59.346193+00:00,forecast_20260524T140659Z.json
jakarta,18,H+18,2026-05-24T17:00,2026-05-24T17:00,True,78,100,Open-Meteo hourly,,,2026-05-24T14:06:59.346193+00:00,forecast_20260524T140659Z.json
jakarta,19,H+19,2026-05-24T18:00,2026-05-24T18:00,True,77,98,Open-Meteo hourly,,,2026-05-24T14:06:59.346193+00:00,forecast_20260524T140659Z.json
jakarta,20,H+20,2026-05-24T19:00,2026-05-24T19:00,True,77,92,Open-Meteo hourly,,,2026-05-24T14:06:59.346193+00:00,forecast_20260524T140659Z.json
jakarta,21,H+21,2026-05-24T20:00,2026-05-24T20:00,True,77,79,Open-Meteo hourly,,,2026-05-24T14:06:59.346193+00:00,forecast_20260524T140659Z.json
jakarta,22,H+22,2026-05-24T21:00,2026-05-24T21:00,True,77,63,Open-Meteo hourly,,,2026-05-24T14:06:59.346193+00:00,forecast_20260524T140659Z.json
jakarta,23,H+23,2026-05-24T22:00,2026-05-24T22:00,True,77,51,Open-Meteo hourly,,,2026-05-24T14:06:59.346193+00:00,forecast_20260524T140659Z.json
jakarta,24,H+24,2026-05-24T23:00,2026-05-24T23:00,True,76,48,Open-Meteo hourly,,,2026-05-24T14:06:59.346193+00:00,forecast_20260524T140659Z.json
johannesburg,1,H+1,2026-05-24T00:00,2026-05-24T00:00,True,50,1,Open-Meteo hourly,,,2026-05-24T14:07:01.257994+00:00,forecast_20260524T140701Z.json
johannesburg,2,H+2,2026-05-24T01:00,2026-05-24T01:00,True,49,3,Open-Meteo hourly,,,2026-05-24T14:07:01.257994+00:00,forecast_20260524T140701Z.json
johannesburg,3,H+3,2026-05-24T02:00,2026-05-24T02:00,True,50,4,Open-Meteo hourly,,,2026-05-24T14:07:01.257994+00:00,forecast_20260524T140701Z.json
johannesburg,4,H+4,2026-05-24T03:00,2026-05-24T03:00,True,49,4,Open-Meteo hourly,,,2026-05-24T14:07:01.257994+00:00,forecast_20260524T140701Z.json
johannesburg,5,H+5,2026-05-24T04:00,2026-05-24T04:00,True,48,3,Open-Meteo hourly,,,2026-05-24T14:07:01.257994+00:00,forecast_20260524T140701Z.json
johannesburg,6,H+6,2026-05-24T05:00,2026-05-24T05:00,True,47,2,Open-Meteo hourly,,,2026-05-24T14:07:01.257994+00:00,forecast_20260524T140701Z.json
johannesburg,7,H+7,2026-05-24T06:00,2026-05-24T06:00,True,46,1,Open-Meteo hourly,,,2026-05-24T14:07:01.257994+00:00,forecast_20260524T140701Z.json
johannesburg,8,H+8,2026-05-24T07:00,2026-05-24T07:00,True,46,1,Open-Meteo hourly,,,2026-05-24T14:07:01.257994+00:00,forecast_20260524T140701Z.json
johannesburg,9,H+9,2026-05-24T08:00,2026-05-24T08:00,True,52,0,Open-Meteo hourly,,,2026-05-24T14:07:01.257994+00:00,forecast_20260524T140701Z.json
johannesburg,10,H+10,2026-05-24T09:00,2026-05-24T09:00,True,57,0,Open-Meteo hourly,,,2026-05-24T14:07:01.257994+00:00,forecast_20260524T140701Z.json
johannesburg,11,H+11,2026-05-24T10:00,2026-05-24T10:00,True,59,0,Open-Meteo hourly,,,2026-05-24T14:07:01.257994+00:00,forecast_20260524T140701Z.json
johannesburg,12,H+12,2026-05-24T11:00,2026-05-24T11:00,True,60,0,Open-Meteo hourly,,,2026-05-24T14:07:01.257994+00:00,forecast_20260524T140701Z.json
johannesburg,13,H+13,2026-05-24T12:00,2026-05-24T12:00,True,62,1,Open-Meteo hourly,,,2026-05-24T14:07:01.257994+00:00,forecast_20260524T140701Z.json
johannesburg,14,H+14,2026-05-24T13:00,2026-05-24T13:00,True,64,2,Open-Meteo hourly,,,2026-05-24T14:07:01.257994+00:00,forecast_20260524T140701Z.json
johannesburg,15,H+15,2026-05-24T14:00,2026-05-24T14:00,True,65,2,Open-Meteo hourly,,,2026-05-24T14:07:01.257994+00:00,forecast_20260524T140701Z.json
johannesburg,16,H+16,2026-05-24T15:00,2026-05-24T15:00,True,64,2,Open-Meteo hourly,,,2026-05-24T14:07:01.257994+00:00,forecast_20260524T140701Z.json
johannesburg,17,H+17,2026-05-24T16:00,2026-05-24T16:00,True,63,1,Open-Meteo hourly,,,2026-05-24T14:07:01.257994+00:00,forecast_20260524T140701Z.json
johannesburg,18,H+18,2026-05-24T17:00,2026-05-24T17:00,True,60,0,Open-Meteo hourly,,,2026-05-24T14:07:01.257994+00:00,forecast_20260524T140701Z.json
johannesburg,19,H+19,2026-05-24T18:00,2026-05-24T18:00,True,58,0,Open-Meteo hourly,,,2026-05-24T14:07:01.257994+00:00,forecast_20260524T140701Z.json
johannesburg,20,H+20,2026-05-24T19:00,2026-05-24T19:00,True,56,0,Open-Meteo hourly,,,2026-05-24T14:07:01.257994+00:00,forecast_20260524T140701Z.json
johannesburg,21,H+21,2026-05-24T20:00,2026-05-24T20:00,True,55,0,Open-Meteo hourly,,,2026-05-24T14:07:01.257994+00:00,forecast_20260524T140701Z.json
johannesburg,22,H+22,2026-05-24T21:00,2026-05-24T21:00,True,53,0,Open-Meteo hourly,,,2026-05-24T14:07:01.257994+00:00,forecast_20260524T140701Z.json
johannesburg,23,H+23,2026-05-24T22:00,2026-05-24T22:00,True,52,0,Open-Meteo hourly,,,2026-05-24T14:07:01.257994+00:00,forecast_20260524T140701Z.json
johannesburg,24,H+24,2026-05-24T23:00,2026-05-24T23:00,True,51,0,Open-Meteo hourly,,,2026-05-24T14:07:01.257994+00:00,forecast_20260524T140701Z.json
kuala-lumpur,1,H+1,2026-05-24T00:00,2026-05-24T00:00,True,79,4,Open-Meteo hourly,,,2026-05-24T14:07:03.408650+00:00,forecast_20260524T140703Z.json
kuala-lumpur,2,H+2,2026-05-24T01:00,2026-05-24T01:00,True,78,3,Open-Meteo hourly,,,2026-05-24T14:07:03.408650+00:00,forecast_20260524T140703Z.json
kuala-lumpur,3,H+3,2026-05-24T02:00,2026-05-24T02:00,True,79,4,Open-Meteo hourly,,,2026-05-24T14:07:03.408650+00:00,forecast_20260524T140703Z.json
kuala-lumpur,4,H+4,2026-05-24T03:00,2026-05-24T03:00,True,78,6,Open-Meteo hourly,,,2026-05-24T14:07:03.408650+00:00,forecast_20260524T140703Z.json
kuala-lumpur,5,H+5,2026-05-24T04:00,2026-05-24T04:00,True,78,10,Open-Meteo hourly,,,2026-05-24T14:07:03.408650+00:00,forecast_20260524T140703Z.json
kuala-lumpur,6,H+6,2026-05-24T05:00,2026-05-24T05:00,True,77,12,Open-Meteo hourly,,,2026-05-24T14:07:03.408650+00:00,forecast_20260524T140703Z.json
kuala-lumpur,7,H+7,2026-05-24T06:00,2026-05-24T06:00,True,77,11,Open-Meteo hourly,,,2026-05-24T14:07:03.408650+00:00,forecast_20260524T140703Z.json
kuala-lumpur,8,H+8,2026-05-24T07:00,2026-05-24T07:00,True,77,8,Open-Meteo hourly,,,2026-05-24T14:07:03.408650+00:00,forecast_20260524T140703Z.json
kuala-lumpur,9,H+9,2026-05-24T08:00,2026-05-24T08:00,True,79,8,Open-Meteo hourly,,,2026-05-24T14:07:03.408650+00:00,forecast_20260524T140703Z.json
kuala-lumpur,10,H+10,2026-05-24T09:00,2026-05-24T09:00,True,80,12,Open-Meteo hourly,,,2026-05-24T14:07:03.408650+00:00,forecast_20260524T140703Z.json
kuala-lumpur,11,H+11,2026-05-24T10:00,2026-05-24T10:00,True,80,17,Open-Meteo hourly,,,2026-05-24T14:07:03.408650+00:00,forecast_20260524T140703Z.json
kuala-lumpur,12,H+12,2026-05-24T11:00,2026-05-24T11:00,True,83,22,Open-Meteo hourly,,,2026-05-24T14:07:03.408650+00:00,forecast_20260524T140703Z.json
kuala-lumpur,13,H+13,2026-05-24T12:00,2026-05-24T12:00,True,85,23,Open-Meteo hourly,,,2026-05-24T14:07:03.408650+00:00,forecast_20260524T140703Z.json
kuala-lumpur,14,H+14,2026-05-24T13:00,2026-05-24T13:00,True,86,24,Open-Meteo hourly,,,2026-05-24T14:07:03.408650+00:00,forecast_20260524T140703Z.json
kuala-lumpur,15,H+15,2026-05-24T14:00,2026-05-24T14:00,True,90,29,Open-Meteo hourly,,,2026-05-24T14:07:03.408650+00:00,forecast_20260524T140703Z.json
kuala-lumpur,16,H+16,2026-05-24T15:00,2026-05-24T15:00,True,90,44,Open-Meteo hourly,,,2026-05-24T14:07:03.408650+00:00,forecast_20260524T140703Z.json
kuala-lumpur,17,H+17,2026-05-24T16:00,2026-05-24T16:00,True,89,63,Open-Meteo hourly,,,2026-05-24T14:07:03.408650+00:00,forecast_20260524T140703Z.json
kuala-lumpur,18,H+18,2026-05-24T17:00,2026-05-24T17:00,True,88,75,Open-Meteo hourly,,,2026-05-24T14:07:03.408650+00:00,forecast_20260524T140703Z.json
kuala-lumpur,19,H+19,2026-05-24T18:00,2026-05-24T18:00,True,87,74,Open-Meteo hourly,,,2026-05-24T14:07:03.408650+00:00,forecast_20260524T140703Z.json
kuala-lumpur,20,H+20,2026-05-24T19:00,2026-05-24T19:00,True,85,66,Open-Meteo hourly,,,2026-05-24T14:07:03.408650+00:00,forecast_20260524T140703Z.json
kuala-lumpur,21,H+21,2026-05-24T20:00,2026-05-24T20:00,True,83,55,Open-Meteo hourly,,,2026-05-24T14:07:03.408650+00:00,forecast_20260524T140703Z.json
kuala-lumpur,22,H+22,2026-05-24T21:00,2026-05-24T21:00,True,83,42,Open-Meteo hourly,,,2026-05-24T14:07:03.408650+00:00,forecast_20260524T140703Z.json
kuala-lumpur,23,H+23,2026-05-24T22:00,2026-05-24T22:00,True,82,27,Open-Meteo hourly,,,2026-05-24T14:07:03.408650+00:00,forecast_20260524T140703Z.json
kuala-lumpur,24,H+24,2026-05-24T23:00,2026-05-24T23:00,True,81,16,Open-Meteo hourly,,,2026-05-24T14:07:03.408650+00:00,forecast_20260524T140703Z.json
lagos,1,H+1,2026-05-24T00:00,2026-05-24T00:00,True,82,0,Open-Meteo hourly,,,2026-05-24T14:07:05.280364+00:00,forecast_20260524T140705Z.json
lagos,2,H+2,2026-05-24T01:00,2026-05-24T01:00,True,81,0,Open-Meteo hourly,,,2026-05-24T14:07:05.280364+00:00,forecast_20260524T140705Z.json
lagos,3,H+3,2026-05-24T02:00,2026-05-24T02:00,True,81,1,Open-Meteo hourly,,,2026-05-24T14:07:05.280364+00:00,forecast_20260524T140705Z.json
lagos,4,H+4,2026-05-24T03:00,2026-05-24T03:00,True,80,2,Open-Meteo hourly,,,2026-05-24T14:07:05.280364+00:00,forecast_20260524T140705Z.json
lagos,5,H+5,2026-05-24T04:00,2026-05-24T04:00,True,80,2,Open-Meteo hourly,,,2026-05-24T14:07:05.280364+00:00,forecast_20260524T140705Z.json
lagos,6,H+6,2026-05-24T05:00,2026-05-24T05:00,True,80,0,Open-Meteo hourly,,,2026-05-24T14:07:05.280364+00:00,forecast_20260524T140705Z.json
lagos,7,H+7,2026-05-24T06:00,2026-05-24T06:00,True,80,0,Open-Meteo hourly,,,2026-05-24T14:07:05.280364+00:00,forecast_20260524T140705Z.json
lagos,8,H+8,2026-05-24T07:00,2026-05-24T07:00,True,80,0,Open-Meteo hourly,,,2026-05-24T14:07:05.280364+00:00,forecast_20260524T140705Z.json
lagos,9,H+9,2026-05-24T08:00,2026-05-24T08:00,True,81,8,Open-Meteo hourly,,,2026-05-24T14:07:05.280364+00:00,forecast_20260524T140705Z.json
lagos,10,H+10,2026-05-24T09:00,2026-05-24T09:00,True,82,20,Open-Meteo hourly,,,2026-05-24T14:07:05.280364+00:00,forecast_20260524T140705Z.json
lagos,11,H+11,2026-05-24T10:00,2026-05-24T10:00,True,84,33,Open-Meteo hourly,,,2026-05-24T14:07:05.280364+00:00,forecast_20260524T140705Z.json
lagos,12,H+12,2026-05-24T11:00,2026-05-24T11:00,True,85,45,Open-Meteo hourly,,,2026-05-24T14:07:05.280364+00:00,forecast_20260524T140705Z.json
lagos,13,H+13,2026-05-24T12:00,2026-05-24T12:00,True,86,57,Open-Meteo hourly,,,2026-05-24T14:07:05.280364+00:00,forecast_20260524T140705Z.json
lagos,14,H+14,2026-05-24T13:00,2026-05-24T13:00,True,84,69,Open-Meteo hourly,,,2026-05-24T14:07:05.280364+00:00,forecast_20260524T140705Z.json
lagos,15,H+15,2026-05-24T14:00,2026-05-24T14:00,True,82,82,Open-Meteo hourly,,,2026-05-24T14:07:05.280364+00:00,forecast_20260524T140705Z.json
lagos,16,H+16,2026-05-24T15:00,2026-05-24T15:00,True,83,94,Open-Meteo hourly,,,2026-05-24T14:07:05.280364+00:00,forecast_20260524T140705Z.json
lagos,17,H+17,2026-05-24T16:00,2026-05-24T16:00,True,83,100,Open-Meteo hourly,,,2026-05-24T14:07:05.280364+00:00,forecast_20260524T140705Z.json
lagos,18,H+18,2026-05-24T17:00,2026-05-24T17:00,True,83,94,Open-Meteo hourly,,,2026-05-24T14:07:05.280364+00:00,forecast_20260524T140705Z.json
lagos,19,H+19,2026-05-24T18:00,2026-05-24T18:00,True,82,82,Open-Meteo hourly,,,2026-05-24T14:07:05.280364+00:00,forecast_20260524T140705Z.json
lagos,20,H+20,2026-05-24T19:00,2026-05-24T19:00,True,81,69,Open-Meteo hourly,,,2026-05-24T14:07:05.280364+00:00,forecast_20260524T140705Z.json
lagos,21,H+21,2026-05-24T20:00,2026-05-24T20:00,True,81,55,Open-Meteo hourly,,,2026-05-24T14:07:05.280364+00:00,forecast_20260524T140705Z.json
lagos,22,H+22,2026-05-24T21:00,2026-05-24T21:00,True,81,40,Open-Meteo hourly,,,2026-05-24T14:07:05.280364+00:00,forecast_20260524T140705Z.json
lagos,23,H+23,2026-05-24T22:00,2026-05-24T22:00,True,80,33,Open-Meteo hourly,,,2026-05-24T14:07:05.280364+00:00,forecast_20260524T140705Z.json
lagos,24,H+24,2026-05-24T23:00,2026-05-24T23:00,True,80,41,Open-Meteo hourly,,,2026-05-24T14:07:05.280364+00:00,forecast_20260524T140705Z.json
lima,1,H+1,2026-05-23T00:00,2026-05-23T00:00,True,66,0,Open-Meteo hourly,,,2026-05-24T00:54:06.474690+00:00,forecast_20260524T005406Z.json
lima,2,H+2,2026-05-23T01:00,2026-05-23T01:00,True,66,0,Open-Meteo hourly,,,2026-05-24T00:54:06.474690+00:00,forecast_20260524T005406Z.json
lima,3,H+3,2026-05-23T02:00,2026-05-23T02:00,True,66,0,Open-Meteo hourly,,,2026-05-24T00:54:06.474690+00:00,forecast_20260524T005406Z.json
lima,4,H+4,2026-05-23T03:00,2026-05-23T03:00,True,66,0,Open-Meteo hourly,,,2026-05-24T00:54:06.474690+00:00,forecast_20260524T005406Z.json
lima,5,H+5,2026-05-23T04:00,2026-05-23T04:00,True,66,0,Open-Meteo hourly,,,2026-05-24T00:54:06.474690+00:00,forecast_20260524T005406Z.json
lima,6,H+6,2026-05-23T05:00,2026-05-23T05:00,True,66,0,Open-Meteo hourly,,,2026-05-24T00:54:06.474690+00:00,forecast_20260524T005406Z.json
lima,7,H+7,2026-05-23T06:00,2026-05-23T06:00,True,66,0,Open-Meteo hourly,,,2026-05-24T00:54:06.474690+00:00,forecast_20260524T005406Z.json
lima,8,H+8,2026-05-23T07:00,2026-05-23T07:00,True,66,0,Open-Meteo hourly,,,2026-05-24T00:54:06.474690+00:00,forecast_20260524T005406Z.json
lima,9,H+9,2026-05-23T08:00,2026-05-23T08:00,True,68,0,Open-Meteo hourly,,,2026-05-24T00:54:06.474690+00:00,forecast_20260524T005406Z.json
lima,10,H+10,2026-05-23T09:00,2026-05-23T09:00,True,72,0,Open-Meteo hourly,,,2026-05-24T00:54:06.474690+00:00,forecast_20260524T005406Z.json
lima,11,H+11,2026-05-23T10:00,2026-05-23T10:00,True,74,0,Open-Meteo hourly,,,2026-05-24T00:54:06.474690+00:00,forecast_20260524T005406Z.json
lima,12,H+12,2026-05-23T11:00,2026-05-23T11:00,True,73,0,Open-Meteo hourly,,,2026-05-24T00:54:06.474690+00:00,forecast_20260524T005406Z.json
lima,13,H+13,2026-05-23T12:00,2026-05-23T12:00,True,73,0,Open-Meteo hourly,,,2026-05-24T00:54:06.474690+00:00,forecast_20260524T005406Z.json
lima,14,H+14,2026-05-23T13:00,2026-05-23T13:00,True,73,0,Open-Meteo hourly,,,2026-05-24T00:54:06.474690+00:00,forecast_20260524T005406Z.json
lima,15,H+15,2026-05-23T14:00,2026-05-23T14:00,True,72,0,Open-Meteo hourly,,,2026-05-24T00:54:06.474690+00:00,forecast_20260524T005406Z.json
lima,16,H+16,2026-05-23T15:00,2026-05-23T15:00,True,71,0,Open-Meteo hourly,,,2026-05-24T00:54:06.474690+00:00,forecast_20260524T005406Z.json
lima,17,H+17,2026-05-23T16:00,2026-05-23T16:00,True,71,0,Open-Meteo hourly,,,2026-05-24T00:54:06.474690+00:00,forecast_20260524T005406Z.json
lima,18,H+18,2026-05-23T17:00,2026-05-23T17:00,True,69,0,Open-Meteo hourly,,,2026-05-24T00:54:06.474690+00:00,forecast_20260524T005406Z.json
lima,19,H+19,2026-05-23T18:00,2026-05-23T18:00,True,68,0,Open-Meteo hourly,,,2026-05-24T00:54:06.474690+00:00,forecast_20260524T005406Z.json
lima,20,H+20,2026-05-23T19:00,2026-05-23T19:00,True,68,0,Open-Meteo hourly,,,2026-05-24T00:54:06.474690+00:00,forecast_20260524T005406Z.json
lima,21,H+21,2026-05-23T20:00,2026-05-23T20:00,True,68,0,Open-Meteo hourly,,,2026-05-24T00:54:06.474690+00:00,forecast_20260524T005406Z.json
lima,22,H+22,2026-05-23T21:00,2026-05-23T21:00,True,68,0,Open-Meteo hourly,,,2026-05-24T00:54:06.474690+00:00,forecast_20260524T005406Z.json
lima,23,H+23,2026-05-23T22:00,2026-05-23T22:00,True,67,0,Open-Meteo hourly,,,2026-05-24T00:54:06.474690+00:00,forecast_20260524T005406Z.json
lima,24,H+24,2026-05-23T23:00,2026-05-23T23:00,True,67,0,Open-Meteo hourly,,,2026-05-24T00:54:06.474690+00:00,forecast_20260524T005406Z.json
lima,1,H+1,2026-05-24T00:00,2026-05-24T00:00,True,67,0,Open-Meteo hourly,,,2026-05-24T14:07:07.443276+00:00,forecast_20260524T140707Z.json
lima,2,H+2,2026-05-24T01:00,2026-05-24T01:00,True,68,0,Open-Meteo hourly,,,2026-05-24T14:07:07.443276+00:00,forecast_20260524T140707Z.json
lima,3,H+3,2026-05-24T02:00,2026-05-24T02:00,True,68,0,Open-Meteo hourly,,,2026-05-24T14:07:07.443276+00:00,forecast_20260524T140707Z.json
lima,4,H+4,2026-05-24T03:00,2026-05-24T03:00,True,67,0,Open-Meteo hourly,,,2026-05-24T14:07:07.443276+00:00,forecast_20260524T140707Z.json
lima,5,H+5,2026-05-24T04:00,2026-05-24T04:00,True,67,0,Open-Meteo hourly,,,2026-05-24T14:07:07.443276+00:00,forecast_20260524T140707Z.json
lima,6,H+6,2026-05-24T05:00,2026-05-24T05:00,True,66,0,Open-Meteo hourly,,,2026-05-24T14:07:07.443276+00:00,forecast_20260524T140707Z.json
lima,7,H+7,2026-05-24T06:00,2026-05-24T06:00,True,66,0,Open-Meteo hourly,,,2026-05-24T14:07:07.443276+00:00,forecast_20260524T140707Z.json
lima,8,H+8,2026-05-24T07:00,2026-05-24T07:00,True,65,0,Open-Meteo hourly,,,2026-05-24T14:07:07.443276+00:00,forecast_20260524T140707Z.json
lima,9,H+9,2026-05-24T08:00,2026-05-24T08:00,True,66,0,Open-Meteo hourly,,,2026-05-24T14:07:07.443276+00:00,forecast_20260524T140707Z.json
lima,10,H+10,2026-05-24T09:00,2026-05-24T09:00,True,69,0,Open-Meteo hourly,,,2026-05-24T14:07:07.443276+00:00,forecast_20260524T140707Z.json
lima,11,H+11,2026-05-24T10:00,2026-05-24T10:00,True,72,0,Open-Meteo hourly,,,2026-05-24T14:07:07.443276+00:00,forecast_20260524T140707Z.json
lima,12,H+12,2026-05-24T11:00,2026-05-24T11:00,True,73,0,Open-Meteo hourly,,,2026-05-24T14:07:07.443276+00:00,forecast_20260524T140707Z.json
lima,13,H+13,2026-05-24T12:00,2026-05-24T12:00,True,73,0,Open-Meteo hourly,,,2026-05-24T14:07:07.443276+00:00,forecast_20260524T140707Z.json
lima,14,H+14,2026-05-24T13:00,2026-05-24T13:00,True,73,0,Open-Meteo hourly,,,2026-05-24T14:07:07.443276+00:00,forecast_20260524T140707Z.json
lima,15,H+15,2026-05-24T14:00,2026-05-24T14:00,True,72,0,Open-Meteo hourly,,,2026-05-24T14:07:07.443276+00:00,forecast_20260524T140707Z.json
lima,16,H+16,2026-05-24T15:00,2026-05-24T15:00,True,71,0,Open-Meteo hourly,,,2026-05-24T14:07:07.443276+00:00,forecast_20260524T140707Z.json
lima,17,H+17,2026-05-24T16:00,2026-05-24T16:00,True,71,0,Open-Meteo hourly,,,2026-05-24T14:07:07.443276+00:00,forecast_20260524T140707Z.json
lima,18,H+18,2026-05-24T17:00,2026-05-24T17:00,True,69,0,Open-Meteo hourly,,,2026-05-24T14:07:07.443276+00:00,forecast_20260524T140707Z.json
lima,19,H+19,2026-05-24T18:00,2026-05-24T18:00,True,68,0,Open-Meteo hourly,,,2026-05-24T14:07:07.443276+00:00,forecast_20260524T140707Z.json
lima,20,H+20,2026-05-24T19:00,2026-05-24T19:00,True,68,0,Open-Meteo hourly,,,2026-05-24T14:07:07.443276+00:00,forecast_20260524T140707Z.json
lima,21,H+21,2026-05-24T20:00,2026-05-24T20:00,True,68,0,Open-Meteo hourly,,,2026-05-24T14:07:07.443276+00:00,forecast_20260524T140707Z.json
lima,22,H+22,2026-05-24T21:00,2026-05-24T21:00,True,67,0,Open-Meteo hourly,,,2026-05-24T14:07:07.443276+00:00,forecast_20260524T140707Z.json
lima,23,H+23,2026-05-24T22:00,2026-05-24T22:00,True,66,0,Open-Meteo hourly,,,2026-05-24T14:07:07.443276+00:00,forecast_20260524T140707Z.json
lima,24,H+24,2026-05-24T23:00,2026-05-24T23:00,True,66,0,Open-Meteo hourly,,,2026-05-24T14:07:07.443276+00:00,forecast_20260524T140707Z.json
lisbon,1,H+1,2026-05-24T00:00,2026-05-24T00:00,True,66,0,Open-Meteo hourly,,,2026-05-24T14:07:09.286948+00:00,forecast_20260524T140709Z.json
lisbon,2,H+2,2026-05-24T01:00,2026-05-24T01:00,True,66,0,Open-Meteo hourly,,,2026-05-24T14:07:09.286948+00:00,forecast_20260524T140709Z.json
lisbon,3,H+3,2026-05-24T02:00,2026-05-24T02:00,True,65,0,Open-Meteo hourly,,,2026-05-24T14:07:09.286948+00:00,forecast_20260524T140709Z.json
lisbon,4,H+4,2026-05-24T03:00,2026-05-24T03:00,True,64,0,Open-Meteo hourly,,,2026-05-24T14:07:09.286948+00:00,forecast_20260524T140709Z.json
lisbon,5,H+5,2026-05-24T04:00,2026-05-24T04:00,True,63,0,Open-Meteo hourly,,,2026-05-24T14:07:09.286948+00:00,forecast_20260524T140709Z.json
lisbon,6,H+6,2026-05-24T05:00,2026-05-24T05:00,True,62,0,Open-Meteo hourly,,,2026-05-24T14:07:09.286948+00:00,forecast_20260524T140709Z.json
lisbon,7,H+7,2026-05-24T06:00,2026-05-24T06:00,True,61,0,Open-Meteo hourly,,,2026-05-24T14:07:09.286948+00:00,forecast_20260524T140709Z.json
lisbon,8,H+8,2026-05-24T07:00,2026-05-24T07:00,True,61,0,Open-Meteo hourly,,,2026-05-24T14:07:09.286948+00:00,forecast_20260524T140709Z.json
lisbon,9,H+9,2026-05-24T08:00,2026-05-24T08:00,True,62,0,Open-Meteo hourly,,,2026-05-24T14:07:09.286948+00:00,forecast_20260524T140709Z.json
lisbon,10,H+10,2026-05-24T09:00,2026-05-24T09:00,True,63,0,Open-Meteo hourly,,,2026-05-24T14:07:09.286948+00:00,forecast_20260524T140709Z.json
lisbon,11,H+11,2026-05-24T10:00,2026-05-24T10:00,True,66,0,Open-Meteo hourly,,,2026-05-24T14:07:09.286948+00:00,forecast_20260524T140709Z.json
lisbon,12,H+12,2026-05-24T11:00,2026-05-24T11:00,True,68,0,Open-Meteo hourly,,,2026-05-24T14:07:09.286948+00:00,forecast_20260524T140709Z.json
lisbon,13,H+13,2026-05-24T12:00,2026-05-24T12:00,True,71,0,Open-Meteo hourly,,,2026-05-24T14:07:09.286948+00:00,forecast_20260524T140709Z.json
lisbon,14,H+14,2026-05-24T13:00,2026-05-24T13:00,True,74,0,Open-Meteo hourly,,,2026-05-24T14:07:09.286948+00:00,forecast_20260524T140709Z.json
lisbon,15,H+15,2026-05-24T14:00,2026-05-24T14:00,True,77,0,Open-Meteo hourly,,,2026-05-24T14:07:09.286948+00:00,forecast_20260524T140709Z.json
lisbon,16,H+16,2026-05-24T15:00,2026-05-24T15:00,True,78,0,Open-Meteo hourly,,,2026-05-24T14:07:09.286948+00:00,forecast_20260524T140709Z.json
lisbon,17,H+17,2026-05-24T16:00,2026-05-24T16:00,True,78,0,Open-Meteo hourly,,,2026-05-24T14:07:09.286948+00:00,forecast_20260524T140709Z.json
lisbon,18,H+18,2026-05-24T17:00,2026-05-24T17:00,True,79,0,Open-Meteo hourly,,,2026-05-24T14:07:09.286948+00:00,forecast_20260524T140709Z.json
lisbon,19,H+19,2026-05-24T18:00,2026-05-24T18:00,True,78,0,Open-Meteo hourly,,,2026-05-24T14:07:09.286948+00:00,forecast_20260524T140709Z.json
lisbon,20,H+20,2026-05-24T19:00,2026-05-24T19:00,True,77,0,Open-Meteo hourly,,,2026-05-24T14:07:09.286948+00:00,forecast_20260524T140709Z.json
lisbon,21,H+21,2026-05-24T20:00,2026-05-24T20:00,True,75,0,Open-Meteo hourly,,,2026-05-24T14:07:09.286948+00:00,forecast_20260524T140709Z.json
lisbon,22,H+22,2026-05-24T21:00,2026-05-24T21:00,True,72,0,Open-Meteo hourly,,,2026-05-24T14:07:09.286948+00:00,forecast_20260524T140709Z.json
lisbon,23,H+23,2026-05-24T22:00,2026-05-24T22:00,True,70,0,Open-Meteo hourly,,,2026-05-24T14:07:09.286948+00:00,forecast_20260524T140709Z.json
lisbon,24,H+24,2026-05-24T23:00,2026-05-24T23:00,True,67,0,Open-Meteo hourly,,,2026-05-24T14:07:09.286948+00:00,forecast_20260524T140709Z.json
london,1,H+1,2026-05-24T00:00,2026-05-24T00:00,True,68,0,Open-Meteo hourly,,,2026-05-24T14:07:12.235366+00:00,forecast_20260524T140712Z.json
london,2,H+2,2026-05-24T01:00,2026-05-24T01:00,True,67,0,Open-Meteo hourly,,,2026-05-24T14:07:12.235366+00:00,forecast_20260524T140712Z.json
london,3,H+3,2026-05-24T02:00,2026-05-24T02:00,True,66,0,Open-Meteo hourly,,,2026-05-24T14:07:12.235366+00:00,forecast_20260524T140712Z.json
london,4,H+4,2026-05-24T03:00,2026-05-24T03:00,True,64,0,Open-Meteo hourly,,,2026-05-24T14:07:12.235366+00:00,forecast_20260524T140712Z.json
london,5,H+5,2026-05-24T04:00,2026-05-24T04:00,True,63,0,Open-Meteo hourly,,,2026-05-24T14:07:12.235366+00:00,forecast_20260524T140712Z.json
london,6,H+6,2026-05-24T05:00,2026-05-24T05:00,True,62,0,Open-Meteo hourly,,,2026-05-24T14:07:12.235366+00:00,forecast_20260524T140712Z.json
london,7,H+7,2026-05-24T06:00,2026-05-24T06:00,True,61,0,Open-Meteo hourly,,,2026-05-24T14:07:12.235366+00:00,forecast_20260524T140712Z.json
london,8,H+8,2026-05-24T07:00,2026-05-24T07:00,True,63,0,Open-Meteo hourly,,,2026-05-24T14:07:12.235366+00:00,forecast_20260524T140712Z.json
london,9,H+9,2026-05-24T08:00,2026-05-24T08:00,True,66,0,Open-Meteo hourly,,,2026-05-24T14:07:12.235366+00:00,forecast_20260524T140712Z.json
london,10,H+10,2026-05-24T09:00,2026-05-24T09:00,True,69,0,Open-Meteo hourly,,,2026-05-24T14:07:12.235366+00:00,forecast_20260524T140712Z.json
london,11,H+11,2026-05-24T10:00,2026-05-24T10:00,True,72,0,Open-Meteo hourly,,,2026-05-24T14:07:12.235366+00:00,forecast_20260524T140712Z.json
london,12,H+12,2026-05-24T11:00,2026-05-24T11:00,True,75,0,Open-Meteo hourly,,,2026-05-24T14:07:12.235366+00:00,forecast_20260524T140712Z.json
london,13,H+13,2026-05-24T12:00,2026-05-24T12:00,True,78,0,Open-Meteo hourly,,,2026-05-24T14:07:12.235366+00:00,forecast_20260524T140712Z.json
london,14,H+14,2026-05-24T13:00,2026-05-24T13:00,True,81,0,Open-Meteo hourly,,,2026-05-24T14:07:12.235366+00:00,forecast_20260524T140712Z.json
london,15,H+15,2026-05-24T14:00,2026-05-24T14:00,True,84,0,Open-Meteo hourly,,,2026-05-24T14:07:12.235366+00:00,forecast_20260524T140712Z.json
london,16,H+16,2026-05-24T15:00,2026-05-24T15:00,True,85,0,Open-Meteo hourly,,,2026-05-24T14:07:12.235366+00:00,forecast_20260524T140712Z.json
london,17,H+17,2026-05-24T16:00,2026-05-24T16:00,True,86,0,Open-Meteo hourly,,,2026-05-24T14:07:12.235366+00:00,forecast_20260524T140712Z.json
london,18,H+18,2026-05-24T17:00,2026-05-24T17:00,True,87,0,Open-Meteo hourly,,,2026-05-24T14:07:12.235366+00:00,forecast_20260524T140712Z.json
london,19,H+19,2026-05-24T18:00,2026-05-24T18:00,True,87,0,Open-Meteo hourly,,,2026-05-24T14:07:12.235366+00:00,forecast_20260524T140712Z.json
london,20,H+20,2026-05-24T19:00,2026-05-24T19:00,True,87,0,Open-Meteo hourly,,,2026-05-24T14:07:12.235366+00:00,forecast_20260524T140712Z.json
london,21,H+21,2026-05-24T20:00,2026-05-24T20:00,True,85,0,Open-Meteo hourly,,,2026-05-24T14:07:12.235366+00:00,forecast_20260524T140712Z.json
london,22,H+22,2026-05-24T21:00,2026-05-24T21:00,True,82,0,Open-Meteo hourly,,,2026-05-24T14:07:12.235366+00:00,forecast_20260524T140712Z.json
london,23,H+23,2026-05-24T22:00,2026-05-24T22:00,True,80,0,Open-Meteo hourly,,,2026-05-24T14:07:12.235366+00:00,forecast_20260524T140712Z.json
london,24,H+24,2026-05-24T23:00,2026-05-24T23:00,True,78,0,Open-Meteo hourly,,,2026-05-24T14:07:12.235366+00:00,forecast_20260524T140712Z.json
la,1,Today,2026-05-23T11:00:00-07:00,2026-05-23T18:00:00-07:00,True,74,0,Partly Sunny,5 to 10 mph,SW,2026-05-24T00:27:35.923106+00:00,forecast_20260524T002734Z.json
la,2,Tonight,2026-05-23T18:00:00-07:00,2026-05-24T06:00:00-07:00,False,56,0,Patchy Fog,0 to 10 mph,SW,2026-05-24T00:27:35.923106+00:00,forecast_20260524T002734Z.json
la,3,Sunday,2026-05-24T06:00:00-07:00,2026-05-24T18:00:00-07:00,True,73,0,Patchy Fog then Mostly Sunny,0 to 10 mph,SW,2026-05-24T00:27:35.923106+00:00,forecast_20260524T002734Z.json
la,4,Sunday Night,2026-05-24T18:00:00-07:00,2026-05-25T06:00:00-07:00,False,56,0,Patchy Fog,5 to 10 mph,SSW,2026-05-24T00:27:35.923106+00:00,forecast_20260524T002734Z.json
la,5,Memorial Day,2026-05-25T06:00:00-07:00,2026-05-25T18:00:00-07:00,True,72,0,Patchy Fog then Mostly Sunny,5 to 10 mph,SW,2026-05-24T00:27:35.923106+00:00,forecast_20260524T002734Z.json
la,6,Monday Night,2026-05-25T18:00:00-07:00,2026-05-26T06:00:00-07:00,False,55,0,Patchy Fog,5 to 10 mph,S,2026-05-24T00:27:35.923106+00:00,forecast_20260524T002734Z.json
la,7,Tuesday,2026-05-26T06:00:00-07:00,2026-05-26T18:00:00-07:00,True,69,0,Patchy Fog then Mostly Sunny,5 to 10 mph,S,2026-05-24T00:27:35.923106+00:00,forecast_20260524T002734Z.json
la,8,Tuesday Night,2026-05-26T18:00:00-07:00,2026-05-27T06:00:00-07:00,False,55,3,Patchy Fog,5 to 10 mph,SSE,2026-05-24T00:27:35.923106+00:00,forecast_20260524T002734Z.json
la,9,Wednesday,2026-05-27T06:00:00-07:00,2026-05-27T18:00:00-07:00,True,68,1,Patchy Fog then Mostly Sunny,5 to 10 mph,SSE,2026-05-24T00:27:35.923106+00:00,forecast_20260524T002734Z.json
la,10,Wednesday Night,2026-05-27T18:00:00-07:00,2026-05-28T06:00:00-07:00,False,55,2,Mostly Cloudy,5 to 10 mph,SSE,2026-05-24T00:27:35.923106+00:00,forecast_20260524T002734Z.json
la,11,Thursday,2026-05-28T06:00:00-07:00,2026-05-28T18:00:00-07:00,True,69,0,Mostly Sunny,5 to 10 mph,S,2026-05-24T00:27:35.923106+00:00,forecast_20260524T002734Z.json
la,12,Thursday Night,2026-05-28T18:00:00-07:00,2026-05-29T06:00:00-07:00,False,55,0,Mostly Clear,0 to 10 mph,SSW,2026-05-24T00:27:35.923106+00:00,forecast_20260524T002734Z.json
la,13,Friday,2026-05-29T06:00:00-07:00,2026-05-29T18:00:00-07:00,True,72,0,Sunny,0 to 10 mph,S,2026-05-24T00:27:35.923106+00:00,forecast_20260524T002734Z.json
la,14,Friday Night,2026-05-29T18:00:00-07:00,2026-05-30T06:00:00-07:00,False,56,0,Mostly Clear,0 to 10 mph,SSE,2026-05-24T00:27:35.923106+00:00,forecast_20260524T002734Z.json
la,1,Today,2026-05-24T06:00:00-07:00,2026-05-24T18:00:00-07:00,True,73,0,Patchy Fog then Mostly Sunny,0 to 10 mph,SW,2026-05-24T14:07:15.809770+00:00,forecast_20260524T140714Z.json
la,2,Tonight,2026-05-24T18:00:00-07:00,2026-05-25T06:00:00-07:00,False,56,0,Patchy Fog,5 to 10 mph,SSW,2026-05-24T14:07:15.809770+00:00,forecast_20260524T140714Z.json
la,3,Memorial Day,2026-05-25T06:00:00-07:00,2026-05-25T18:00:00-07:00,True,72,0,Patchy Fog then Mostly Sunny,5 to 10 mph,SW,2026-05-24T14:07:15.809770+00:00,forecast_20260524T140714Z.json
la,4,Monday Night,2026-05-25T18:00:00-07:00,2026-05-26T06:00:00-07:00,False,56,0,Patchy Fog,5 to 10 mph,SSW,2026-05-24T14:07:15.809770+00:00,forecast_20260524T140714Z.json
la,5,Tuesday,2026-05-26T06:00:00-07:00,2026-05-26T18:00:00-07:00,True,69,0,Patchy Fog then Mostly Sunny,5 to 10 mph,S,2026-05-24T14:07:15.809770+00:00,forecast_20260524T140714Z.json
la,6,Tuesday Night,2026-05-26T18:00:00-07:00,2026-05-27T06:00:00-07:00,False,55,2,Patchy Fog,5 to 10 mph,SSE,2026-05-24T14:07:15.809770+00:00,forecast_20260524T140714Z.json
la,7,Wednesday,2026-05-27T06:00:00-07:00,2026-05-27T18:00:00-07:00,True,70,1,Patchy Fog then Partly Sunny,5 to 10 mph,SSE,2026-05-24T14:07:15.809770+00:00,forecast_20260524T140714Z.json
la,8,Wednesday Night,2026-05-27T18:00:00-07:00,2026-05-28T06:00:00-07:00,False,55,7,Mostly Cloudy,5 to 10 mph,S,2026-05-24T14:07:15.809770+00:00,forecast_20260524T140714Z.json
la,9,Thursday,2026-05-28T06:00:00-07:00,2026-05-28T18:00:00-07:00,True,68,1,Mostly Sunny,5 to 10 mph,S,2026-05-24T14:07:15.809770+00:00,forecast_20260524T140714Z.json
la,10,Thursday Night,2026-05-28T18:00:00-07:00,2026-05-29T06:00:00-07:00,False,55,0,Mostly Clear,0 to 10 mph,SSW,2026-05-24T14:07:15.809770+00:00,forecast_20260524T140714Z.json
la,11,Friday,2026-05-29T06:00:00-07:00,2026-05-29T18:00:00-07:00,True,71,0,Sunny,0 to 10 mph,SSW,2026-05-24T14:07:15.809770+00:00,forecast_20260524T140714Z.json
la,12,Friday Night,2026-05-29T18:00:00-07:00,2026-05-30T06:00:00-07:00,False,56,0,Mostly Clear,0 to 10 mph,S,2026-05-24T14:07:15.809770+00:00,forecast_20260524T140714Z.json
la,13,Saturday,2026-05-30T06:00:00-07:00,2026-05-30T18:00:00-07:00,True,76,0,Sunny,0 to 10 mph,S,2026-05-24T14:07:15.809770+00:00,forecast_20260524T140714Z.json
la,14,Saturday Night,2026-05-30T18:00:00-07:00,2026-05-31T06:00:00-07:00,False,58,0,Mostly Clear,0 to 10 mph,S,2026-05-24T14:07:15.809770+00:00,forecast_20260524T140714Z.json
madrid,1,H+1,2026-05-24T00:00,2026-05-24T00:00,True,75,0,Open-Meteo hourly,,,2026-05-24T14:07:18.599005+00:00,forecast_20260524T140718Z.json
madrid,2,H+2,2026-05-24T01:00,2026-05-24T01:00,True,72,0,Open-Meteo hourly,,,2026-05-24T14:07:18.599005+00:00,forecast_20260524T140718Z.json
madrid,3,H+3,2026-05-24T02:00,2026-05-24T02:00,True,70,0,Open-Meteo hourly,,,2026-05-24T14:07:18.599005+00:00,forecast_20260524T140718Z.json
madrid,4,H+4,2026-05-24T03:00,2026-05-24T03:00,True,68,0,Open-Meteo hourly,,,2026-05-24T14:07:18.599005+00:00,forecast_20260524T140718Z.json
madrid,5,H+5,2026-05-24T04:00,2026-05-24T04:00,True,66,0,Open-Meteo hourly,,,2026-05-24T14:07:18.599005+00:00,forecast_20260524T140718Z.json
madrid,6,H+6,2026-05-24T05:00,2026-05-24T05:00,True,65,0,Open-Meteo hourly,,,2026-05-24T14:07:18.599005+00:00,forecast_20260524T140718Z.json
madrid,7,H+7,2026-05-24T06:00,2026-05-24T06:00,True,64,0,Open-Meteo hourly,,,2026-05-24T14:07:18.599005+00:00,forecast_20260524T140718Z.json
madrid,8,H+8,2026-05-24T07:00,2026-05-24T07:00,True,63,0,Open-Meteo hourly,,,2026-05-24T14:07:18.599005+00:00,forecast_20260524T140718Z.json
madrid,9,H+9,2026-05-24T08:00,2026-05-24T08:00,True,64,0,Open-Meteo hourly,,,2026-05-24T14:07:18.599005+00:00,forecast_20260524T140718Z.json
madrid,10,H+10,2026-05-24T09:00,2026-05-24T09:00,True,66,0,Open-Meteo hourly,,,2026-05-24T14:07:18.599005+00:00,forecast_20260524T140718Z.json
madrid,11,H+11,2026-05-24T10:00,2026-05-24T10:00,True,70,0,Open-Meteo hourly,,,2026-05-24T14:07:18.599005+00:00,forecast_20260524T140718Z.json
madrid,12,H+12,2026-05-24T11:00,2026-05-24T11:00,True,75,0,Open-Meteo hourly,,,2026-05-24T14:07:18.599005+00:00,forecast_20260524T140718Z.json
madrid,13,H+13,2026-05-24T12:00,2026-05-24T12:00,True,78,0,Open-Meteo hourly,,,2026-05-24T14:07:18.599005+00:00,forecast_20260524T140718Z.json
madrid,14,H+14,2026-05-24T13:00,2026-05-24T13:00,True,81,0,Open-Meteo hourly,,,2026-05-24T14:07:18.599005+00:00,forecast_20260524T140718Z.json
madrid,15,H+15,2026-05-24T14:00,2026-05-24T14:00,True,84,0,Open-Meteo hourly,,,2026-05-24T14:07:18.599005+00:00,forecast_20260524T140718Z.json
madrid,16,H+16,2026-05-24T15:00,2026-05-24T15:00,True,87,0,Open-Meteo hourly,,,2026-05-24T14:07:18.599005+00:00,forecast_20260524T140718Z.json
madrid,17,H+17,2026-05-24T16:00,2026-05-24T16:00,True,88,0,Open-Meteo hourly,,,2026-05-24T14:07:18.599005+00:00,forecast_20260524T140718Z.json
madrid,18,H+18,2026-05-24T17:00,2026-05-24T17:00,True,89,0,Open-Meteo hourly,,,2026-05-24T14:07:18.599005+00:00,forecast_20260524T140718Z.json
madrid,19,H+19,2026-05-24T18:00,2026-05-24T18:00,True,89,0,Open-Meteo hourly,,,2026-05-24T14:07:18.599005+00:00,forecast_20260524T140718Z.json
madrid,20,H+20,2026-05-24T19:00,2026-05-24T19:00,True,87,0,Open-Meteo hourly,,,2026-05-24T14:07:18.599005+00:00,forecast_20260524T140718Z.json
madrid,21,H+21,2026-05-24T20:00,2026-05-24T20:00,True,86,0,Open-Meteo hourly,,,2026-05-24T14:07:18.599005+00:00,forecast_20260524T140718Z.json
madrid,22,H+22,2026-05-24T21:00,2026-05-24T21:00,True,84,0,Open-Meteo hourly,,,2026-05-24T14:07:18.599005+00:00,forecast_20260524T140718Z.json
madrid,23,H+23,2026-05-24T22:00,2026-05-24T22:00,True,80,0,Open-Meteo hourly,,,2026-05-24T14:07:18.599005+00:00,forecast_20260524T140718Z.json
madrid,24,H+24,2026-05-24T23:00,2026-05-24T23:00,True,77,0,Open-Meteo hourly,,,2026-05-24T14:07:18.599005+00:00,forecast_20260524T140718Z.json
manila,1,H+1,2026-05-24T00:00,2026-05-24T00:00,True,86,24,Open-Meteo hourly,,,2026-05-24T14:07:24.202243+00:00,forecast_20260524T140724Z.json
manila,2,H+2,2026-05-24T01:00,2026-05-24T01:00,True,86,23,Open-Meteo hourly,,,2026-05-24T14:07:24.202243+00:00,forecast_20260524T140724Z.json
manila,3,H+3,2026-05-24T02:00,2026-05-24T02:00,True,84,27,Open-Meteo hourly,,,2026-05-24T14:07:24.202243+00:00,forecast_20260524T140724Z.json
manila,4,H+4,2026-05-24T03:00,2026-05-24T03:00,True,82,40,Open-Meteo hourly,,,2026-05-24T14:07:24.202243+00:00,forecast_20260524T140724Z.json
manila,5,H+5,2026-05-24T04:00,2026-05-24T04:00,True,82,57,Open-Meteo hourly,,,2026-05-24T14:07:24.202243+00:00,forecast_20260524T140724Z.json
manila,6,H+6,2026-05-24T05:00,2026-05-24T05:00,True,83,63,Open-Meteo hourly,,,2026-05-24T14:07:24.202243+00:00,forecast_20260524T140724Z.json
manila,7,H+7,2026-05-24T06:00,2026-05-24T06:00,True,83,47,Open-Meteo hourly,,,2026-05-24T14:07:24.202243+00:00,forecast_20260524T140724Z.json
manila,8,H+8,2026-05-24T07:00,2026-05-24T07:00,True,85,20,Open-Meteo hourly,,,2026-05-24T14:07:24.202243+00:00,forecast_20260524T140724Z.json
manila,9,H+9,2026-05-24T08:00,2026-05-24T08:00,True,88,0,Open-Meteo hourly,,,2026-05-24T14:07:24.202243+00:00,forecast_20260524T140724Z.json
manila,10,H+10,2026-05-24T09:00,2026-05-24T09:00,True,91,0,Open-Meteo hourly,,,2026-05-24T14:07:24.202243+00:00,forecast_20260524T140724Z.json
manila,11,H+11,2026-05-24T10:00,2026-05-24T10:00,True,94,0,Open-Meteo hourly,,,2026-05-24T14:07:24.202243+00:00,forecast_20260524T140724Z.json
manila,12,H+12,2026-05-24T11:00,2026-05-24T11:00,True,96,0,Open-Meteo hourly,,,2026-05-24T14:07:24.202243+00:00,forecast_20260524T140724Z.json
manila,13,H+13,2026-05-24T12:00,2026-05-24T12:00,True,97,6,Open-Meteo hourly,,,2026-05-24T14:07:24.202243+00:00,forecast_20260524T140724Z.json
manila,14,H+14,2026-05-24T13:00,2026-05-24T13:00,True,95,14,Open-Meteo hourly,,,2026-05-24T14:07:24.202243+00:00,forecast_20260524T140724Z.json
manila,15,H+15,2026-05-24T14:00,2026-05-24T14:00,True,97,24,Open-Meteo hourly,,,2026-05-24T14:07:24.202243+00:00,forecast_20260524T140724Z.json
manila,16,H+16,2026-05-24T15:00,2026-05-24T15:00,True,96,37,Open-Meteo hourly,,,2026-05-24T14:07:24.202243+00:00,forecast_20260524T140724Z.json
manila,17,H+17,2026-05-24T16:00,2026-05-24T16:00,True,96,51,Open-Meteo hourly,,,2026-05-24T14:07:24.202243+00:00,forecast_20260524T140724Z.json
manila,18,H+18,2026-05-24T17:00,2026-05-24T17:00,True,95,63,Open-Meteo hourly,,,2026-05-24T14:07:24.202243+00:00,forecast_20260524T140724Z.json
manila,19,H+19,2026-05-24T18:00,2026-05-24T18:00,True,93,70,Open-Meteo hourly,,,2026-05-24T14:07:24.202243+00:00,forecast_20260524T140724Z.json
manila,20,H+20,2026-05-24T19:00,2026-05-24T19:00,True,90,74,Open-Meteo hourly,,,2026-05-24T14:07:24.202243+00:00,forecast_20260524T140724Z.json
manila,21,H+21,2026-05-24T20:00,2026-05-24T20:00,True,90,76,Open-Meteo hourly,,,2026-05-24T14:07:24.202243+00:00,forecast_20260524T140724Z.json
manila,22,H+22,2026-05-24T21:00,2026-05-24T21:00,True,89,77,Open-Meteo hourly,,,2026-05-24T14:07:24.202243+00:00,forecast_20260524T140724Z.json
manila,23,H+23,2026-05-24T22:00,2026-05-24T22:00,True,87,76,Open-Meteo hourly,,,2026-05-24T14:07:24.202243+00:00,forecast_20260524T140724Z.json
manila,24,H+24,2026-05-24T23:00,2026-05-24T23:00,True,86,75,Open-Meteo hourly,,,2026-05-24T14:07:24.202243+00:00,forecast_20260524T140724Z.json
melbourne,1,H+1,2026-05-24T00:00,2026-05-24T00:00,True,51,0,Open-Meteo hourly,,,2026-05-24T00:54:14.342416+00:00,forecast_20260524T005414Z.json
melbourne,2,H+2,2026-05-24T01:00,2026-05-24T01:00,True,50,0,Open-Meteo hourly,,,2026-05-24T00:54:14.342416+00:00,forecast_20260524T005414Z.json
melbourne,3,H+3,2026-05-24T02:00,2026-05-24T02:00,True,49,0,Open-Meteo hourly,,,2026-05-24T00:54:14.342416+00:00,forecast_20260524T005414Z.json
melbourne,4,H+4,2026-05-24T03:00,2026-05-24T03:00,True,50,0,Open-Meteo hourly,,,2026-05-24T00:54:14.342416+00:00,forecast_20260524T005414Z.json
melbourne,5,H+5,2026-05-24T04:00,2026-05-24T04:00,True,48,0,Open-Meteo hourly,,,2026-05-24T00:54:14.342416+00:00,forecast_20260524T005414Z.json
melbourne,6,H+6,2026-05-24T05:00,2026-05-24T05:00,True,48,0,Open-Meteo hourly,,,2026-05-24T00:54:14.342416+00:00,forecast_20260524T005414Z.json
melbourne,7,H+7,2026-05-24T06:00,2026-05-24T06:00,True,47,0,Open-Meteo hourly,,,2026-05-24T00:54:14.342416+00:00,forecast_20260524T005414Z.json
melbourne,8,H+8,2026-05-24T07:00,2026-05-24T07:00,True,49,0,Open-Meteo hourly,,,2026-05-24T00:54:14.342416+00:00,forecast_20260524T005414Z.json
melbourne,9,H+9,2026-05-24T08:00,2026-05-24T08:00,True,49,0,Open-Meteo hourly,,,2026-05-24T00:54:14.342416+00:00,forecast_20260524T005414Z.json
melbourne,10,H+10,2026-05-24T09:00,2026-05-24T09:00,True,51,0,Open-Meteo hourly,,,2026-05-24T00:54:14.342416+00:00,forecast_20260524T005414Z.json
melbourne,11,H+11,2026-05-24T10:00,2026-05-24T10:00,True,53,0,Open-Meteo hourly,,,2026-05-24T00:54:14.342416+00:00,forecast_20260524T005414Z.json
melbourne,12,H+12,2026-05-24T11:00,2026-05-24T11:00,True,56,4,Open-Meteo hourly,,,2026-05-24T00:54:14.342416+00:00,forecast_20260524T005414Z.json
melbourne,13,H+13,2026-05-24T12:00,2026-05-24T12:00,True,60,11,Open-Meteo hourly,,,2026-05-24T00:54:14.342416+00:00,forecast_20260524T005414Z.json
melbourne,14,H+14,2026-05-24T13:00,2026-05-24T13:00,True,62,16,Open-Meteo hourly,,,2026-05-24T00:54:14.342416+00:00,forecast_20260524T005414Z.json
melbourne,15,H+15,2026-05-24T14:00,2026-05-24T14:00,True,61,21,Open-Meteo hourly,,,2026-05-24T00:54:14.342416+00:00,forecast_20260524T005414Z.json
melbourne,16,H+16,2026-05-24T15:00,2026-05-24T15:00,True,60,24,Open-Meteo hourly,,,2026-05-24T00:54:14.342416+00:00,forecast_20260524T005414Z.json
melbourne,17,H+17,2026-05-24T16:00,2026-05-24T16:00,True,60,25,Open-Meteo hourly,,,2026-05-24T00:54:14.342416+00:00,forecast_20260524T005414Z.json
melbourne,18,H+18,2026-05-24T17:00,2026-05-24T17:00,True,59,19,Open-Meteo hourly,,,2026-05-24T00:54:14.342416+00:00,forecast_20260524T005414Z.json
melbourne,19,H+19,2026-05-24T18:00,2026-05-24T18:00,True,59,9,Open-Meteo hourly,,,2026-05-24T00:54:14.342416+00:00,forecast_20260524T005414Z.json
melbourne,20,H+20,2026-05-24T19:00,2026-05-24T19:00,True,59,4,Open-Meteo hourly,,,2026-05-24T00:54:14.342416+00:00,forecast_20260524T005414Z.json
melbourne,21,H+21,2026-05-24T20:00,2026-05-24T20:00,True,58,8,Open-Meteo hourly,,,2026-05-24T00:54:14.342416+00:00,forecast_20260524T005414Z.json
melbourne,22,H+22,2026-05-24T21:00,2026-05-24T21:00,True,57,17,Open-Meteo hourly,,,2026-05-24T00:54:14.342416+00:00,forecast_20260524T005414Z.json
melbourne,23,H+23,2026-05-24T22:00,2026-05-24T22:00,True,57,25,Open-Meteo hourly,,,2026-05-24T00:54:14.342416+00:00,forecast_20260524T005414Z.json
melbourne,24,H+24,2026-05-24T23:00,2026-05-24T23:00,True,56,30,Open-Meteo hourly,,,2026-05-24T00:54:14.342416+00:00,forecast_20260524T005414Z.json
melbourne,1,H+1,2026-05-25T00:00,2026-05-25T00:00,True,55,6,Open-Meteo hourly,,,2026-05-24T14:07:26.238729+00:00,forecast_20260524T140726Z.json
melbourne,2,H+2,2026-05-25T01:00,2026-05-25T01:00,True,55,0,Open-Meteo hourly,,,2026-05-24T14:07:26.238729+00:00,forecast_20260524T140726Z.json
melbourne,3,H+3,2026-05-25T02:00,2026-05-25T02:00,True,55,6,Open-Meteo hourly,,,2026-05-24T14:07:26.238729+00:00,forecast_20260524T140726Z.json
melbourne,4,H+4,2026-05-25T03:00,2026-05-25T03:00,True,55,19,Open-Meteo hourly,,,2026-05-24T14:07:26.238729+00:00,forecast_20260524T140726Z.json
melbourne,5,H+5,2026-05-25T04:00,2026-05-25T04:00,True,53,29,Open-Meteo hourly,,,2026-05-24T14:07:26.238729+00:00,forecast_20260524T140726Z.json
melbourne,6,H+6,2026-05-25T05:00,2026-05-25T05:00,True,52,34,Open-Meteo hourly,,,2026-05-24T14:07:26.238729+00:00,forecast_20260524T140726Z.json
melbourne,7,H+7,2026-05-25T06:00,2026-05-25T06:00,True,52,37,Open-Meteo hourly,,,2026-05-24T14:07:26.238729+00:00,forecast_20260524T140726Z.json
melbourne,8,H+8,2026-05-25T07:00,2026-05-25T07:00,True,51,37,Open-Meteo hourly,,,2026-05-24T14:07:26.238729+00:00,forecast_20260524T140726Z.json
melbourne,9,H+9,2026-05-25T08:00,2026-05-25T08:00,True,51,33,Open-Meteo hourly,,,2026-05-24T14:07:26.238729+00:00,forecast_20260524T140726Z.json
melbourne,10,H+10,2026-05-25T09:00,2026-05-25T09:00,True,53,26,Open-Meteo hourly,,,2026-05-24T14:07:26.238729+00:00,forecast_20260524T140726Z.json
melbourne,11,H+11,2026-05-25T10:00,2026-05-25T10:00,True,54,22,Open-Meteo hourly,,,2026-05-24T14:07:26.238729+00:00,forecast_20260524T140726Z.json
melbourne,12,H+12,2026-05-25T11:00,2026-05-25T11:00,True,56,24,Open-Meteo hourly,,,2026-05-24T14:07:26.238729+00:00,forecast_20260524T140726Z.json
melbourne,13,H+13,2026-05-25T12:00,2026-05-25T12:00,True,58,28,Open-Meteo hourly,,,2026-05-24T14:07:26.238729+00:00,forecast_20260524T140726Z.json
melbourne,14,H+14,2026-05-25T13:00,2026-05-25T13:00,True,60,31,Open-Meteo hourly,,,2026-05-24T14:07:26.238729+00:00,forecast_20260524T140726Z.json
melbourne,15,H+15,2026-05-25T14:00,2026-05-25T14:00,True,60,32,Open-Meteo hourly,,,2026-05-24T14:07:26.238729+00:00,forecast_20260524T140726Z.json
melbourne,16,H+16,2026-05-25T15:00,2026-05-25T15:00,True,61,31,Open-Meteo hourly,,,2026-05-24T14:07:26.238729+00:00,forecast_20260524T140726Z.json
melbourne,17,H+17,2026-05-25T16:00,2026-05-25T16:00,True,61,29,Open-Meteo hourly,,,2026-05-24T14:07:26.238729+00:00,forecast_20260524T140726Z.json
melbourne,18,H+18,2026-05-25T17:00,2026-05-25T17:00,True,60,23,Open-Meteo hourly,,,2026-05-24T14:07:26.238729+00:00,forecast_20260524T140726Z.json
melbourne,19,H+19,2026-05-25T18:00,2026-05-25T18:00,True,59,15,Open-Meteo hourly,,,2026-05-24T14:07:26.238729+00:00,forecast_20260524T140726Z.json
melbourne,20,H+20,2026-05-25T19:00,2026-05-25T19:00,True,57,8,Open-Meteo hourly,,,2026-05-24T14:07:26.238729+00:00,forecast_20260524T140726Z.json
melbourne,21,H+21,2026-05-25T20:00,2026-05-25T20:00,True,56,4,Open-Meteo hourly,,,2026-05-24T14:07:26.238729+00:00,forecast_20260524T140726Z.json
melbourne,22,H+22,2026-05-25T21:00,2026-05-25T21:00,True,55,1,Open-Meteo hourly,,,2026-05-24T14:07:26.238729+00:00,forecast_20260524T140726Z.json
melbourne,23,H+23,2026-05-25T22:00,2026-05-25T22:00,True,53,0,Open-Meteo hourly,,,2026-05-24T14:07:26.238729+00:00,forecast_20260524T140726Z.json
melbourne,24,H+24,2026-05-25T23:00,2026-05-25T23:00,True,53,3,Open-Meteo hourly,,,2026-05-24T14:07:26.238729+00:00,forecast_20260524T140726Z.json
mexico-city,1,H+1,2026-05-23T00:00,2026-05-23T00:00,True,63,0,Open-Meteo hourly,,,2026-05-24T00:54:16.355707+00:00,forecast_20260524T005416Z.json
mexico-city,2,H+2,2026-05-23T01:00,2026-05-23T01:00,True,61,0,Open-Meteo hourly,,,2026-05-24T00:54:16.355707+00:00,forecast_20260524T005416Z.json
mexico-city,3,H+3,2026-05-23T02:00,2026-05-23T02:00,True,60,0,Open-Meteo hourly,,,2026-05-24T00:54:16.355707+00:00,forecast_20260524T005416Z.json
mexico-city,4,H+4,2026-05-23T03:00,2026-05-23T03:00,True,59,0,Open-Meteo hourly,,,2026-05-24T00:54:16.355707+00:00,forecast_20260524T005416Z.json
mexico-city,5,H+5,2026-05-23T04:00,2026-05-23T04:00,True,58,1,Open-Meteo hourly,,,2026-05-24T00:54:16.355707+00:00,forecast_20260524T005416Z.json
mexico-city,6,H+6,2026-05-23T05:00,2026-05-23T05:00,True,57,1,Open-Meteo hourly,,,2026-05-24T00:54:16.355707+00:00,forecast_20260524T005416Z.json
mexico-city,7,H+7,2026-05-23T06:00,2026-05-23T06:00,True,56,2,Open-Meteo hourly,,,2026-05-24T00:54:16.355707+00:00,forecast_20260524T005416Z.json
mexico-city,8,H+8,2026-05-23T07:00,2026-05-23T07:00,True,57,1,Open-Meteo hourly,,,2026-05-24T00:54:16.355707+00:00,forecast_20260524T005416Z.json
mexico-city,9,H+9,2026-05-23T08:00,2026-05-23T08:00,True,59,1,Open-Meteo hourly,,,2026-05-24T00:54:16.355707+00:00,forecast_20260524T005416Z.json
mexico-city,10,H+10,2026-05-23T09:00,2026-05-23T09:00,True,64,4,Open-Meteo hourly,,,2026-05-24T00:54:16.355707+00:00,forecast_20260524T005416Z.json
mexico-city,11,H+11,2026-05-23T10:00,2026-05-23T10:00,True,68,13,Open-Meteo hourly,,,2026-05-24T00:54:16.355707+00:00,forecast_20260524T005416Z.json
mexico-city,12,H+12,2026-05-23T11:00,2026-05-23T11:00,True,71,26,Open-Meteo hourly,,,2026-05-24T00:54:16.355707+00:00,forecast_20260524T005416Z.json
mexico-city,13,H+13,2026-05-23T12:00,2026-05-23T12:00,True,74,41,Open-Meteo hourly,,,2026-05-24T00:54:16.355707+00:00,forecast_20260524T005416Z.json
mexico-city,14,H+14,2026-05-23T13:00,2026-05-23T13:00,True,77,60,Open-Meteo hourly,,,2026-05-24T00:54:16.355707+00:00,forecast_20260524T005416Z.json
mexico-city,15,H+15,2026-05-23T14:00,2026-05-23T14:00,True,77,81,Open-Meteo hourly,,,2026-05-24T00:54:16.355707+00:00,forecast_20260524T005416Z.json
mexico-city,16,H+16,2026-05-23T15:00,2026-05-23T15:00,True,79,96,Open-Meteo hourly,,,2026-05-24T00:54:16.355707+00:00,forecast_20260524T005416Z.json
mexico-city,17,H+17,2026-05-23T16:00,2026-05-23T16:00,True,78,100,Open-Meteo hourly,,,2026-05-24T00:54:16.355707+00:00,forecast_20260524T005416Z.json
mexico-city,18,H+18,2026-05-23T17:00,2026-05-23T17:00,True,74,100,Open-Meteo hourly,,,2026-05-24T00:54:16.355707+00:00,forecast_20260524T005416Z.json
mexico-city,19,H+19,2026-05-23T18:00,2026-05-23T18:00,True,63,100,Open-Meteo hourly,,,2026-05-24T00:54:16.355707+00:00,forecast_20260524T005416Z.json
mexico-city,20,H+20,2026-05-23T19:00,2026-05-23T19:00,True,63,98,Open-Meteo hourly,,,2026-05-24T00:54:16.355707+00:00,forecast_20260524T005416Z.json
mexico-city,21,H+21,2026-05-23T20:00,2026-05-23T20:00,True,62,94,Open-Meteo hourly,,,2026-05-24T00:54:16.355707+00:00,forecast_20260524T005416Z.json
mexico-city,22,H+22,2026-05-23T21:00,2026-05-23T21:00,True,61,84,Open-Meteo hourly,,,2026-05-24T00:54:16.355707+00:00,forecast_20260524T005416Z.json
mexico-city,23,H+23,2026-05-23T22:00,2026-05-23T22:00,True,60,62,Open-Meteo hourly,,,2026-05-24T00:54:16.355707+00:00,forecast_20260524T005416Z.json
mexico-city,24,H+24,2026-05-23T23:00,2026-05-23T23:00,True,60,34,Open-Meteo hourly,,,2026-05-24T00:54:16.355707+00:00,forecast_20260524T005416Z.json
mexico-city,1,H+1,2026-05-24T00:00,2026-05-24T00:00,True,59,14,Open-Meteo hourly,,,2026-05-24T14:07:28.134947+00:00,forecast_20260524T140728Z.json
mexico-city,2,H+2,2026-05-24T01:00,2026-05-24T01:00,True,57,4,Open-Meteo hourly,,,2026-05-24T14:07:28.134947+00:00,forecast_20260524T140728Z.json
mexico-city,3,H+3,2026-05-24T02:00,2026-05-24T02:00,True,56,3,Open-Meteo hourly,,,2026-05-24T14:07:28.134947+00:00,forecast_20260524T140728Z.json
mexico-city,4,H+4,2026-05-24T03:00,2026-05-24T03:00,True,55,2,Open-Meteo hourly,,,2026-05-24T14:07:28.134947+00:00,forecast_20260524T140728Z.json
mexico-city,5,H+5,2026-05-24T04:00,2026-05-24T04:00,True,54,1,Open-Meteo hourly,,,2026-05-24T14:07:28.134947+00:00,forecast_20260524T140728Z.json
mexico-city,6,H+6,2026-05-24T05:00,2026-05-24T05:00,True,53,0,Open-Meteo hourly,,,2026-05-24T14:07:28.134947+00:00,forecast_20260524T140728Z.json
mexico-city,7,H+7,2026-05-24T06:00,2026-05-24T06:00,True,53,0,Open-Meteo hourly,,,2026-05-24T14:07:28.134947+00:00,forecast_20260524T140728Z.json
mexico-city,8,H+8,2026-05-24T07:00,2026-05-24T07:00,True,53,0,Open-Meteo hourly,,,2026-05-24T14:07:28.134947+00:00,forecast_20260524T140728Z.json
mexico-city,9,H+9,2026-05-24T08:00,2026-05-24T08:00,True,56,0,Open-Meteo hourly,,,2026-05-24T14:07:28.134947+00:00,forecast_20260524T140728Z.json
mexico-city,10,H+10,2026-05-24T09:00,2026-05-24T09:00,True,61,0,Open-Meteo hourly,,,2026-05-24T14:07:28.134947+00:00,forecast_20260524T140728Z.json
mexico-city,11,H+11,2026-05-24T10:00,2026-05-24T10:00,True,67,0,Open-Meteo hourly,,,2026-05-24T14:07:28.134947+00:00,forecast_20260524T140728Z.json
mexico-city,12,H+12,2026-05-24T11:00,2026-05-24T11:00,True,71,0,Open-Meteo hourly,,,2026-05-24T14:07:28.134947+00:00,forecast_20260524T140728Z.json
mexico-city,13,H+13,2026-05-24T12:00,2026-05-24T12:00,True,74,4,Open-Meteo hourly,,,2026-05-24T14:07:28.134947+00:00,forecast_20260524T140728Z.json
mexico-city,14,H+14,2026-05-24T13:00,2026-05-24T13:00,True,75,25,Open-Meteo hourly,,,2026-05-24T14:07:28.134947+00:00,forecast_20260524T140728Z.json
mexico-city,15,H+15,2026-05-24T14:00,2026-05-24T14:00,True,77,53,Open-Meteo hourly,,,2026-05-24T14:07:28.134947+00:00,forecast_20260524T140728Z.json
mexico-city,16,H+16,2026-05-24T15:00,2026-05-24T15:00,True,77,76,Open-Meteo hourly,,,2026-05-24T14:07:28.134947+00:00,forecast_20260524T140728Z.json
mexico-city,17,H+17,2026-05-24T16:00,2026-05-24T16:00,True,76,88,Open-Meteo hourly,,,2026-05-24T14:07:28.134947+00:00,forecast_20260524T140728Z.json
mexico-city,18,H+18,2026-05-24T17:00,2026-05-24T17:00,True,70,94,Open-Meteo hourly,,,2026-05-24T14:07:28.134947+00:00,forecast_20260524T140728Z.json
mexico-city,19,H+19,2026-05-24T18:00,2026-05-24T18:00,True,65,94,Open-Meteo hourly,,,2026-05-24T14:07:28.134947+00:00,forecast_20260524T140728Z.json
mexico-city,20,H+20,2026-05-24T19:00,2026-05-24T19:00,True,65,88,Open-Meteo hourly,,,2026-05-24T14:07:28.134947+00:00,forecast_20260524T140728Z.json
mexico-city,21,H+21,2026-05-24T20:00,2026-05-24T20:00,True,64,76,Open-Meteo hourly,,,2026-05-24T14:07:28.134947+00:00,forecast_20260524T140728Z.json
mexico-city,22,H+22,2026-05-24T21:00,2026-05-24T21:00,True,64,61,Open-Meteo hourly,,,2026-05-24T14:07:28.134947+00:00,forecast_20260524T140728Z.json
mexico-city,23,H+23,2026-05-24T22:00,2026-05-24T22:00,True,64,40,Open-Meteo hourly,,,2026-05-24T14:07:28.134947+00:00,forecast_20260524T140728Z.json
mexico-city,24,H+24,2026-05-24T23:00,2026-05-24T23:00,True,62,17,Open-Meteo hourly,,,2026-05-24T14:07:28.134947+00:00,forecast_20260524T140728Z.json
miami,1,Tonight,2026-05-23T18:00:00-04:00,2026-05-24T06:00:00-04:00,False,81,16,Slight Chance Showers And Thunderstorms then Partly Cloudy,14 mph,E,2026-05-24T00:54:19.106481+00:00,forecast_20260524T005418Z.json
miami,2,Sunday,2026-05-24T06:00:00-04:00,2026-05-24T18:00:00-04:00,True,86,12,Mostly Sunny,16 mph,SE,2026-05-24T00:54:19.106481+00:00,forecast_20260524T005418Z.json
miami,3,Sunday Night,2026-05-24T18:00:00-04:00,2026-05-25T06:00:00-04:00,False,81,20,Slight Chance Showers And Thunderstorms,16 mph,E,2026-05-24T00:54:19.106481+00:00,forecast_20260524T005418Z.json
miami,4,Memorial Day,2026-05-25T06:00:00-04:00,2026-05-25T18:00:00-04:00,True,86,18,Slight Chance Showers And Thunderstorms,17 mph,E,2026-05-24T00:54:19.106481+00:00,forecast_20260524T005418Z.json
miami,5,Monday Night,2026-05-25T18:00:00-04:00,2026-05-26T06:00:00-04:00,False,82,20,Slight Chance Showers And Thunderstorms,17 mph,E,2026-05-24T00:54:19.106481+00:00,forecast_20260524T005418Z.json
miami,6,Tuesday,2026-05-26T06:00:00-04:00,2026-05-26T18:00:00-04:00,True,86,17,Slight Chance Showers And Thunderstorms,17 mph,SE,2026-05-24T00:54:19.106481+00:00,forecast_20260524T005418Z.json
miami,7,Tuesday Night,2026-05-26T18:00:00-04:00,2026-05-27T06:00:00-04:00,False,80,32,Chance Showers And Thunderstorms,15 mph,SE,2026-05-24T00:54:19.106481+00:00,forecast_20260524T005418Z.json
miami,8,Wednesday,2026-05-27T06:00:00-04:00,2026-05-27T18:00:00-04:00,True,86,53,Chance Showers And Thunderstorms,14 mph,SE,2026-05-24T00:54:19.106481+00:00,forecast_20260524T005418Z.json
miami,9,Wednesday Night,2026-05-27T18:00:00-04:00,2026-05-28T06:00:00-04:00,False,78,54,Chance Showers And Thunderstorms,8 to 12 mph,SE,2026-05-24T00:54:19.106481+00:00,forecast_20260524T005418Z.json
miami,10,Thursday,2026-05-28T06:00:00-04:00,2026-05-28T18:00:00-04:00,True,86,67,Showers And Thunderstorms Likely,7 to 10 mph,SE,2026-05-24T00:54:19.106481+00:00,forecast_20260524T005418Z.json
miami,11,Thursday Night,2026-05-28T18:00:00-04:00,2026-05-29T06:00:00-04:00,False,79,67,Showers And Thunderstorms Likely,5 to 8 mph,S,2026-05-24T00:54:19.106481+00:00,forecast_20260524T005418Z.json
miami,12,Friday,2026-05-29T06:00:00-04:00,2026-05-29T18:00:00-04:00,True,87,67,Chance Showers And Thunderstorms,3 to 9 mph,S,2026-05-24T00:54:19.106481+00:00,forecast_20260524T005418Z.json
miami,13,Friday Night,2026-05-29T18:00:00-04:00,2026-05-30T06:00:00-04:00,False,79,67,Showers And Thunderstorms Likely then Chance Showers And Thunderstorms,6 to 9 mph,S,2026-05-24T00:54:19.106481+00:00,forecast_20260524T005418Z.json
miami,14,Saturday,2026-05-30T06:00:00-04:00,2026-05-30T18:00:00-04:00,True,86,70,Chance Showers And Thunderstorms,6 to 12 mph,S,2026-05-24T00:54:19.106481+00:00,forecast_20260524T005418Z.json
miami,1,Today,2026-05-24T07:00:00-04:00,2026-05-24T18:00:00-04:00,True,86,11,Mostly Sunny,15 mph,E,2026-05-24T14:07:31.747675+00:00,forecast_20260524T140730Z.json
miami,2,Tonight,2026-05-24T18:00:00-04:00,2026-05-25T06:00:00-04:00,False,81,26,Chance Showers And Thunderstorms,17 mph,E,2026-05-24T14:07:31.747675+00:00,forecast_20260524T140730Z.json
miami,3,Memorial Day,2026-05-25T06:00:00-04:00,2026-05-25T18:00:00-04:00,True,86,13,Mostly Sunny,18 mph,E,2026-05-24T14:07:31.747675+00:00,forecast_20260524T140730Z.json
miami,4,Monday Night,2026-05-25T18:00:00-04:00,2026-05-26T06:00:00-04:00,False,82,21,Slight Chance Showers And Thunderstorms,17 mph,E,2026-05-24T14:07:31.747675+00:00,forecast_20260524T140730Z.json
miami,5,Tuesday,2026-05-26T06:00:00-04:00,2026-05-26T18:00:00-04:00,True,86,16,Slight Chance Showers And Thunderstorms,18 mph,SE,2026-05-24T14:07:31.747675+00:00,forecast_20260524T140730Z.json
miami,6,Tuesday Night,2026-05-26T18:00:00-04:00,2026-05-27T06:00:00-04:00,False,82,38,Slight Chance Showers And Thunderstorms then Chance Showers And Thunderstorms,16 mph,SE,2026-05-24T14:07:31.747675+00:00,forecast_20260524T140730Z.json
miami,7,Wednesday,2026-05-27T06:00:00-04:00,2026-05-27T18:00:00-04:00,True,85,56,Chance Showers And Thunderstorms,16 mph,SE,2026-05-24T14:07:31.747675+00:00,forecast_20260524T140730Z.json
miami,8,Wednesday Night,2026-05-27T18:00:00-04:00,2026-05-28T06:00:00-04:00,False,79,58,Showers And Thunderstorms Likely then Chance Showers And Thunderstorms,8 to 13 mph,SE,2026-05-24T14:07:31.747675+00:00,forecast_20260524T140730Z.json
miami,9,Thursday,2026-05-28T06:00:00-04:00,2026-05-28T18:00:00-04:00,True,86,61,Showers And Thunderstorms Likely,10 mph,SE,2026-05-24T14:07:31.747675+00:00,forecast_20260524T140730Z.json
miami,10,Thursday Night,2026-05-28T18:00:00-04:00,2026-05-29T06:00:00-04:00,False,79,61,Showers And Thunderstorms Likely,5 to 9 mph,S,2026-05-24T14:07:31.747675+00:00,forecast_20260524T140730Z.json
miami,11,Friday,2026-05-29T06:00:00-04:00,2026-05-29T18:00:00-04:00,True,87,69,Chance Showers And Thunderstorms,5 to 9 mph,S,2026-05-24T14:07:31.747675+00:00,forecast_20260524T140730Z.json
miami,12,Friday Night,2026-05-29T18:00:00-04:00,2026-05-30T06:00:00-04:00,False,79,69,Showers And Thunderstorms Likely then Chance Showers And Thunderstorms,5 to 8 mph,S,2026-05-24T14:07:31.747675+00:00,forecast_20260524T140730Z.json
miami,13,Saturday,2026-05-30T06:00:00-04:00,2026-05-30T18:00:00-04:00,True,86,74,Chance Showers And Thunderstorms,5 to 10 mph,S,2026-05-24T14:07:31.747675+00:00,forecast_20260524T140730Z.json
miami,14,Saturday Night,2026-05-30T18:00:00-04:00,2026-05-31T06:00:00-04:00,False,79,74,Showers And Thunderstorms Likely then Chance Showers And Thunderstorms,9 mph,SE,2026-05-24T14:07:31.747675+00:00,forecast_20260524T140730Z.json
milan,1,H+1,2026-05-24T00:00,2026-05-24T00:00,True,71,0,Open-Meteo hourly,,,2026-05-24T14:07:33.279068+00:00,forecast_20260524T140733Z.json
milan,2,H+2,2026-05-24T01:00,2026-05-24T01:00,True,70,0,Open-Meteo hourly,,,2026-05-24T14:07:33.279068+00:00,forecast_20260524T140733Z.json
milan,3,H+3,2026-05-24T02:00,2026-05-24T02:00,True,69,0,Open-Meteo hourly,,,2026-05-24T14:07:33.279068+00:00,forecast_20260524T140733Z.json
milan,4,H+4,2026-05-24T03:00,2026-05-24T03:00,True,69,0,Open-Meteo hourly,,,2026-05-24T14:07:33.279068+00:00,forecast_20260524T140733Z.json
milan,5,H+5,2026-05-24T04:00,2026-05-24T04:00,True,69,0,Open-Meteo hourly,,,2026-05-24T14:07:33.279068+00:00,forecast_20260524T140733Z.json
milan,6,H+6,2026-05-24T05:00,2026-05-24T05:00,True,67,0,Open-Meteo hourly,,,2026-05-24T14:07:33.279068+00:00,forecast_20260524T140733Z.json
milan,7,H+7,2026-05-24T06:00,2026-05-24T06:00,True,67,0,Open-Meteo hourly,,,2026-05-24T14:07:33.279068+00:00,forecast_20260524T140733Z.json
milan,8,H+8,2026-05-24T07:00,2026-05-24T07:00,True,67,0,Open-Meteo hourly,,,2026-05-24T14:07:33.279068+00:00,forecast_20260524T140733Z.json
milan,9,H+9,2026-05-24T08:00,2026-05-24T08:00,True,71,0,Open-Meteo hourly,,,2026-05-24T14:07:33.279068+00:00,forecast_20260524T140733Z.json
milan,10,H+10,2026-05-24T09:00,2026-05-24T09:00,True,74,0,Open-Meteo hourly,,,2026-05-24T14:07:33.279068+00:00,forecast_20260524T140733Z.json
milan,11,H+11,2026-05-24T10:00,2026-05-24T10:00,True,76,0,Open-Meteo hourly,,,2026-05-24T14:07:33.279068+00:00,forecast_20260524T140733Z.json
milan,12,H+12,2026-05-24T11:00,2026-05-24T11:00,True,79,0,Open-Meteo hourly,,,2026-05-24T14:07:33.279068+00:00,forecast_20260524T140733Z.json
milan,13,H+13,2026-05-24T12:00,2026-05-24T12:00,True,82,0,Open-Meteo hourly,,,2026-05-24T14:07:33.279068+00:00,forecast_20260524T140733Z.json
milan,14,H+14,2026-05-24T13:00,2026-05-24T13:00,True,84,0,Open-Meteo hourly,,,2026-05-24T14:07:33.279068+00:00,forecast_20260524T140733Z.json
milan,15,H+15,2026-05-24T14:00,2026-05-24T14:00,True,85,0,Open-Meteo hourly,,,2026-05-24T14:07:33.279068+00:00,forecast_20260524T140733Z.json
milan,16,H+16,2026-05-24T15:00,2026-05-24T15:00,True,86,0,Open-Meteo hourly,,,2026-05-24T14:07:33.279068+00:00,forecast_20260524T140733Z.json
milan,17,H+17,2026-05-24T16:00,2026-05-24T16:00,True,87,0,Open-Meteo hourly,,,2026-05-24T14:07:33.279068+00:00,forecast_20260524T140733Z.json
milan,18,H+18,2026-05-24T17:00,2026-05-24T17:00,True,87,0,Open-Meteo hourly,,,2026-05-24T14:07:33.279068+00:00,forecast_20260524T140733Z.json
milan,19,H+19,2026-05-24T18:00,2026-05-24T18:00,True,87,0,Open-Meteo hourly,,,2026-05-24T14:07:33.279068+00:00,forecast_20260524T140733Z.json
milan,20,H+20,2026-05-24T19:00,2026-05-24T19:00,True,86,0,Open-Meteo hourly,,,2026-05-24T14:07:33.279068+00:00,forecast_20260524T140733Z.json
milan,21,H+21,2026-05-24T20:00,2026-05-24T20:00,True,84,0,Open-Meteo hourly,,,2026-05-24T14:07:33.279068+00:00,forecast_20260524T140733Z.json
milan,22,H+22,2026-05-24T21:00,2026-05-24T21:00,True,81,0,Open-Meteo hourly,,,2026-05-24T14:07:33.279068+00:00,forecast_20260524T140733Z.json
milan,23,H+23,2026-05-24T22:00,2026-05-24T22:00,True,78,0,Open-Meteo hourly,,,2026-05-24T14:07:33.279068+00:00,forecast_20260524T140733Z.json
milan,24,H+24,2026-05-24T23:00,2026-05-24T23:00,True,77,0,Open-Meteo hourly,,,2026-05-24T14:07:33.279068+00:00,forecast_20260524T140733Z.json
montreal,1,H+1,2026-05-23T00:00,2026-05-23T00:00,True,53,0,Open-Meteo hourly,,,2026-05-24T00:54:22.556915+00:00,forecast_20260524T005422Z.json
montreal,2,H+2,2026-05-23T01:00,2026-05-23T01:00,True,50,0,Open-Meteo hourly,,,2026-05-24T00:54:22.556915+00:00,forecast_20260524T005422Z.json
montreal,3,H+3,2026-05-23T02:00,2026-05-23T02:00,True,48,0,Open-Meteo hourly,,,2026-05-24T00:54:22.556915+00:00,forecast_20260524T005422Z.json
montreal,4,H+4,2026-05-23T03:00,2026-05-23T03:00,True,48,0,Open-Meteo hourly,,,2026-05-24T00:54:22.556915+00:00,forecast_20260524T005422Z.json
montreal,5,H+5,2026-05-23T04:00,2026-05-23T04:00,True,46,0,Open-Meteo hourly,,,2026-05-24T00:54:22.556915+00:00,forecast_20260524T005422Z.json
montreal,6,H+6,2026-05-23T05:00,2026-05-23T05:00,True,46,0,Open-Meteo hourly,,,2026-05-24T00:54:22.556915+00:00,forecast_20260524T005422Z.json
montreal,7,H+7,2026-05-23T06:00,2026-05-23T06:00,True,48,0,Open-Meteo hourly,,,2026-05-24T00:54:22.556915+00:00,forecast_20260524T005422Z.json
montreal,8,H+8,2026-05-23T07:00,2026-05-23T07:00,True,50,0,Open-Meteo hourly,,,2026-05-24T00:54:22.556915+00:00,forecast_20260524T005422Z.json
montreal,9,H+9,2026-05-23T08:00,2026-05-23T08:00,True,55,0,Open-Meteo hourly,,,2026-05-24T00:54:22.556915+00:00,forecast_20260524T005422Z.json
montreal,10,H+10,2026-05-23T09:00,2026-05-23T09:00,True,60,0,Open-Meteo hourly,,,2026-05-24T00:54:22.556915+00:00,forecast_20260524T005422Z.json
montreal,11,H+11,2026-05-23T10:00,2026-05-23T10:00,True,63,0,Open-Meteo hourly,,,2026-05-24T00:54:22.556915+00:00,forecast_20260524T005422Z.json
montreal,12,H+12,2026-05-23T11:00,2026-05-23T11:00,True,65,0,Open-Meteo hourly,,,2026-05-24T00:54:22.556915+00:00,forecast_20260524T005422Z.json
montreal,13,H+13,2026-05-23T12:00,2026-05-23T12:00,True,67,0,Open-Meteo hourly,,,2026-05-24T00:54:22.556915+00:00,forecast_20260524T005422Z.json
montreal,14,H+14,2026-05-23T13:00,2026-05-23T13:00,True,68,0,Open-Meteo hourly,,,2026-05-24T00:54:22.556915+00:00,forecast_20260524T005422Z.json
montreal,15,H+15,2026-05-23T14:00,2026-05-23T14:00,True,69,0,Open-Meteo hourly,,,2026-05-24T00:54:22.556915+00:00,forecast_20260524T005422Z.json
montreal,16,H+16,2026-05-23T15:00,2026-05-23T15:00,True,69,0,Open-Meteo hourly,,,2026-05-24T00:54:22.556915+00:00,forecast_20260524T005422Z.json
montreal,17,H+17,2026-05-23T16:00,2026-05-23T16:00,True,69,0,Open-Meteo hourly,,,2026-05-24T00:54:22.556915+00:00,forecast_20260524T005422Z.json
montreal,18,H+18,2026-05-23T17:00,2026-05-23T17:00,True,69,0,Open-Meteo hourly,,,2026-05-24T00:54:22.556915+00:00,forecast_20260524T005422Z.json
montreal,19,H+19,2026-05-23T18:00,2026-05-23T18:00,True,68,1,Open-Meteo hourly,,,2026-05-24T00:54:22.556915+00:00,forecast_20260524T005422Z.json
montreal,20,H+20,2026-05-23T19:00,2026-05-23T19:00,True,67,1,Open-Meteo hourly,,,2026-05-24T00:54:22.556915+00:00,forecast_20260524T005422Z.json
montreal,21,H+21,2026-05-23T20:00,2026-05-23T20:00,True,62,0,Open-Meteo hourly,,,2026-05-24T00:54:22.556915+00:00,forecast_20260524T005422Z.json
montreal,22,H+22,2026-05-23T21:00,2026-05-23T21:00,True,60,0,Open-Meteo hourly,,,2026-05-24T00:54:22.556915+00:00,forecast_20260524T005422Z.json
montreal,23,H+23,2026-05-23T22:00,2026-05-23T22:00,True,58,1,Open-Meteo hourly,,,2026-05-24T00:54:22.556915+00:00,forecast_20260524T005422Z.json
montreal,24,H+24,2026-05-23T23:00,2026-05-23T23:00,True,57,0,Open-Meteo hourly,,,2026-05-24T00:54:22.556915+00:00,forecast_20260524T005422Z.json
montreal,1,H+1,2026-05-24T00:00,2026-05-24T00:00,True,58,1,Open-Meteo hourly,,,2026-05-24T14:07:36.195743+00:00,forecast_20260524T140736Z.json
montreal,2,H+2,2026-05-24T01:00,2026-05-24T01:00,True,57,4,Open-Meteo hourly,,,2026-05-24T14:07:36.195743+00:00,forecast_20260524T140736Z.json
montreal,3,H+3,2026-05-24T02:00,2026-05-24T02:00,True,56,9,Open-Meteo hourly,,,2026-05-24T14:07:36.195743+00:00,forecast_20260524T140736Z.json
montreal,4,H+4,2026-05-24T03:00,2026-05-24T03:00,True,55,17,Open-Meteo hourly,,,2026-05-24T14:07:36.195743+00:00,forecast_20260524T140736Z.json
montreal,5,H+5,2026-05-24T04:00,2026-05-24T04:00,True,52,27,Open-Meteo hourly,,,2026-05-24T14:07:36.195743+00:00,forecast_20260524T140736Z.json
montreal,6,H+6,2026-05-24T05:00,2026-05-24T05:00,True,52,38,Open-Meteo hourly,,,2026-05-24T14:07:36.195743+00:00,forecast_20260524T140736Z.json
montreal,7,H+7,2026-05-24T06:00,2026-05-24T06:00,True,51,47,Open-Meteo hourly,,,2026-05-24T14:07:36.195743+00:00,forecast_20260524T140736Z.json
montreal,8,H+8,2026-05-24T07:00,2026-05-24T07:00,True,51,56,Open-Meteo hourly,,,2026-05-24T14:07:36.195743+00:00,forecast_20260524T140736Z.json
montreal,9,H+9,2026-05-24T08:00,2026-05-24T08:00,True,51,53,Open-Meteo hourly,,,2026-05-24T14:07:36.195743+00:00,forecast_20260524T140736Z.json
montreal,10,H+10,2026-05-24T09:00,2026-05-24T09:00,True,50,63,Open-Meteo hourly,,,2026-05-24T14:07:36.195743+00:00,forecast_20260524T140736Z.json
montreal,11,H+11,2026-05-24T10:00,2026-05-24T10:00,True,50,51,Open-Meteo hourly,,,2026-05-24T14:07:36.195743+00:00,forecast_20260524T140736Z.json
montreal,12,H+12,2026-05-24T11:00,2026-05-24T11:00,True,50,36,Open-Meteo hourly,,,2026-05-24T14:07:36.195743+00:00,forecast_20260524T140736Z.json
montreal,13,H+13,2026-05-24T12:00,2026-05-24T12:00,True,51,30,Open-Meteo hourly,,,2026-05-24T14:07:36.195743+00:00,forecast_20260524T140736Z.json
montreal,14,H+14,2026-05-24T13:00,2026-05-24T13:00,True,51,26,Open-Meteo hourly,,,2026-05-24T14:07:36.195743+00:00,forecast_20260524T140736Z.json
montreal,15,H+15,2026-05-24T14:00,2026-05-24T14:00,True,51,18,Open-Meteo hourly,,,2026-05-24T14:07:36.195743+00:00,forecast_20260524T140736Z.json
montreal,16,H+16,2026-05-24T15:00,2026-05-24T15:00,True,51,13,Open-Meteo hourly,,,2026-05-24T14:07:36.195743+00:00,forecast_20260524T140736Z.json
montreal,17,H+17,2026-05-24T16:00,2026-05-24T16:00,True,51,15,Open-Meteo hourly,,,2026-05-24T14:07:36.195743+00:00,forecast_20260524T140736Z.json
montreal,18,H+18,2026-05-24T17:00,2026-05-24T17:00,True,50,12,Open-Meteo hourly,,,2026-05-24T14:07:36.195743+00:00,forecast_20260524T140736Z.json
montreal,19,H+19,2026-05-24T18:00,2026-05-24T18:00,True,50,12,Open-Meteo hourly,,,2026-05-24T14:07:36.195743+00:00,forecast_20260524T140736Z.json
montreal,20,H+20,2026-05-24T19:00,2026-05-24T19:00,True,50,8,Open-Meteo hourly,,,2026-05-24T14:07:36.195743+00:00,forecast_20260524T140736Z.json
montreal,21,H+21,2026-05-24T20:00,2026-05-24T20:00,True,50,8,Open-Meteo hourly,,,2026-05-24T14:07:36.195743+00:00,forecast_20260524T140736Z.json
montreal,22,H+22,2026-05-24T21:00,2026-05-24T21:00,True,50,6,Open-Meteo hourly,,,2026-05-24T14:07:36.195743+00:00,forecast_20260524T140736Z.json
montreal,23,H+23,2026-05-24T22:00,2026-05-24T22:00,True,50,5,Open-Meteo hourly,,,2026-05-24T14:07:36.195743+00:00,forecast_20260524T140736Z.json
montreal,24,H+24,2026-05-24T23:00,2026-05-24T23:00,True,50,6,Open-Meteo hourly,,,2026-05-24T14:07:36.195743+00:00,forecast_20260524T140736Z.json
moscow,1,H+1,2026-05-24T00:00,2026-05-24T00:00,True,59,0,Open-Meteo hourly,,,2026-05-24T14:07:38.063846+00:00,forecast_20260524T140738Z.json
moscow,2,H+2,2026-05-24T01:00,2026-05-24T01:00,True,58,0,Open-Meteo hourly,,,2026-05-24T14:07:38.063846+00:00,forecast_20260524T140738Z.json
moscow,3,H+3,2026-05-24T02:00,2026-05-24T02:00,True,56,0,Open-Meteo hourly,,,2026-05-24T14:07:38.063846+00:00,forecast_20260524T140738Z.json
moscow,4,H+4,2026-05-24T03:00,2026-05-24T03:00,True,55,0,Open-Meteo hourly,,,2026-05-24T14:07:38.063846+00:00,forecast_20260524T140738Z.json
moscow,5,H+5,2026-05-24T04:00,2026-05-24T04:00,True,54,0,Open-Meteo hourly,,,2026-05-24T14:07:38.063846+00:00,forecast_20260524T140738Z.json
moscow,6,H+6,2026-05-24T05:00,2026-05-24T05:00,True,54,0,Open-Meteo hourly,,,2026-05-24T14:07:38.063846+00:00,forecast_20260524T140738Z.json
moscow,7,H+7,2026-05-24T06:00,2026-05-24T06:00,True,55,0,Open-Meteo hourly,,,2026-05-24T14:07:38.063846+00:00,forecast_20260524T140738Z.json
moscow,8,H+8,2026-05-24T07:00,2026-05-24T07:00,True,59,0,Open-Meteo hourly,,,2026-05-24T14:07:38.063846+00:00,forecast_20260524T140738Z.json
moscow,9,H+9,2026-05-24T08:00,2026-05-24T08:00,True,63,0,Open-Meteo hourly,,,2026-05-24T14:07:38.063846+00:00,forecast_20260524T140738Z.json
moscow,10,H+10,2026-05-24T09:00,2026-05-24T09:00,True,67,0,Open-Meteo hourly,,,2026-05-24T14:07:38.063846+00:00,forecast_20260524T140738Z.json
moscow,11,H+11,2026-05-24T10:00,2026-05-24T10:00,True,69,10,Open-Meteo hourly,,,2026-05-24T14:07:38.063846+00:00,forecast_20260524T140738Z.json
moscow,12,H+12,2026-05-24T11:00,2026-05-24T11:00,True,69,20,Open-Meteo hourly,,,2026-05-24T14:07:38.063846+00:00,forecast_20260524T140738Z.json
moscow,13,H+13,2026-05-24T12:00,2026-05-24T12:00,True,71,28,Open-Meteo hourly,,,2026-05-24T14:07:38.063846+00:00,forecast_20260524T140738Z.json
moscow,14,H+14,2026-05-24T13:00,2026-05-24T13:00,True,71,38,Open-Meteo hourly,,,2026-05-24T14:07:38.063846+00:00,forecast_20260524T140738Z.json
moscow,15,H+15,2026-05-24T14:00,2026-05-24T14:00,True,71,53,Open-Meteo hourly,,,2026-05-24T14:07:38.063846+00:00,forecast_20260524T140738Z.json
moscow,16,H+16,2026-05-24T15:00,2026-05-24T15:00,True,71,43,Open-Meteo hourly,,,2026-05-24T14:07:38.063846+00:00,forecast_20260524T140738Z.json
moscow,17,H+17,2026-05-24T16:00,2026-05-24T16:00,True,71,45,Open-Meteo hourly,,,2026-05-24T14:07:38.063846+00:00,forecast_20260524T140738Z.json
moscow,18,H+18,2026-05-24T17:00,2026-05-24T17:00,True,70,50,Open-Meteo hourly,,,2026-05-24T14:07:38.063846+00:00,forecast_20260524T140738Z.json
moscow,19,H+19,2026-05-24T18:00,2026-05-24T18:00,True,68,60,Open-Meteo hourly,,,2026-05-24T14:07:38.063846+00:00,forecast_20260524T140738Z.json
moscow,20,H+20,2026-05-24T19:00,2026-05-24T19:00,True,66,53,Open-Meteo hourly,,,2026-05-24T14:07:38.063846+00:00,forecast_20260524T140738Z.json
moscow,21,H+21,2026-05-24T20:00,2026-05-24T20:00,True,63,20,Open-Meteo hourly,,,2026-05-24T14:07:38.063846+00:00,forecast_20260524T140738Z.json
moscow,22,H+22,2026-05-24T21:00,2026-05-24T21:00,True,61,20,Open-Meteo hourly,,,2026-05-24T14:07:38.063846+00:00,forecast_20260524T140738Z.json
moscow,23,H+23,2026-05-24T22:00,2026-05-24T22:00,True,60,25,Open-Meteo hourly,,,2026-05-24T14:07:38.063846+00:00,forecast_20260524T140738Z.json
moscow,24,H+24,2026-05-24T23:00,2026-05-24T23:00,True,59,33,Open-Meteo hourly,,,2026-05-24T14:07:38.063846+00:00,forecast_20260524T140738Z.json
mumbai,1,H+1,2026-05-24T00:00,2026-05-24T00:00,True,87,4,Open-Meteo hourly,,,2026-05-24T14:07:40.097103+00:00,forecast_20260524T140740Z.json
mumbai,2,H+2,2026-05-24T01:00,2026-05-24T01:00,True,87,12,Open-Meteo hourly,,,2026-05-24T14:07:40.097103+00:00,forecast_20260524T140740Z.json
mumbai,3,H+3,2026-05-24T02:00,2026-05-24T02:00,True,86,22,Open-Meteo hourly,,,2026-05-24T14:07:40.097103+00:00,forecast_20260524T140740Z.json
mumbai,4,H+4,2026-05-24T03:00,2026-05-24T03:00,True,86,35,Open-Meteo hourly,,,2026-05-24T14:07:40.097103+00:00,forecast_20260524T140740Z.json
mumbai,5,H+5,2026-05-24T04:00,2026-05-24T04:00,True,85,51,Open-Meteo hourly,,,2026-05-24T14:07:40.097103+00:00,forecast_20260524T140740Z.json
mumbai,6,H+6,2026-05-24T05:00,2026-05-24T05:00,True,85,63,Open-Meteo hourly,,,2026-05-24T14:07:40.097103+00:00,forecast_20260524T140740Z.json
mumbai,7,H+7,2026-05-24T06:00,2026-05-24T06:00,True,86,70,Open-Meteo hourly,,,2026-05-24T14:07:40.097103+00:00,forecast_20260524T140740Z.json
mumbai,8,H+8,2026-05-24T07:00,2026-05-24T07:00,True,86,73,Open-Meteo hourly,,,2026-05-24T14:07:40.097103+00:00,forecast_20260524T140740Z.json
mumbai,9,H+9,2026-05-24T08:00,2026-05-24T08:00,True,87,75,Open-Meteo hourly,,,2026-05-24T14:07:40.097103+00:00,forecast_20260524T140740Z.json
mumbai,10,H+10,2026-05-24T09:00,2026-05-24T09:00,True,89,74,Open-Meteo hourly,,,2026-05-24T14:07:40.097103+00:00,forecast_20260524T140740Z.json
mumbai,11,H+11,2026-05-24T10:00,2026-05-24T10:00,True,91,71,Open-Meteo hourly,,,2026-05-24T14:07:40.097103+00:00,forecast_20260524T140740Z.json
mumbai,12,H+12,2026-05-24T11:00,2026-05-24T11:00,True,93,69,Open-Meteo hourly,,,2026-05-24T14:07:40.097103+00:00,forecast_20260524T140740Z.json
mumbai,13,H+13,2026-05-24T12:00,2026-05-24T12:00,True,92,69,Open-Meteo hourly,,,2026-05-24T14:07:40.097103+00:00,forecast_20260524T140740Z.json
mumbai,14,H+14,2026-05-24T13:00,2026-05-24T13:00,True,92,70,Open-Meteo hourly,,,2026-05-24T14:07:40.097103+00:00,forecast_20260524T140740Z.json
mumbai,15,H+15,2026-05-24T14:00,2026-05-24T14:00,True,91,71,Open-Meteo hourly,,,2026-05-24T14:07:40.097103+00:00,forecast_20260524T140740Z.json
mumbai,16,H+16,2026-05-24T15:00,2026-05-24T15:00,True,91,73,Open-Meteo hourly,,,2026-05-24T14:07:40.097103+00:00,forecast_20260524T140740Z.json
mumbai,17,H+17,2026-05-24T16:00,2026-05-24T16:00,True,90,74,Open-Meteo hourly,,,2026-05-24T14:07:40.097103+00:00,forecast_20260524T140740Z.json
mumbai,18,H+18,2026-05-24T17:00,2026-05-24T17:00,True,89,71,Open-Meteo hourly,,,2026-05-24T14:07:40.097103+00:00,forecast_20260524T140740Z.json
mumbai,19,H+19,2026-05-24T18:00,2026-05-24T18:00,True,88,60,Open-Meteo hourly,,,2026-05-24T14:07:40.097103+00:00,forecast_20260524T140740Z.json
mumbai,20,H+20,2026-05-24T19:00,2026-05-24T19:00,True,87,45,Open-Meteo hourly,,,2026-05-24T14:07:40.097103+00:00,forecast_20260524T140740Z.json
mumbai,21,H+21,2026-05-24T20:00,2026-05-24T20:00,True,87,31,Open-Meteo hourly,,,2026-05-24T14:07:40.097103+00:00,forecast_20260524T140740Z.json
mumbai,22,H+22,2026-05-24T21:00,2026-05-24T21:00,True,86,21,Open-Meteo hourly,,,2026-05-24T14:07:40.097103+00:00,forecast_20260524T140740Z.json
mumbai,23,H+23,2026-05-24T22:00,2026-05-24T22:00,True,86,12,Open-Meteo hourly,,,2026-05-24T14:07:40.097103+00:00,forecast_20260524T140740Z.json
mumbai,24,H+24,2026-05-24T23:00,2026-05-24T23:00,True,86,6,Open-Meteo hourly,,,2026-05-24T14:07:40.097103+00:00,forecast_20260524T140740Z.json
munich,1,H+1,2026-05-24T00:00,2026-05-24T00:00,True,64,0,Open-Meteo hourly,,,2026-05-24T14:07:42.116553+00:00,forecast_20260524T140742Z.json
munich,2,H+2,2026-05-24T01:00,2026-05-24T01:00,True,62,0,Open-Meteo hourly,,,2026-05-24T14:07:42.116553+00:00,forecast_20260524T140742Z.json
munich,3,H+3,2026-05-24T02:00,2026-05-24T02:00,True,60,0,Open-Meteo hourly,,,2026-05-24T14:07:42.116553+00:00,forecast_20260524T140742Z.json
munich,4,H+4,2026-05-24T03:00,2026-05-24T03:00,True,59,0,Open-Meteo hourly,,,2026-05-24T14:07:42.116553+00:00,forecast_20260524T140742Z.json
munich,5,H+5,2026-05-24T04:00,2026-05-24T04:00,True,59,0,Open-Meteo hourly,,,2026-05-24T14:07:42.116553+00:00,forecast_20260524T140742Z.json
munich,6,H+6,2026-05-24T05:00,2026-05-24T05:00,True,57,0,Open-Meteo hourly,,,2026-05-24T14:07:42.116553+00:00,forecast_20260524T140742Z.json
munich,7,H+7,2026-05-24T06:00,2026-05-24T06:00,True,56,0,Open-Meteo hourly,,,2026-05-24T14:07:42.116553+00:00,forecast_20260524T140742Z.json
munich,8,H+8,2026-05-24T07:00,2026-05-24T07:00,True,57,0,Open-Meteo hourly,,,2026-05-24T14:07:42.116553+00:00,forecast_20260524T140742Z.json
munich,9,H+9,2026-05-24T08:00,2026-05-24T08:00,True,64,0,Open-Meteo hourly,,,2026-05-24T14:07:42.116553+00:00,forecast_20260524T140742Z.json
munich,10,H+10,2026-05-24T09:00,2026-05-24T09:00,True,69,0,Open-Meteo hourly,,,2026-05-24T14:07:42.116553+00:00,forecast_20260524T140742Z.json
munich,11,H+11,2026-05-24T10:00,2026-05-24T10:00,True,73,0,Open-Meteo hourly,,,2026-05-24T14:07:42.116553+00:00,forecast_20260524T140742Z.json
munich,12,H+12,2026-05-24T11:00,2026-05-24T11:00,True,77,0,Open-Meteo hourly,,,2026-05-24T14:07:42.116553+00:00,forecast_20260524T140742Z.json
munich,13,H+13,2026-05-24T12:00,2026-05-24T12:00,True,79,0,Open-Meteo hourly,,,2026-05-24T14:07:42.116553+00:00,forecast_20260524T140742Z.json
munich,14,H+14,2026-05-24T13:00,2026-05-24T13:00,True,81,0,Open-Meteo hourly,,,2026-05-24T14:07:42.116553+00:00,forecast_20260524T140742Z.json
munich,15,H+15,2026-05-24T14:00,2026-05-24T14:00,True,82,0,Open-Meteo hourly,,,2026-05-24T14:07:42.116553+00:00,forecast_20260524T140742Z.json
munich,16,H+16,2026-05-24T15:00,2026-05-24T15:00,True,83,0,Open-Meteo hourly,,,2026-05-24T14:07:42.116553+00:00,forecast_20260524T140742Z.json
munich,17,H+17,2026-05-24T16:00,2026-05-24T16:00,True,84,0,Open-Meteo hourly,,,2026-05-24T14:07:42.116553+00:00,forecast_20260524T140742Z.json
munich,18,H+18,2026-05-24T17:00,2026-05-24T17:00,True,84,0,Open-Meteo hourly,,,2026-05-24T14:07:42.116553+00:00,forecast_20260524T140742Z.json
munich,19,H+19,2026-05-24T18:00,2026-05-24T18:00,True,83,0,Open-Meteo hourly,,,2026-05-24T14:07:42.116553+00:00,forecast_20260524T140742Z.json
munich,20,H+20,2026-05-24T19:00,2026-05-24T19:00,True,83,0,Open-Meteo hourly,,,2026-05-24T14:07:42.116553+00:00,forecast_20260524T140742Z.json
munich,21,H+21,2026-05-24T20:00,2026-05-24T20:00,True,81,0,Open-Meteo hourly,,,2026-05-24T14:07:42.116553+00:00,forecast_20260524T140742Z.json
munich,22,H+22,2026-05-24T21:00,2026-05-24T21:00,True,79,0,Open-Meteo hourly,,,2026-05-24T14:07:42.116553+00:00,forecast_20260524T140742Z.json
munich,23,H+23,2026-05-24T22:00,2026-05-24T22:00,True,75,0,Open-Meteo hourly,,,2026-05-24T14:07:42.116553+00:00,forecast_20260524T140742Z.json
munich,24,H+24,2026-05-24T23:00,2026-05-24T23:00,True,72,0,Open-Meteo hourly,,,2026-05-24T14:07:42.116553+00:00,forecast_20260524T140742Z.json
nairobi,1,H+1,2026-05-24T00:00,2026-05-24T00:00,True,62,2,Open-Meteo hourly,,,2026-05-24T14:07:44.836534+00:00,forecast_20260524T140744Z.json
nairobi,2,H+2,2026-05-24T01:00,2026-05-24T01:00,True,61,1,Open-Meteo hourly,,,2026-05-24T14:07:44.836534+00:00,forecast_20260524T140744Z.json
nairobi,3,H+3,2026-05-24T02:00,2026-05-24T02:00,True,60,1,Open-Meteo hourly,,,2026-05-24T14:07:44.836534+00:00,forecast_20260524T140744Z.json
nairobi,4,H+4,2026-05-24T03:00,2026-05-24T03:00,True,61,0,Open-Meteo hourly,,,2026-05-24T14:07:44.836534+00:00,forecast_20260524T140744Z.json
nairobi,5,H+5,2026-05-24T04:00,2026-05-24T04:00,True,61,0,Open-Meteo hourly,,,2026-05-24T14:07:44.836534+00:00,forecast_20260524T140744Z.json
nairobi,6,H+6,2026-05-24T05:00,2026-05-24T05:00,True,61,0,Open-Meteo hourly,,,2026-05-24T14:07:44.836534+00:00,forecast_20260524T140744Z.json
nairobi,7,H+7,2026-05-24T06:00,2026-05-24T06:00,True,60,0,Open-Meteo hourly,,,2026-05-24T14:07:44.836534+00:00,forecast_20260524T140744Z.json
nairobi,8,H+8,2026-05-24T07:00,2026-05-24T07:00,True,59,0,Open-Meteo hourly,,,2026-05-24T14:07:44.836534+00:00,forecast_20260524T140744Z.json
nairobi,9,H+9,2026-05-24T08:00,2026-05-24T08:00,True,62,0,Open-Meteo hourly,,,2026-05-24T14:07:44.836534+00:00,forecast_20260524T140744Z.json
nairobi,10,H+10,2026-05-24T09:00,2026-05-24T09:00,True,66,0,Open-Meteo hourly,,,2026-05-24T14:07:44.836534+00:00,forecast_20260524T140744Z.json
nairobi,11,H+11,2026-05-24T10:00,2026-05-24T10:00,True,69,0,Open-Meteo hourly,,,2026-05-24T14:07:44.836534+00:00,forecast_20260524T140744Z.json
nairobi,12,H+12,2026-05-24T11:00,2026-05-24T11:00,True,72,0,Open-Meteo hourly,,,2026-05-24T14:07:44.836534+00:00,forecast_20260524T140744Z.json
nairobi,13,H+13,2026-05-24T12:00,2026-05-24T12:00,True,74,0,Open-Meteo hourly,,,2026-05-24T14:07:44.836534+00:00,forecast_20260524T140744Z.json
nairobi,14,H+14,2026-05-24T13:00,2026-05-24T13:00,True,76,6,Open-Meteo hourly,,,2026-05-24T14:07:44.836534+00:00,forecast_20260524T140744Z.json
nairobi,15,H+15,2026-05-24T14:00,2026-05-24T14:00,True,77,15,Open-Meteo hourly,,,2026-05-24T14:07:44.836534+00:00,forecast_20260524T140744Z.json
nairobi,16,H+16,2026-05-24T15:00,2026-05-24T15:00,True,77,24,Open-Meteo hourly,,,2026-05-24T14:07:44.836534+00:00,forecast_20260524T140744Z.json
nairobi,17,H+17,2026-05-24T16:00,2026-05-24T16:00,True,76,34,Open-Meteo hourly,,,2026-05-24T14:07:44.836534+00:00,forecast_20260524T140744Z.json
nairobi,18,H+18,2026-05-24T17:00,2026-05-24T17:00,True,74,44,Open-Meteo hourly,,,2026-05-24T14:07:44.836534+00:00,forecast_20260524T140744Z.json
nairobi,19,H+19,2026-05-24T18:00,2026-05-24T18:00,True,72,47,Open-Meteo hourly,,,2026-05-24T14:07:44.836534+00:00,forecast_20260524T140744Z.json
nairobi,20,H+20,2026-05-24T19:00,2026-05-24T19:00,True,69,36,Open-Meteo hourly,,,2026-05-24T14:07:44.836534+00:00,forecast_20260524T140744Z.json
nairobi,21,H+21,2026-05-24T20:00,2026-05-24T20:00,True,66,18,Open-Meteo hourly,,,2026-05-24T14:07:44.836534+00:00,forecast_20260524T140744Z.json
nairobi,22,H+22,2026-05-24T21:00,2026-05-24T21:00,True,65,4,Open-Meteo hourly,,,2026-05-24T14:07:44.836534+00:00,forecast_20260524T140744Z.json
nairobi,23,H+23,2026-05-24T22:00,2026-05-24T22:00,True,63,0,Open-Meteo hourly,,,2026-05-24T14:07:44.836534+00:00,forecast_20260524T140744Z.json
nairobi,24,H+24,2026-05-24T23:00,2026-05-24T23:00,True,63,0,Open-Meteo hourly,,,2026-05-24T14:07:44.836534+00:00,forecast_20260524T140744Z.json
nyc,1,Tonight,2026-05-23T18:00:00-04:00,2026-05-24T06:00:00-04:00,False,52,98,Rain,14 to 20 mph,E,2026-05-24T01:19:55.874059+00:00,forecast_20260524T011955Z.json
nyc,2,Sunday,2026-05-24T06:00:00-04:00,2026-05-24T18:00:00-04:00,True,59,100,Rain,13 to 18 mph,E,2026-05-24T01:19:55.874059+00:00,forecast_20260524T011955Z.json
nyc,3,Sunday Night,2026-05-24T18:00:00-04:00,2026-05-25T06:00:00-04:00,False,56,72,Light Rain Likely,6 to 12 mph,NE,2026-05-24T01:19:55.874059+00:00,forecast_20260524T011955Z.json
nyc,4,Memorial Day,2026-05-25T06:00:00-04:00,2026-05-25T18:00:00-04:00,True,70,52,Chance Rain Showers,6 mph,NW,2026-05-24T01:19:55.874059+00:00,forecast_20260524T011955Z.json
nyc,5,Monday Night,2026-05-25T18:00:00-04:00,2026-05-26T06:00:00-04:00,False,61,22,Slight Chance Rain Showers then Mostly Cloudy,6 mph,W,2026-05-24T01:19:55.874059+00:00,forecast_20260524T011955Z.json
nyc,6,Tuesday,2026-05-26T06:00:00-04:00,2026-05-26T18:00:00-04:00,True,75,8,Mostly Cloudy,3 to 8 mph,NE,2026-05-24T01:19:55.874059+00:00,forecast_20260524T011955Z.json
nyc,7,Tuesday Night,2026-05-26T18:00:00-04:00,2026-05-27T06:00:00-04:00,False,63,3,Mostly Cloudy,5 to 8 mph,SW,2026-05-24T01:19:55.874059+00:00,forecast_20260524T011955Z.json
nyc,8,Wednesday,2026-05-27T06:00:00-04:00,2026-05-27T18:00:00-04:00,True,83,6,Partly Sunny,5 to 12 mph,W,2026-05-24T01:19:55.874059+00:00,forecast_20260524T011955Z.json
nyc,9,Wednesday Night,2026-05-27T18:00:00-04:00,2026-05-28T06:00:00-04:00,False,65,11,Mostly Cloudy,7 to 12 mph,W,2026-05-24T01:19:55.874059+00:00,forecast_20260524T011955Z.json
nyc,10,Thursday,2026-05-28T06:00:00-04:00,2026-05-28T18:00:00-04:00,True,80,18,Mostly Sunny then Slight Chance Showers And Thunderstorms,7 to 12 mph,N,2026-05-24T01:19:55.874059+00:00,forecast_20260524T011955Z.json
nyc,11,Thursday Night,2026-05-28T18:00:00-04:00,2026-05-29T06:00:00-04:00,False,59,18,Slight Chance Showers And Thunderstorms then Partly Cloudy,12 mph,N,2026-05-24T01:19:55.874059+00:00,forecast_20260524T011955Z.json
nyc,12,Friday,2026-05-29T06:00:00-04:00,2026-05-29T18:00:00-04:00,True,74,14,Mostly Sunny,12 mph,W,2026-05-24T01:19:55.874059+00:00,forecast_20260524T011955Z.json
nyc,13,Friday Night,2026-05-29T18:00:00-04:00,2026-05-30T06:00:00-04:00,False,57,15,Slight Chance Rain Showers,8 to 12 mph,NE,2026-05-24T01:19:55.874059+00:00,forecast_20260524T011955Z.json
nyc,14,Saturday,2026-05-30T06:00:00-04:00,2026-05-30T18:00:00-04:00,True,72,7,Mostly Sunny,10 mph,E,2026-05-24T01:19:55.874059+00:00,forecast_20260524T011955Z.json
nyc,1,Today,2026-05-24T08:00:00-04:00,2026-05-24T18:00:00-04:00,True,57,97,Rain,12 to 17 mph,E,2026-05-24T14:07:47.744663+00:00,forecast_20260524T140746Z.json
nyc,2,Tonight,2026-05-24T18:00:00-04:00,2026-05-25T06:00:00-04:00,False,57,77,Rain Showers Likely,3 to 10 mph,NE,2026-05-24T14:07:47.744663+00:00,forecast_20260524T140746Z.json
nyc,3,Memorial Day,2026-05-25T06:00:00-04:00,2026-05-25T18:00:00-04:00,True,70,77,Showers And Thunderstorms Likely,6 mph,S,2026-05-24T14:07:47.744663+00:00,forecast_20260524T140746Z.json
nyc,4,Monday Night,2026-05-25T18:00:00-04:00,2026-05-26T06:00:00-04:00,False,61,10,Mostly Cloudy,6 mph,NW,2026-05-24T14:07:47.744663+00:00,forecast_20260524T140746Z.json
nyc,5,Tuesday,2026-05-26T06:00:00-04:00,2026-05-26T18:00:00-04:00,True,75,5,Mostly Cloudy,3 to 8 mph,NE,2026-05-24T14:07:47.744663+00:00,forecast_20260524T140746Z.json
nyc,6,Tuesday Night,2026-05-26T18:00:00-04:00,2026-05-27T06:00:00-04:00,False,63,3,Mostly Cloudy,8 mph,SW,2026-05-24T14:07:47.744663+00:00,forecast_20260524T140746Z.json
nyc,7,Wednesday,2026-05-27T06:00:00-04:00,2026-05-27T18:00:00-04:00,True,78,7,Partly Sunny,5 to 12 mph,W,2026-05-24T14:07:47.744663+00:00,forecast_20260524T140746Z.json
nyc,8,Wednesday Night,2026-05-27T18:00:00-04:00,2026-05-28T06:00:00-04:00,False,66,8,Mostly Cloudy,8 to 12 mph,NW,2026-05-24T14:07:47.744663+00:00,forecast_20260524T140746Z.json
nyc,9,Thursday,2026-05-28T06:00:00-04:00,2026-05-28T18:00:00-04:00,True,79,14,Mostly Sunny,8 to 12 mph,NW,2026-05-24T14:07:47.744663+00:00,forecast_20260524T140746Z.json
nyc,10,Thursday Night,2026-05-28T18:00:00-04:00,2026-05-29T06:00:00-04:00,False,61,14,Partly Cloudy,8 to 12 mph,NW,2026-05-24T14:07:47.744663+00:00,forecast_20260524T140746Z.json
nyc,11,Friday,2026-05-29T06:00:00-04:00,2026-05-29T18:00:00-04:00,True,75,8,Mostly Sunny,8 to 14 mph,NW,2026-05-24T14:07:47.744663+00:00,forecast_20260524T140746Z.json
nyc,12,Friday Night,2026-05-29T18:00:00-04:00,2026-05-30T06:00:00-04:00,False,58,6,Partly Cloudy,9 to 14 mph,NW,2026-05-24T14:07:47.744663+00:00,forecast_20260524T140746Z.json
nyc,13,Saturday,2026-05-30T06:00:00-04:00,2026-05-30T18:00:00-04:00,True,73,9,Mostly Sunny,10 mph,N,2026-05-24T14:07:47.744663+00:00,forecast_20260524T140746Z.json
nyc,14,Saturday Night,2026-05-30T18:00:00-04:00,2026-05-31T06:00:00-04:00,False,58,9,Partly Cloudy,6 to 10 mph,NE,2026-05-24T14:07:47.744663+00:00,forecast_20260524T140746Z.json
oslo,1,H+1,2026-05-24T00:00,2026-05-24T00:00,True,61,0,Open-Meteo hourly,,,2026-05-24T14:07:50.165737+00:00,forecast_20260524T140750Z.json
oslo,2,H+2,2026-05-24T01:00,2026-05-24T01:00,True,59,0,Open-Meteo hourly,,,2026-05-24T14:07:50.165737+00:00,forecast_20260524T140750Z.json
oslo,3,H+3,2026-05-24T02:00,2026-05-24T02:00,True,59,0,Open-Meteo hourly,,,2026-05-24T14:07:50.165737+00:00,forecast_20260524T140750Z.json
oslo,4,H+4,2026-05-24T03:00,2026-05-24T03:00,True,57,0,Open-Meteo hourly,,,2026-05-24T14:07:50.165737+00:00,forecast_20260524T140750Z.json
oslo,5,H+5,2026-05-24T04:00,2026-05-24T04:00,True,57,0,Open-Meteo hourly,,,2026-05-24T14:07:50.165737+00:00,forecast_20260524T140750Z.json
oslo,6,H+6,2026-05-24T05:00,2026-05-24T05:00,True,56,0,Open-Meteo hourly,,,2026-05-24T14:07:50.165737+00:00,forecast_20260524T140750Z.json
oslo,7,H+7,2026-05-24T06:00,2026-05-24T06:00,True,57,0,Open-Meteo hourly,,,2026-05-24T14:07:50.165737+00:00,forecast_20260524T140750Z.json
oslo,8,H+8,2026-05-24T07:00,2026-05-24T07:00,True,59,0,Open-Meteo hourly,,,2026-05-24T14:07:50.165737+00:00,forecast_20260524T140750Z.json
oslo,9,H+9,2026-05-24T08:00,2026-05-24T08:00,True,60,0,Open-Meteo hourly,,,2026-05-24T14:07:50.165737+00:00,forecast_20260524T140750Z.json
oslo,10,H+10,2026-05-24T09:00,2026-05-24T09:00,True,62,0,Open-Meteo hourly,,,2026-05-24T14:07:50.165737+00:00,forecast_20260524T140750Z.json
oslo,11,H+11,2026-05-24T10:00,2026-05-24T10:00,True,64,0,Open-Meteo hourly,,,2026-05-24T14:07:50.165737+00:00,forecast_20260524T140750Z.json
oslo,12,H+12,2026-05-24T11:00,2026-05-24T11:00,True,66,0,Open-Meteo hourly,,,2026-05-24T14:07:50.165737+00:00,forecast_20260524T140750Z.json
oslo,13,H+13,2026-05-24T12:00,2026-05-24T12:00,True,68,0,Open-Meteo hourly,,,2026-05-24T14:07:50.165737+00:00,forecast_20260524T140750Z.json
oslo,14,H+14,2026-05-24T13:00,2026-05-24T13:00,True,69,0,Open-Meteo hourly,,,2026-05-24T14:07:50.165737+00:00,forecast_20260524T140750Z.json
oslo,15,H+15,2026-05-24T14:00,2026-05-24T14:00,True,69,0,Open-Meteo hourly,,,2026-05-24T14:07:50.165737+00:00,forecast_20260524T140750Z.json
oslo,16,H+16,2026-05-24T15:00,2026-05-24T15:00,True,71,0,Open-Meteo hourly,,,2026-05-24T14:07:50.165737+00:00,forecast_20260524T140750Z.json
oslo,17,H+17,2026-05-24T16:00,2026-05-24T16:00,True,71,0,Open-Meteo hourly,,,2026-05-24T14:07:50.165737+00:00,forecast_20260524T140750Z.json
oslo,18,H+18,2026-05-24T17:00,2026-05-24T17:00,True,72,0,Open-Meteo hourly,,,2026-05-24T14:07:50.165737+00:00,forecast_20260524T140750Z.json
oslo,19,H+19,2026-05-24T18:00,2026-05-24T18:00,True,71,0,Open-Meteo hourly,,,2026-05-24T14:07:50.165737+00:00,forecast_20260524T140750Z.json
oslo,20,H+20,2026-05-24T19:00,2026-05-24T19:00,True,71,0,Open-Meteo hourly,,,2026-05-24T14:07:50.165737+00:00,forecast_20260524T140750Z.json
oslo,21,H+21,2026-05-24T20:00,2026-05-24T20:00,True,69,0,Open-Meteo hourly,,,2026-05-24T14:07:50.165737+00:00,forecast_20260524T140750Z.json
oslo,22,H+22,2026-05-24T21:00,2026-05-24T21:00,True,68,0,Open-Meteo hourly,,,2026-05-24T14:07:50.165737+00:00,forecast_20260524T140750Z.json
oslo,23,H+23,2026-05-24T22:00,2026-05-24T22:00,True,66,0,Open-Meteo hourly,,,2026-05-24T14:07:50.165737+00:00,forecast_20260524T140750Z.json
oslo,24,H+24,2026-05-24T23:00,2026-05-24T23:00,True,65,0,Open-Meteo hourly,,,2026-05-24T14:07:50.165737+00:00,forecast_20260524T140750Z.json
paris,1,H+1,2026-05-24T00:00,2026-05-24T00:00,True,75,0,Open-Meteo hourly,,,2026-05-24T14:07:53.094851+00:00,forecast_20260524T140753Z.json
paris,2,H+2,2026-05-24T01:00,2026-05-24T01:00,True,72,0,Open-Meteo hourly,,,2026-05-24T14:07:53.094851+00:00,forecast_20260524T140753Z.json
paris,3,H+3,2026-05-24T02:00,2026-05-24T02:00,True,70,0,Open-Meteo hourly,,,2026-05-24T14:07:53.094851+00:00,forecast_20260524T140753Z.json
paris,4,H+4,2026-05-24T03:00,2026-05-24T03:00,True,68,0,Open-Meteo hourly,,,2026-05-24T14:07:53.094851+00:00,forecast_20260524T140753Z.json
paris,5,H+5,2026-05-24T04:00,2026-05-24T04:00,True,67,0,Open-Meteo hourly,,,2026-05-24T14:07:53.094851+00:00,forecast_20260524T140753Z.json
paris,6,H+6,2026-05-24T05:00,2026-05-24T05:00,True,66,0,Open-Meteo hourly,,,2026-05-24T14:07:53.094851+00:00,forecast_20260524T140753Z.json
paris,7,H+7,2026-05-24T06:00,2026-05-24T06:00,True,66,0,Open-Meteo hourly,,,2026-05-24T14:07:53.094851+00:00,forecast_20260524T140753Z.json
paris,8,H+8,2026-05-24T07:00,2026-05-24T07:00,True,66,0,Open-Meteo hourly,,,2026-05-24T14:07:53.094851+00:00,forecast_20260524T140753Z.json
paris,9,H+9,2026-05-24T08:00,2026-05-24T08:00,True,69,0,Open-Meteo hourly,,,2026-05-24T14:07:53.094851+00:00,forecast_20260524T140753Z.json
paris,10,H+10,2026-05-24T09:00,2026-05-24T09:00,True,71,0,Open-Meteo hourly,,,2026-05-24T14:07:53.094851+00:00,forecast_20260524T140753Z.json
paris,11,H+11,2026-05-24T10:00,2026-05-24T10:00,True,75,0,Open-Meteo hourly,,,2026-05-24T14:07:53.094851+00:00,forecast_20260524T140753Z.json
paris,12,H+12,2026-05-24T11:00,2026-05-24T11:00,True,80,0,Open-Meteo hourly,,,2026-05-24T14:07:53.094851+00:00,forecast_20260524T140753Z.json
paris,13,H+13,2026-05-24T12:00,2026-05-24T12:00,True,84,0,Open-Meteo hourly,,,2026-05-24T14:07:53.094851+00:00,forecast_20260524T140753Z.json
paris,14,H+14,2026-05-24T13:00,2026-05-24T13:00,True,87,0,Open-Meteo hourly,,,2026-05-24T14:07:53.094851+00:00,forecast_20260524T140753Z.json
paris,15,H+15,2026-05-24T14:00,2026-05-24T14:00,True,88,0,Open-Meteo hourly,,,2026-05-24T14:07:53.094851+00:00,forecast_20260524T140753Z.json
paris,16,H+16,2026-05-24T15:00,2026-05-24T15:00,True,90,0,Open-Meteo hourly,,,2026-05-24T14:07:53.094851+00:00,forecast_20260524T140753Z.json
paris,17,H+17,2026-05-24T16:00,2026-05-24T16:00,True,90,0,Open-Meteo hourly,,,2026-05-24T14:07:53.094851+00:00,forecast_20260524T140753Z.json
paris,18,H+18,2026-05-24T17:00,2026-05-24T17:00,True,90,0,Open-Meteo hourly,,,2026-05-24T14:07:53.094851+00:00,forecast_20260524T140753Z.json
paris,19,H+19,2026-05-24T18:00,2026-05-24T18:00,True,90,0,Open-Meteo hourly,,,2026-05-24T14:07:53.094851+00:00,forecast_20260524T140753Z.json
paris,20,H+20,2026-05-24T19:00,2026-05-24T19:00,True,89,0,Open-Meteo hourly,,,2026-05-24T14:07:53.094851+00:00,forecast_20260524T140753Z.json
paris,21,H+21,2026-05-24T20:00,2026-05-24T20:00,True,87,0,Open-Meteo hourly,,,2026-05-24T14:07:53.094851+00:00,forecast_20260524T140753Z.json
paris,22,H+22,2026-05-24T21:00,2026-05-24T21:00,True,85,0,Open-Meteo hourly,,,2026-05-24T14:07:53.094851+00:00,forecast_20260524T140753Z.json
paris,23,H+23,2026-05-24T22:00,2026-05-24T22:00,True,82,0,Open-Meteo hourly,,,2026-05-24T14:07:53.094851+00:00,forecast_20260524T140753Z.json
paris,24,H+24,2026-05-24T23:00,2026-05-24T23:00,True,80,0,Open-Meteo hourly,,,2026-05-24T14:07:53.094851+00:00,forecast_20260524T140753Z.json
philadelphia,1,Tonight,2026-05-23T19:00:00-04:00,2026-05-24T06:00:00-04:00,False,50,90,Rain,10 to 15 mph,E,2026-05-24T00:54:35.099248+00:00,forecast_20260524T005434Z.json
philadelphia,2,Sunday,2026-05-24T06:00:00-04:00,2026-05-24T18:00:00-04:00,True,68,93,Rain then Showers And Thunderstorms,10 mph,E,2026-05-24T00:54:35.099248+00:00,forecast_20260524T005434Z.json
philadelphia,3,Sunday Night,2026-05-24T18:00:00-04:00,2026-05-25T06:00:00-04:00,False,57,70,Showers And Thunderstorms Likely,0 to 10 mph,NE,2026-05-24T00:54:35.099248+00:00,forecast_20260524T005434Z.json
philadelphia,4,Memorial Day,2026-05-25T06:00:00-04:00,2026-05-25T18:00:00-04:00,True,76,59,Rain Showers Likely,0 to 5 mph,NW,2026-05-24T00:54:35.099248+00:00,forecast_20260524T005434Z.json
philadelphia,5,Monday Night,2026-05-25T18:00:00-04:00,2026-05-26T06:00:00-04:00,False,61,46,Chance Rain Showers,0 mph,,2026-05-24T00:54:35.099248+00:00,forecast_20260524T005434Z.json
philadelphia,6,Tuesday,2026-05-26T06:00:00-04:00,2026-05-26T18:00:00-04:00,True,79,20,Slight Chance Rain Showers,0 to 5 mph,E,2026-05-24T00:54:35.099248+00:00,forecast_20260524T005434Z.json
philadelphia,7,Tuesday Night,2026-05-26T18:00:00-04:00,2026-05-27T06:00:00-04:00,False,62,11,Mostly Cloudy,0 to 5 mph,SW,2026-05-24T00:54:35.099248+00:00,forecast_20260524T005434Z.json
philadelphia,8,Wednesday,2026-05-27T06:00:00-04:00,2026-05-27T18:00:00-04:00,True,83,18,Slight Chance Rain Showers,0 to 5 mph,W,2026-05-24T00:54:35.099248+00:00,forecast_20260524T005434Z.json
philadelphia,9,Wednesday Night,2026-05-27T18:00:00-04:00,2026-05-28T06:00:00-04:00,False,64,18,Slight Chance Rain Showers,5 mph,W,2026-05-24T00:54:35.099248+00:00,forecast_20260524T005434Z.json
philadelphia,10,Thursday,2026-05-28T06:00:00-04:00,2026-05-28T18:00:00-04:00,True,81,16,Partly Sunny then Slight Chance Rain Showers,5 to 10 mph,NW,2026-05-24T00:54:35.099248+00:00,forecast_20260524T005434Z.json
philadelphia,11,Thursday Night,2026-05-28T18:00:00-04:00,2026-05-29T06:00:00-04:00,False,58,18,Slight Chance Rain Showers,5 mph,N,2026-05-24T00:54:35.099248+00:00,forecast_20260524T005434Z.json
philadelphia,12,Friday,2026-05-29T06:00:00-04:00,2026-05-29T18:00:00-04:00,True,76,14,Mostly Sunny,5 to 10 mph,N,2026-05-24T00:54:35.099248+00:00,forecast_20260524T005434Z.json
philadelphia,13,Friday Night,2026-05-29T18:00:00-04:00,2026-05-30T06:00:00-04:00,False,55,12,Partly Cloudy,5 mph,N,2026-05-24T00:54:35.099248+00:00,forecast_20260524T005434Z.json
philadelphia,14,Saturday,2026-05-30T06:00:00-04:00,2026-05-30T18:00:00-04:00,True,73,10,Mostly Sunny,5 mph,NW,2026-05-24T00:54:35.099248+00:00,forecast_20260524T005434Z.json
philadelphia,1,Today,2026-05-24T09:00:00-04:00,2026-05-24T18:00:00-04:00,True,64,85,Patchy Fog,5 to 10 mph,NE,2026-05-24T14:07:56.605557+00:00,forecast_20260524T140755Z.json
philadelphia,2,Tonight,2026-05-24T18:00:00-04:00,2026-05-25T06:00:00-04:00,False,58,63,Chance Rain Showers then Patchy Fog,5 mph,NE,2026-05-24T14:07:56.605557+00:00,forecast_20260524T140755Z.json
philadelphia,3,Memorial Day,2026-05-25T06:00:00-04:00,2026-05-25T18:00:00-04:00,True,75,63,Rain Showers Likely,5 mph,SW,2026-05-24T14:07:56.605557+00:00,forecast_20260524T140755Z.json
philadelphia,4,Monday Night,2026-05-25T18:00:00-04:00,2026-05-26T06:00:00-04:00,False,62,37,Chance Showers And Thunderstorms,0 to 5 mph,NW,2026-05-24T14:07:56.605557+00:00,forecast_20260524T140755Z.json
philadelphia,5,Tuesday,2026-05-26T06:00:00-04:00,2026-05-26T18:00:00-04:00,True,78,32,Chance Rain Showers,0 mph,,2026-05-24T14:07:56.605557+00:00,forecast_20260524T140755Z.json
philadelphia,6,Tuesday Night,2026-05-26T18:00:00-04:00,2026-05-27T06:00:00-04:00,False,63,12,Mostly Cloudy,0 mph,,2026-05-24T14:07:56.605557+00:00,forecast_20260524T140755Z.json
philadelphia,7,Wednesday,2026-05-27T06:00:00-04:00,2026-05-27T18:00:00-04:00,True,82,20,Slight Chance Rain Showers then Slight Chance Showers And Thunderstorms,0 to 5 mph,W,2026-05-24T14:07:56.605557+00:00,forecast_20260524T140755Z.json
philadelphia,8,Wednesday Night,2026-05-27T18:00:00-04:00,2026-05-28T06:00:00-04:00,False,65,20,Slight Chance Showers And Thunderstorms,5 mph,W,2026-05-24T14:07:56.605557+00:00,forecast_20260524T140755Z.json
philadelphia,9,Thursday,2026-05-28T06:00:00-04:00,2026-05-28T18:00:00-04:00,True,81,15,Partly Sunny then Slight Chance Rain Showers,5 to 10 mph,N,2026-05-24T14:07:56.605557+00:00,forecast_20260524T140755Z.json
philadelphia,10,Thursday Night,2026-05-28T18:00:00-04:00,2026-05-29T06:00:00-04:00,False,59,15,Slight Chance Rain Showers then Partly Cloudy,5 mph,NW,2026-05-24T14:07:56.605557+00:00,forecast_20260524T140755Z.json
philadelphia,11,Friday,2026-05-29T06:00:00-04:00,2026-05-29T18:00:00-04:00,True,76,6,Sunny,5 to 10 mph,NW,2026-05-24T14:07:56.605557+00:00,forecast_20260524T140755Z.json
philadelphia,12,Friday Night,2026-05-29T18:00:00-04:00,2026-05-30T06:00:00-04:00,False,56,7,Partly Cloudy,5 mph,N,2026-05-24T14:07:56.605557+00:00,forecast_20260524T140755Z.json
philadelphia,13,Saturday,2026-05-30T06:00:00-04:00,2026-05-30T18:00:00-04:00,True,75,8,Mostly Sunny,5 mph,N,2026-05-24T14:07:56.605557+00:00,forecast_20260524T140755Z.json
philadelphia,14,Saturday Night,2026-05-30T18:00:00-04:00,2026-05-31T06:00:00-04:00,False,56,9,Partly Cloudy,0 to 5 mph,NE,2026-05-24T14:07:56.605557+00:00,forecast_20260524T140755Z.json
phoenix,1,This Afternoon,2026-05-23T17:00:00-07:00,2026-05-23T18:00:00-07:00,True,97,0,Sunny,5 mph,W,2026-05-24T00:54:37.442962+00:00,forecast_20260524T005436Z.json
phoenix,2,Tonight,2026-05-23T18:00:00-07:00,2026-05-24T06:00:00-07:00,False,72,0,Clear,0 to 10 mph,WSW,2026-05-24T00:54:37.442962+00:00,forecast_20260524T005436Z.json
phoenix,3,Sunday,2026-05-24T06:00:00-07:00,2026-05-24T18:00:00-07:00,True,99,0,Sunny,0 to 5 mph,SSE,2026-05-24T00:54:37.442962+00:00,forecast_20260524T005436Z.json
phoenix,4,Sunday Night,2026-05-24T18:00:00-07:00,2026-05-25T06:00:00-07:00,False,74,4,Mostly Clear,0 to 10 mph,WSW,2026-05-24T00:54:37.442962+00:00,forecast_20260524T005436Z.json
phoenix,5,Memorial Day,2026-05-25T06:00:00-07:00,2026-05-25T18:00:00-07:00,True,97,3,Sunny,0 to 5 mph,S,2026-05-24T00:54:37.442962+00:00,forecast_20260524T005436Z.json
phoenix,6,Monday Night,2026-05-25T18:00:00-07:00,2026-05-26T06:00:00-07:00,False,72,3,Mostly Clear,0 to 5 mph,SW,2026-05-24T00:54:37.442962+00:00,forecast_20260524T005436Z.json
phoenix,7,Tuesday,2026-05-26T06:00:00-07:00,2026-05-26T18:00:00-07:00,True,96,0,Sunny,0 to 5 mph,S,2026-05-24T00:54:37.442962+00:00,forecast_20260524T005436Z.json
phoenix,8,Tuesday Night,2026-05-26T18:00:00-07:00,2026-05-27T06:00:00-07:00,False,70,0,Clear,0 to 10 mph,S,2026-05-24T00:54:37.442962+00:00,forecast_20260524T005436Z.json
phoenix,9,Wednesday,2026-05-27T06:00:00-07:00,2026-05-27T18:00:00-07:00,True,96,0,Sunny,0 to 10 mph,S,2026-05-24T00:54:37.442962+00:00,forecast_20260524T005436Z.json
phoenix,10,Wednesday Night,2026-05-27T18:00:00-07:00,2026-05-28T06:00:00-07:00,False,68,0,Clear,0 to 15 mph,SSW,2026-05-24T00:54:37.442962+00:00,forecast_20260524T005436Z.json
phoenix,11,Thursday,2026-05-28T06:00:00-07:00,2026-05-28T18:00:00-07:00,True,93,0,Sunny,0 to 10 mph,SSW,2026-05-24T00:54:37.442962+00:00,forecast_20260524T005436Z.json
phoenix,12,Thursday Night,2026-05-28T18:00:00-07:00,2026-05-29T06:00:00-07:00,False,67,0,Clear,0 to 10 mph,W,2026-05-24T00:54:37.442962+00:00,forecast_20260524T005436Z.json
phoenix,13,Friday,2026-05-29T06:00:00-07:00,2026-05-29T18:00:00-07:00,True,93,0,Sunny,0 to 5 mph,SSW,2026-05-24T00:54:37.442962+00:00,forecast_20260524T005436Z.json
phoenix,14,Friday Night,2026-05-29T18:00:00-07:00,2026-05-30T06:00:00-07:00,False,70,0,Clear,0 to 5 mph,WSW,2026-05-24T00:54:37.442962+00:00,forecast_20260524T005436Z.json
phoenix,1,Today,2026-05-24T06:00:00-07:00,2026-05-24T18:00:00-07:00,True,99,1,Sunny,0 to 5 mph,SSW,2026-05-24T14:07:59.567306+00:00,forecast_20260524T140758Z.json
phoenix,2,Tonight,2026-05-24T18:00:00-07:00,2026-05-25T06:00:00-07:00,False,75,5,Mostly Clear,0 to 10 mph,SW,2026-05-24T14:07:59.567306+00:00,forecast_20260524T140758Z.json
phoenix,3,Memorial Day,2026-05-25T06:00:00-07:00,2026-05-25T18:00:00-07:00,True,97,4,Sunny,0 to 5 mph,SSE,2026-05-24T14:07:59.567306+00:00,forecast_20260524T140758Z.json
phoenix,4,Monday Night,2026-05-25T18:00:00-07:00,2026-05-26T06:00:00-07:00,False,72,3,Mostly Clear,0 to 5 mph,SW,2026-05-24T14:07:59.567306+00:00,forecast_20260524T140758Z.json
phoenix,5,Tuesday,2026-05-26T06:00:00-07:00,2026-05-26T18:00:00-07:00,True,97,0,Sunny,0 to 10 mph,S,2026-05-24T14:07:59.567306+00:00,forecast_20260524T140758Z.json
phoenix,6,Tuesday Night,2026-05-26T18:00:00-07:00,2026-05-27T06:00:00-07:00,False,71,0,Clear,0 to 10 mph,SSW,2026-05-24T14:07:59.567306+00:00,forecast_20260524T140758Z.json
phoenix,7,Wednesday,2026-05-27T06:00:00-07:00,2026-05-27T18:00:00-07:00,True,96,0,Sunny,0 to 15 mph,S,2026-05-24T14:07:59.567306+00:00,forecast_20260524T140758Z.json
phoenix,8,Wednesday Night,2026-05-27T18:00:00-07:00,2026-05-28T06:00:00-07:00,False,68,0,Clear,0 to 15 mph,SSW,2026-05-24T14:07:59.567306+00:00,forecast_20260524T140758Z.json
phoenix,9,Thursday,2026-05-28T06:00:00-07:00,2026-05-28T18:00:00-07:00,True,93,0,Sunny,0 to 10 mph,SSW,2026-05-24T14:07:59.567306+00:00,forecast_20260524T140758Z.json
phoenix,10,Thursday Night,2026-05-28T18:00:00-07:00,2026-05-29T06:00:00-07:00,False,67,0,Clear,0 to 10 mph,W,2026-05-24T14:07:59.567306+00:00,forecast_20260524T140758Z.json
phoenix,11,Friday,2026-05-29T06:00:00-07:00,2026-05-29T18:00:00-07:00,True,92,0,Sunny,0 to 5 mph,S,2026-05-24T14:07:59.567306+00:00,forecast_20260524T140758Z.json
phoenix,12,Friday Night,2026-05-29T18:00:00-07:00,2026-05-30T06:00:00-07:00,False,70,0,Clear,0 to 5 mph,W,2026-05-24T14:07:59.567306+00:00,forecast_20260524T140758Z.json
phoenix,13,Saturday,2026-05-30T06:00:00-07:00,2026-05-30T18:00:00-07:00,True,97,0,Sunny,0 to 5 mph,WSW,2026-05-24T14:07:59.567306+00:00,forecast_20260524T140758Z.json
phoenix,14,Saturday Night,2026-05-30T18:00:00-07:00,2026-05-31T06:00:00-07:00,False,72,1,Mostly Clear,0 to 5 mph,SW,2026-05-24T14:07:59.567306+00:00,forecast_20260524T140758Z.json
prague,1,H+1,2026-05-24T00:00,2026-05-24T00:00,True,67,0,Open-Meteo hourly,,,2026-05-24T14:08:01.139457+00:00,forecast_20260524T140801Z.json
prague,2,H+2,2026-05-24T01:00,2026-05-24T01:00,True,65,0,Open-Meteo hourly,,,2026-05-24T14:08:01.139457+00:00,forecast_20260524T140801Z.json
prague,3,H+3,2026-05-24T02:00,2026-05-24T02:00,True,62,0,Open-Meteo hourly,,,2026-05-24T14:08:01.139457+00:00,forecast_20260524T140801Z.json
prague,4,H+4,2026-05-24T03:00,2026-05-24T03:00,True,61,0,Open-Meteo hourly,,,2026-05-24T14:08:01.139457+00:00,forecast_20260524T140801Z.json
prague,5,H+5,2026-05-24T04:00,2026-05-24T04:00,True,60,0,Open-Meteo hourly,,,2026-05-24T14:08:01.139457+00:00,forecast_20260524T140801Z.json
prague,6,H+6,2026-05-24T05:00,2026-05-24T05:00,True,58,0,Open-Meteo hourly,,,2026-05-24T14:08:01.139457+00:00,forecast_20260524T140801Z.json
prague,7,H+7,2026-05-24T06:00,2026-05-24T06:00,True,58,0,Open-Meteo hourly,,,2026-05-24T14:08:01.139457+00:00,forecast_20260524T140801Z.json
prague,8,H+8,2026-05-24T07:00,2026-05-24T07:00,True,59,0,Open-Meteo hourly,,,2026-05-24T14:08:01.139457+00:00,forecast_20260524T140801Z.json
prague,9,H+9,2026-05-24T08:00,2026-05-24T08:00,True,62,0,Open-Meteo hourly,,,2026-05-24T14:08:01.139457+00:00,forecast_20260524T140801Z.json
prague,10,H+10,2026-05-24T09:00,2026-05-24T09:00,True,67,0,Open-Meteo hourly,,,2026-05-24T14:08:01.139457+00:00,forecast_20260524T140801Z.json
prague,11,H+11,2026-05-24T10:00,2026-05-24T10:00,True,73,0,Open-Meteo hourly,,,2026-05-24T14:08:01.139457+00:00,forecast_20260524T140801Z.json
prague,12,H+12,2026-05-24T11:00,2026-05-24T11:00,True,77,0,Open-Meteo hourly,,,2026-05-24T14:08:01.139457+00:00,forecast_20260524T140801Z.json
prague,13,H+13,2026-05-24T12:00,2026-05-24T12:00,True,79,0,Open-Meteo hourly,,,2026-05-24T14:08:01.139457+00:00,forecast_20260524T140801Z.json
prague,14,H+14,2026-05-24T13:00,2026-05-24T13:00,True,82,0,Open-Meteo hourly,,,2026-05-24T14:08:01.139457+00:00,forecast_20260524T140801Z.json
prague,15,H+15,2026-05-24T14:00,2026-05-24T14:00,True,84,0,Open-Meteo hourly,,,2026-05-24T14:08:01.139457+00:00,forecast_20260524T140801Z.json
prague,16,H+16,2026-05-24T15:00,2026-05-24T15:00,True,85,0,Open-Meteo hourly,,,2026-05-24T14:08:01.139457+00:00,forecast_20260524T140801Z.json
prague,17,H+17,2026-05-24T16:00,2026-05-24T16:00,True,87,0,Open-Meteo hourly,,,2026-05-24T14:08:01.139457+00:00,forecast_20260524T140801Z.json
prague,18,H+18,2026-05-24T17:00,2026-05-24T17:00,True,86,0,Open-Meteo hourly,,,2026-05-24T14:08:01.139457+00:00,forecast_20260524T140801Z.json
prague,19,H+19,2026-05-24T18:00,2026-05-24T18:00,True,85,0,Open-Meteo hourly,,,2026-05-24T14:08:01.139457+00:00,forecast_20260524T140801Z.json
prague,20,H+20,2026-05-24T19:00,2026-05-24T19:00,True,83,0,Open-Meteo hourly,,,2026-05-24T14:08:01.139457+00:00,forecast_20260524T140801Z.json
prague,21,H+21,2026-05-24T20:00,2026-05-24T20:00,True,81,0,Open-Meteo hourly,,,2026-05-24T14:08:01.139457+00:00,forecast_20260524T140801Z.json
prague,22,H+22,2026-05-24T21:00,2026-05-24T21:00,True,78,0,Open-Meteo hourly,,,2026-05-24T14:08:01.139457+00:00,forecast_20260524T140801Z.json
prague,23,H+23,2026-05-24T22:00,2026-05-24T22:00,True,75,0,Open-Meteo hourly,,,2026-05-24T14:08:01.139457+00:00,forecast_20260524T140801Z.json
prague,24,H+24,2026-05-24T23:00,2026-05-24T23:00,True,72,0,Open-Meteo hourly,,,2026-05-24T14:08:01.139457+00:00,forecast_20260524T140801Z.json
riyadh,1,H+1,2026-05-24T00:00,2026-05-24T00:00,True,88,0,Open-Meteo hourly,,,2026-05-24T14:08:03.248101+00:00,forecast_20260524T140803Z.json
riyadh,2,H+2,2026-05-24T01:00,2026-05-24T01:00,True,87,0,Open-Meteo hourly,,,2026-05-24T14:08:03.248101+00:00,forecast_20260524T140803Z.json
riyadh,3,H+3,2026-05-24T02:00,2026-05-24T02:00,True,85,0,Open-Meteo hourly,,,2026-05-24T14:08:03.248101+00:00,forecast_20260524T140803Z.json
riyadh,4,H+4,2026-05-24T03:00,2026-05-24T03:00,True,84,0,Open-Meteo hourly,,,2026-05-24T14:08:03.248101+00:00,forecast_20260524T140803Z.json
riyadh,5,H+5,2026-05-24T04:00,2026-05-24T04:00,True,82,0,Open-Meteo hourly,,,2026-05-24T14:08:03.248101+00:00,forecast_20260524T140803Z.json
riyadh,6,H+6,2026-05-24T05:00,2026-05-24T05:00,True,81,0,Open-Meteo hourly,,,2026-05-24T14:08:03.248101+00:00,forecast_20260524T140803Z.json
riyadh,7,H+7,2026-05-24T06:00,2026-05-24T06:00,True,82,0,Open-Meteo hourly,,,2026-05-24T14:08:03.248101+00:00,forecast_20260524T140803Z.json
riyadh,8,H+8,2026-05-24T07:00,2026-05-24T07:00,True,84,0,Open-Meteo hourly,,,2026-05-24T14:08:03.248101+00:00,forecast_20260524T140803Z.json
riyadh,9,H+9,2026-05-24T08:00,2026-05-24T08:00,True,88,0,Open-Meteo hourly,,,2026-05-24T14:08:03.248101+00:00,forecast_20260524T140803Z.json
riyadh,10,H+10,2026-05-24T09:00,2026-05-24T09:00,True,93,0,Open-Meteo hourly,,,2026-05-24T14:08:03.248101+00:00,forecast_20260524T140803Z.json
riyadh,11,H+11,2026-05-24T10:00,2026-05-24T10:00,True,99,0,Open-Meteo hourly,,,2026-05-24T14:08:03.248101+00:00,forecast_20260524T140803Z.json
riyadh,12,H+12,2026-05-24T11:00,2026-05-24T11:00,True,104,0,Open-Meteo hourly,,,2026-05-24T14:08:03.248101+00:00,forecast_20260524T140803Z.json
riyadh,13,H+13,2026-05-24T12:00,2026-05-24T12:00,True,106,0,Open-Meteo hourly,,,2026-05-24T14:08:03.248101+00:00,forecast_20260524T140803Z.json
riyadh,14,H+14,2026-05-24T13:00,2026-05-24T13:00,True,107,0,Open-Meteo hourly,,,2026-05-24T14:08:03.248101+00:00,forecast_20260524T140803Z.json
riyadh,15,H+15,2026-05-24T14:00,2026-05-24T14:00,True,108,0,Open-Meteo hourly,,,2026-05-24T14:08:03.248101+00:00,forecast_20260524T140803Z.json
riyadh,16,H+16,2026-05-24T15:00,2026-05-24T15:00,True,108,0,Open-Meteo hourly,,,2026-05-24T14:08:03.248101+00:00,forecast_20260524T140803Z.json
riyadh,17,H+17,2026-05-24T16:00,2026-05-24T16:00,True,108,0,Open-Meteo hourly,,,2026-05-24T14:08:03.248101+00:00,forecast_20260524T140803Z.json
riyadh,18,H+18,2026-05-24T17:00,2026-05-24T17:00,True,107,0,Open-Meteo hourly,,,2026-05-24T14:08:03.248101+00:00,forecast_20260524T140803Z.json
riyadh,19,H+19,2026-05-24T18:00,2026-05-24T18:00,True,105,0,Open-Meteo hourly,,,2026-05-24T14:08:03.248101+00:00,forecast_20260524T140803Z.json
riyadh,20,H+20,2026-05-24T19:00,2026-05-24T19:00,True,103,0,Open-Meteo hourly,,,2026-05-24T14:08:03.248101+00:00,forecast_20260524T140803Z.json
riyadh,21,H+21,2026-05-24T20:00,2026-05-24T20:00,True,101,0,Open-Meteo hourly,,,2026-05-24T14:08:03.248101+00:00,forecast_20260524T140803Z.json
riyadh,22,H+22,2026-05-24T21:00,2026-05-24T21:00,True,100,0,Open-Meteo hourly,,,2026-05-24T14:08:03.248101+00:00,forecast_20260524T140803Z.json
riyadh,23,H+23,2026-05-24T22:00,2026-05-24T22:00,True,98,0,Open-Meteo hourly,,,2026-05-24T14:08:03.248101+00:00,forecast_20260524T140803Z.json
riyadh,24,H+24,2026-05-24T23:00,2026-05-24T23:00,True,96,0,Open-Meteo hourly,,,2026-05-24T14:08:03.248101+00:00,forecast_20260524T140803Z.json
rome,1,H+1,2026-05-24T00:00,2026-05-24T00:00,True,68,0,Open-Meteo hourly,,,2026-05-24T14:08:05.054263+00:00,forecast_20260524T140805Z.json
rome,2,H+2,2026-05-24T01:00,2026-05-24T01:00,True,66,0,Open-Meteo hourly,,,2026-05-24T14:08:05.054263+00:00,forecast_20260524T140805Z.json
rome,3,H+3,2026-05-24T02:00,2026-05-24T02:00,True,65,0,Open-Meteo hourly,,,2026-05-24T14:08:05.054263+00:00,forecast_20260524T140805Z.json
rome,4,H+4,2026-05-24T03:00,2026-05-24T03:00,True,64,0,Open-Meteo hourly,,,2026-05-24T14:08:05.054263+00:00,forecast_20260524T140805Z.json
rome,5,H+5,2026-05-24T04:00,2026-05-24T04:00,True,63,0,Open-Meteo hourly,,,2026-05-24T14:08:05.054263+00:00,forecast_20260524T140805Z.json
rome,6,H+6,2026-05-24T05:00,2026-05-24T05:00,True,62,0,Open-Meteo hourly,,,2026-05-24T14:08:05.054263+00:00,forecast_20260524T140805Z.json
rome,7,H+7,2026-05-24T06:00,2026-05-24T06:00,True,61,0,Open-Meteo hourly,,,2026-05-24T14:08:05.054263+00:00,forecast_20260524T140805Z.json
rome,8,H+8,2026-05-24T07:00,2026-05-24T07:00,True,62,0,Open-Meteo hourly,,,2026-05-24T14:08:05.054263+00:00,forecast_20260524T140805Z.json
rome,9,H+9,2026-05-24T08:00,2026-05-24T08:00,True,66,0,Open-Meteo hourly,,,2026-05-24T14:08:05.054263+00:00,forecast_20260524T140805Z.json
rome,10,H+10,2026-05-24T09:00,2026-05-24T09:00,True,70,0,Open-Meteo hourly,,,2026-05-24T14:08:05.054263+00:00,forecast_20260524T140805Z.json
rome,11,H+11,2026-05-24T10:00,2026-05-24T10:00,True,75,0,Open-Meteo hourly,,,2026-05-24T14:08:05.054263+00:00,forecast_20260524T140805Z.json
rome,12,H+12,2026-05-24T11:00,2026-05-24T11:00,True,79,0,Open-Meteo hourly,,,2026-05-24T14:08:05.054263+00:00,forecast_20260524T140805Z.json
rome,13,H+13,2026-05-24T12:00,2026-05-24T12:00,True,82,0,Open-Meteo hourly,,,2026-05-24T14:08:05.054263+00:00,forecast_20260524T140805Z.json
rome,14,H+14,2026-05-24T13:00,2026-05-24T13:00,True,84,0,Open-Meteo hourly,,,2026-05-24T14:08:05.054263+00:00,forecast_20260524T140805Z.json
rome,15,H+15,2026-05-24T14:00,2026-05-24T14:00,True,86,0,Open-Meteo hourly,,,2026-05-24T14:08:05.054263+00:00,forecast_20260524T140805Z.json
rome,16,H+16,2026-05-24T15:00,2026-05-24T15:00,True,86,0,Open-Meteo hourly,,,2026-05-24T14:08:05.054263+00:00,forecast_20260524T140805Z.json
rome,17,H+17,2026-05-24T16:00,2026-05-24T16:00,True,86,0,Open-Meteo hourly,,,2026-05-24T14:08:05.054263+00:00,forecast_20260524T140805Z.json
rome,18,H+18,2026-05-24T17:00,2026-05-24T17:00,True,82,0,Open-Meteo hourly,,,2026-05-24T14:08:05.054263+00:00,forecast_20260524T140805Z.json
rome,19,H+19,2026-05-24T18:00,2026-05-24T18:00,True,80,0,Open-Meteo hourly,,,2026-05-24T14:08:05.054263+00:00,forecast_20260524T140805Z.json
rome,20,H+20,2026-05-24T19:00,2026-05-24T19:00,True,78,0,Open-Meteo hourly,,,2026-05-24T14:08:05.054263+00:00,forecast_20260524T140805Z.json
rome,21,H+21,2026-05-24T20:00,2026-05-24T20:00,True,75,0,Open-Meteo hourly,,,2026-05-24T14:08:05.054263+00:00,forecast_20260524T140805Z.json
rome,22,H+22,2026-05-24T21:00,2026-05-24T21:00,True,73,0,Open-Meteo hourly,,,2026-05-24T14:08:05.054263+00:00,forecast_20260524T140805Z.json
rome,23,H+23,2026-05-24T22:00,2026-05-24T22:00,True,71,0,Open-Meteo hourly,,,2026-05-24T14:08:05.054263+00:00,forecast_20260524T140805Z.json
rome,24,H+24,2026-05-24T23:00,2026-05-24T23:00,True,69,0,Open-Meteo hourly,,,2026-05-24T14:08:05.054263+00:00,forecast_20260524T140805Z.json
san-francisco,1,This Afternoon,2026-05-23T13:00:00-07:00,2026-05-23T18:00:00-07:00,True,66,1,Sunny,10 to 14 mph,SW,2026-05-24T00:54:46.222576+00:00,forecast_20260524T005445Z.json
san-francisco,2,Tonight,2026-05-23T18:00:00-07:00,2026-05-24T06:00:00-07:00,False,52,4,Mostly Cloudy,5 to 12 mph,WSW,2026-05-24T00:54:46.222576+00:00,forecast_20260524T005445Z.json
san-francisco,3,Sunday,2026-05-24T06:00:00-07:00,2026-05-24T18:00:00-07:00,True,64,2,Mostly Sunny,5 to 12 mph,WSW,2026-05-24T00:54:46.222576+00:00,forecast_20260524T005445Z.json
san-francisco,4,Sunday Night,2026-05-24T18:00:00-07:00,2026-05-25T06:00:00-07:00,False,52,3,Mostly Cloudy,6 to 10 mph,WSW,2026-05-24T00:54:46.222576+00:00,forecast_20260524T005445Z.json
san-francisco,5,Memorial Day,2026-05-25T06:00:00-07:00,2026-05-25T18:00:00-07:00,True,63,2,Partly Sunny,6 to 14 mph,WSW,2026-05-24T00:54:46.222576+00:00,forecast_20260524T005445Z.json
san-francisco,6,Monday Night,2026-05-25T18:00:00-07:00,2026-05-26T06:00:00-07:00,False,52,1,Mostly Cloudy,10 to 14 mph,W,2026-05-24T00:54:46.222576+00:00,forecast_20260524T005445Z.json
san-francisco,7,Tuesday,2026-05-26T06:00:00-07:00,2026-05-26T18:00:00-07:00,True,66,0,Sunny,10 to 20 mph,WNW,2026-05-24T00:54:46.222576+00:00,forecast_20260524T005445Z.json
san-francisco,8,Tuesday Night,2026-05-26T18:00:00-07:00,2026-05-27T06:00:00-07:00,False,53,0,Mostly Clear,3 to 20 mph,WNW,2026-05-24T00:54:46.222576+00:00,forecast_20260524T005445Z.json
san-francisco,9,Wednesday,2026-05-27T06:00:00-07:00,2026-05-27T18:00:00-07:00,True,68,0,Sunny,3 to 14 mph,WNW,2026-05-24T00:54:46.222576+00:00,forecast_20260524T005445Z.json
san-francisco,10,Wednesday Night,2026-05-27T18:00:00-07:00,2026-05-28T06:00:00-07:00,False,54,3,Mostly Clear,5 to 14 mph,WSW,2026-05-24T00:54:46.222576+00:00,forecast_20260524T005445Z.json
san-francisco,11,Thursday,2026-05-28T06:00:00-07:00,2026-05-28T18:00:00-07:00,True,66,4,Mostly Sunny,5 to 12 mph,SW,2026-05-24T00:54:46.222576+00:00,forecast_20260524T005445Z.json
san-francisco,12,Thursday Night,2026-05-28T18:00:00-07:00,2026-05-29T06:00:00-07:00,False,54,3,Partly Cloudy,6 to 12 mph,SW,2026-05-24T00:54:46.222576+00:00,forecast_20260524T005445Z.json
san-francisco,13,Friday,2026-05-29T06:00:00-07:00,2026-05-29T18:00:00-07:00,True,65,3,Mostly Sunny,6 to 12 mph,WSW,2026-05-24T00:54:46.222576+00:00,forecast_20260524T005445Z.json
san-francisco,14,Friday Night,2026-05-29T18:00:00-07:00,2026-05-30T06:00:00-07:00,False,53,0,Partly Cloudy,6 to 12 mph,WSW,2026-05-24T00:54:46.222576+00:00,forecast_20260524T005445Z.json
san-francisco,1,Today,2026-05-24T06:00:00-07:00,2026-05-24T18:00:00-07:00,True,63,2,Mostly Sunny,5 to 12 mph,WSW,2026-05-24T14:08:08.463369+00:00,forecast_20260524T140807Z.json
san-francisco,2,Tonight,2026-05-24T18:00:00-07:00,2026-05-25T06:00:00-07:00,False,52,6,Mostly Cloudy,6 to 12 mph,WSW,2026-05-24T14:08:08.463369+00:00,forecast_20260524T140807Z.json
san-francisco,3,Memorial Day,2026-05-25T06:00:00-07:00,2026-05-25T18:00:00-07:00,True,62,7,Partly Sunny,6 to 14 mph,WSW,2026-05-24T14:08:08.463369+00:00,forecast_20260524T140807Z.json
san-francisco,4,Monday Night,2026-05-25T18:00:00-07:00,2026-05-26T06:00:00-07:00,False,53,3,Mostly Cloudy,10 to 14 mph,W,2026-05-24T14:08:08.463369+00:00,forecast_20260524T140807Z.json
san-francisco,5,Tuesday,2026-05-26T06:00:00-07:00,2026-05-26T18:00:00-07:00,True,66,0,Sunny,10 to 21 mph,WNW,2026-05-24T14:08:08.463369+00:00,forecast_20260524T140807Z.json
san-francisco,6,Tuesday Night,2026-05-26T18:00:00-07:00,2026-05-27T06:00:00-07:00,False,53,0,Mostly Clear,2 to 21 mph,WNW,2026-05-24T14:08:08.463369+00:00,forecast_20260524T140807Z.json
san-francisco,7,Wednesday,2026-05-27T06:00:00-07:00,2026-05-27T18:00:00-07:00,True,72,0,Sunny,2 to 14 mph,W,2026-05-24T14:08:08.463369+00:00,forecast_20260524T140807Z.json
san-francisco,8,Wednesday Night,2026-05-27T18:00:00-07:00,2026-05-28T06:00:00-07:00,False,54,1,Mostly Clear,5 to 14 mph,WSW,2026-05-24T14:08:08.463369+00:00,forecast_20260524T140807Z.json
san-francisco,9,Thursday,2026-05-28T06:00:00-07:00,2026-05-28T18:00:00-07:00,True,70,1,Mostly Sunny,5 to 13 mph,SW,2026-05-24T14:08:08.463369+00:00,forecast_20260524T140807Z.json
san-francisco,10,Thursday Night,2026-05-28T18:00:00-07:00,2026-05-29T06:00:00-07:00,False,53,5,Mostly Cloudy,7 to 13 mph,SW,2026-05-24T14:08:08.463369+00:00,forecast_20260524T140807Z.json
san-francisco,11,Friday,2026-05-29T06:00:00-07:00,2026-05-29T18:00:00-07:00,True,66,3,Mostly Sunny,6 to 13 mph,WSW,2026-05-24T14:08:08.463369+00:00,forecast_20260524T140807Z.json
san-francisco,12,Friday Night,2026-05-29T18:00:00-07:00,2026-05-30T06:00:00-07:00,False,53,0,Mostly Clear,6 to 13 mph,WSW,2026-05-24T14:08:08.463369+00:00,forecast_20260524T140807Z.json
san-francisco,13,Saturday,2026-05-30T06:00:00-07:00,2026-05-30T18:00:00-07:00,True,67,0,Sunny,6 to 14 mph,W,2026-05-24T14:08:08.463369+00:00,forecast_20260524T140807Z.json
san-francisco,14,Saturday Night,2026-05-30T18:00:00-07:00,2026-05-31T06:00:00-07:00,False,52,0,Mostly Clear,5 to 14 mph,W,2026-05-24T14:08:08.463369+00:00,forecast_20260524T140807Z.json
seattle,1,This Afternoon,2026-05-23T13:00:00-07:00,2026-05-23T18:00:00-07:00,True,68,2,Partly Sunny,6 mph,WSW,2026-05-24T00:54:48.353859+00:00,forecast_20260524T005447Z.json
seattle,2,Tonight,2026-05-23T18:00:00-07:00,2026-05-24T06:00:00-07:00,False,52,3,Mostly Cloudy,3 to 7 mph,NE,2026-05-24T00:54:48.353859+00:00,forecast_20260524T005447Z.json
seattle,3,Sunday,2026-05-24T06:00:00-07:00,2026-05-24T18:00:00-07:00,True,69,2,Partly Sunny,5 mph,S,2026-05-24T00:54:48.353859+00:00,forecast_20260524T005447Z.json
seattle,4,Sunday Night,2026-05-24T18:00:00-07:00,2026-05-25T06:00:00-07:00,False,55,21,Mostly Cloudy then Slight Chance Light Rain,5 to 9 mph,SSW,2026-05-24T00:54:48.353859+00:00,forecast_20260524T005447Z.json
seattle,5,Memorial Day,2026-05-25T06:00:00-07:00,2026-05-25T18:00:00-07:00,True,62,77,Light Rain,9 to 15 mph,SSW,2026-05-24T00:54:48.353859+00:00,forecast_20260524T005447Z.json
seattle,6,Monday Night,2026-05-25T18:00:00-07:00,2026-05-26T06:00:00-07:00,False,48,62,Light Rain Likely,6 to 15 mph,SSW,2026-05-24T00:54:48.353859+00:00,forecast_20260524T005447Z.json
seattle,7,Tuesday,2026-05-26T06:00:00-07:00,2026-05-26T18:00:00-07:00,True,63,33,Chance Light Rain,2 to 8 mph,SW,2026-05-24T00:54:48.353859+00:00,forecast_20260524T005447Z.json
seattle,8,Tuesday Night,2026-05-26T18:00:00-07:00,2026-05-27T06:00:00-07:00,False,50,2,Partly Cloudy,1 to 8 mph,NE,2026-05-24T00:54:48.353859+00:00,forecast_20260524T005447Z.json
seattle,9,Wednesday,2026-05-27T06:00:00-07:00,2026-05-27T18:00:00-07:00,True,68,1,Mostly Sunny,1 to 8 mph,NW,2026-05-24T00:54:48.353859+00:00,forecast_20260524T005447Z.json
seattle,10,Wednesday Night,2026-05-27T18:00:00-07:00,2026-05-28T06:00:00-07:00,False,53,2,Partly Cloudy,1 to 8 mph,NNE,2026-05-24T00:54:48.353859+00:00,forecast_20260524T005447Z.json
seattle,11,Thursday,2026-05-28T06:00:00-07:00,2026-05-28T18:00:00-07:00,True,72,6,Mostly Sunny,1 to 7 mph,NNW,2026-05-24T00:54:48.353859+00:00,forecast_20260524T005447Z.json
seattle,12,Thursday Night,2026-05-28T18:00:00-07:00,2026-05-29T06:00:00-07:00,False,53,28,Chance Light Rain,7 mph,SSW,2026-05-24T00:54:48.353859+00:00,forecast_20260524T005447Z.json
seattle,13,Friday,2026-05-29T06:00:00-07:00,2026-05-29T18:00:00-07:00,True,63,28,Chance Light Rain,8 mph,SSW,2026-05-24T00:54:48.353859+00:00,forecast_20260524T005447Z.json
seattle,14,Friday Night,2026-05-29T18:00:00-07:00,2026-05-30T06:00:00-07:00,False,50,19,Slight Chance Light Rain then Mostly Cloudy,3 to 8 mph,E,2026-05-24T00:54:48.353859+00:00,forecast_20260524T005447Z.json
seattle,1,Today,2026-05-24T06:00:00-07:00,2026-05-24T18:00:00-07:00,True,71,5,Mostly Sunny,5 mph,S,2026-05-24T14:08:11.972712+00:00,forecast_20260524T140811Z.json
seattle,2,Tonight,2026-05-24T18:00:00-07:00,2026-05-25T06:00:00-07:00,False,56,5,Mostly Cloudy,3 to 8 mph,S,2026-05-24T14:08:11.972712+00:00,forecast_20260524T140811Z.json
seattle,3,Memorial Day,2026-05-25T06:00:00-07:00,2026-05-25T18:00:00-07:00,True,62,75,Light Rain,8 to 13 mph,S,2026-05-24T14:08:11.972712+00:00,forecast_20260524T140811Z.json
seattle,4,Monday Night,2026-05-25T18:00:00-07:00,2026-05-26T06:00:00-07:00,False,49,60,Light Rain Likely,3 to 13 mph,SSW,2026-05-24T14:08:11.972712+00:00,forecast_20260524T140811Z.json
seattle,5,Tuesday,2026-05-26T06:00:00-07:00,2026-05-26T18:00:00-07:00,True,63,26,Chance Light Rain,2 to 7 mph,W,2026-05-24T14:08:11.972712+00:00,forecast_20260524T140811Z.json
seattle,6,Tuesday Night,2026-05-26T18:00:00-07:00,2026-05-27T06:00:00-07:00,False,50,1,Partly Cloudy,1 to 7 mph,ENE,2026-05-24T14:08:11.972712+00:00,forecast_20260524T140811Z.json
seattle,7,Wednesday,2026-05-27T06:00:00-07:00,2026-05-27T18:00:00-07:00,True,69,1,Mostly Sunny,2 to 6 mph,W,2026-05-24T14:08:11.972712+00:00,forecast_20260524T140811Z.json
seattle,8,Wednesday Night,2026-05-27T18:00:00-07:00,2026-05-28T06:00:00-07:00,False,52,1,Partly Cloudy,1 to 6 mph,NNE,2026-05-24T14:08:11.972712+00:00,forecast_20260524T140811Z.json
seattle,9,Thursday,2026-05-28T06:00:00-07:00,2026-05-28T18:00:00-07:00,True,72,1,Mostly Sunny,1 to 7 mph,W,2026-05-24T14:08:11.972712+00:00,forecast_20260524T140811Z.json
seattle,10,Thursday Night,2026-05-28T18:00:00-07:00,2026-05-29T06:00:00-07:00,False,53,34,Mostly Cloudy then Chance Light Rain,7 mph,NNE,2026-05-24T14:08:11.972712+00:00,forecast_20260524T140811Z.json
seattle,11,Friday,2026-05-29T06:00:00-07:00,2026-05-29T18:00:00-07:00,True,61,34,Chance Light Rain,6 to 9 mph,SSW,2026-05-24T14:08:11.972712+00:00,forecast_20260524T140811Z.json
seattle,12,Friday Night,2026-05-29T18:00:00-07:00,2026-05-30T06:00:00-07:00,False,50,23,Slight Chance Light Rain,3 to 9 mph,ENE,2026-05-24T14:08:11.972712+00:00,forecast_20260524T140811Z.json
seattle,13,Saturday,2026-05-30T06:00:00-07:00,2026-05-30T18:00:00-07:00,True,63,7,Partly Sunny,6 mph,SSW,2026-05-24T14:08:11.972712+00:00,forecast_20260524T140811Z.json
seattle,14,Saturday Night,2026-05-30T18:00:00-07:00,2026-05-31T06:00:00-07:00,False,49,5,Partly Cloudy,6 mph,ENE,2026-05-24T14:08:11.972712+00:00,forecast_20260524T140811Z.json
seoul,1,H+1,2026-05-24T00:00,2026-05-24T00:00,True,61,0,Open-Meteo hourly,,,2026-05-24T14:08:13.831517+00:00,forecast_20260524T140813Z.json
seoul,2,H+2,2026-05-24T01:00,2026-05-24T01:00,True,60,0,Open-Meteo hourly,,,2026-05-24T14:08:13.831517+00:00,forecast_20260524T140813Z.json
seoul,3,H+3,2026-05-24T02:00,2026-05-24T02:00,True,59,0,Open-Meteo hourly,,,2026-05-24T14:08:13.831517+00:00,forecast_20260524T140813Z.json
seoul,4,H+4,2026-05-24T03:00,2026-05-24T03:00,True,58,0,Open-Meteo hourly,,,2026-05-24T14:08:13.831517+00:00,forecast_20260524T140813Z.json
seoul,5,H+5,2026-05-24T04:00,2026-05-24T04:00,True,57,0,Open-Meteo hourly,,,2026-05-24T14:08:13.831517+00:00,forecast_20260524T140813Z.json
seoul,6,H+6,2026-05-24T05:00,2026-05-24T05:00,True,57,0,Open-Meteo hourly,,,2026-05-24T14:08:13.831517+00:00,forecast_20260524T140813Z.json
seoul,7,H+7,2026-05-24T06:00,2026-05-24T06:00,True,56,0,Open-Meteo hourly,,,2026-05-24T14:08:13.831517+00:00,forecast_20260524T140813Z.json
seoul,8,H+8,2026-05-24T07:00,2026-05-24T07:00,True,58,0,Open-Meteo hourly,,,2026-05-24T14:08:13.831517+00:00,forecast_20260524T140813Z.json
seoul,9,H+9,2026-05-24T08:00,2026-05-24T08:00,True,61,0,Open-Meteo hourly,,,2026-05-24T14:08:13.831517+00:00,forecast_20260524T140813Z.json
seoul,10,H+10,2026-05-24T09:00,2026-05-24T09:00,True,64,0,Open-Meteo hourly,,,2026-05-24T14:08:13.831517+00:00,forecast_20260524T140813Z.json
seoul,11,H+11,2026-05-24T10:00,2026-05-24T10:00,True,68,0,Open-Meteo hourly,,,2026-05-24T14:08:13.831517+00:00,forecast_20260524T140813Z.json
seoul,12,H+12,2026-05-24T11:00,2026-05-24T11:00,True,71,0,Open-Meteo hourly,,,2026-05-24T14:08:13.831517+00:00,forecast_20260524T140813Z.json
seoul,13,H+13,2026-05-24T12:00,2026-05-24T12:00,True,75,0,Open-Meteo hourly,,,2026-05-24T14:08:13.831517+00:00,forecast_20260524T140813Z.json
seoul,14,H+14,2026-05-24T13:00,2026-05-24T13:00,True,77,0,Open-Meteo hourly,,,2026-05-24T14:08:13.831517+00:00,forecast_20260524T140813Z.json
seoul,15,H+15,2026-05-24T14:00,2026-05-24T14:00,True,79,0,Open-Meteo hourly,,,2026-05-24T14:08:13.831517+00:00,forecast_20260524T140813Z.json
seoul,16,H+16,2026-05-24T15:00,2026-05-24T15:00,True,80,0,Open-Meteo hourly,,,2026-05-24T14:08:13.831517+00:00,forecast_20260524T140813Z.json
seoul,17,H+17,2026-05-24T16:00,2026-05-24T16:00,True,80,0,Open-Meteo hourly,,,2026-05-24T14:08:13.831517+00:00,forecast_20260524T140813Z.json
seoul,18,H+18,2026-05-24T17:00,2026-05-24T17:00,True,80,0,Open-Meteo hourly,,,2026-05-24T14:08:13.831517+00:00,forecast_20260524T140813Z.json
seoul,19,H+19,2026-05-24T18:00,2026-05-24T18:00,True,79,0,Open-Meteo hourly,,,2026-05-24T14:08:13.831517+00:00,forecast_20260524T140813Z.json
seoul,20,H+20,2026-05-24T19:00,2026-05-24T19:00,True,78,0,Open-Meteo hourly,,,2026-05-24T14:08:13.831517+00:00,forecast_20260524T140813Z.json
seoul,21,H+21,2026-05-24T20:00,2026-05-24T20:00,True,74,0,Open-Meteo hourly,,,2026-05-24T14:08:13.831517+00:00,forecast_20260524T140813Z.json
seoul,22,H+22,2026-05-24T21:00,2026-05-24T21:00,True,70,0,Open-Meteo hourly,,,2026-05-24T14:08:13.831517+00:00,forecast_20260524T140813Z.json
seoul,23,H+23,2026-05-24T22:00,2026-05-24T22:00,True,68,0,Open-Meteo hourly,,,2026-05-24T14:08:13.831517+00:00,forecast_20260524T140813Z.json
seoul,24,H+24,2026-05-24T23:00,2026-05-24T23:00,True,66,0,Open-Meteo hourly,,,2026-05-24T14:08:13.831517+00:00,forecast_20260524T140813Z.json
shanghai,1,H+1,2026-05-24T00:00,2026-05-24T00:00,True,74,19,Open-Meteo hourly,,,2026-05-24T14:08:15.650396+00:00,forecast_20260524T140815Z.json
shanghai,2,H+2,2026-05-24T01:00,2026-05-24T01:00,True,74,19,Open-Meteo hourly,,,2026-05-24T14:08:15.650396+00:00,forecast_20260524T140815Z.json
shanghai,3,H+3,2026-05-24T02:00,2026-05-24T02:00,True,74,25,Open-Meteo hourly,,,2026-05-24T14:08:15.650396+00:00,forecast_20260524T140815Z.json
shanghai,4,H+4,2026-05-24T03:00,2026-05-24T03:00,True,73,41,Open-Meteo hourly,,,2026-05-24T14:08:15.650396+00:00,forecast_20260524T140815Z.json
shanghai,5,H+5,2026-05-24T04:00,2026-05-24T04:00,True,73,62,Open-Meteo hourly,,,2026-05-24T14:08:15.650396+00:00,forecast_20260524T140815Z.json
shanghai,6,H+6,2026-05-24T05:00,2026-05-24T05:00,True,72,78,Open-Meteo hourly,,,2026-05-24T14:08:15.650396+00:00,forecast_20260524T140815Z.json
shanghai,7,H+7,2026-05-24T06:00,2026-05-24T06:00,True,73,84,Open-Meteo hourly,,,2026-05-24T14:08:15.650396+00:00,forecast_20260524T140815Z.json
shanghai,8,H+8,2026-05-24T07:00,2026-05-24T07:00,True,74,85,Open-Meteo hourly,,,2026-05-24T14:08:15.650396+00:00,forecast_20260524T140815Z.json
shanghai,9,H+9,2026-05-24T08:00,2026-05-24T08:00,True,75,86,Open-Meteo hourly,,,2026-05-24T14:08:15.650396+00:00,forecast_20260524T140815Z.json
shanghai,10,H+10,2026-05-24T09:00,2026-05-24T09:00,True,75,91,Open-Meteo hourly,,,2026-05-24T14:08:15.650396+00:00,forecast_20260524T140815Z.json
shanghai,11,H+11,2026-05-24T10:00,2026-05-24T10:00,True,79,96,Open-Meteo hourly,,,2026-05-24T14:08:15.650396+00:00,forecast_20260524T140815Z.json
shanghai,12,H+12,2026-05-24T11:00,2026-05-24T11:00,True,81,100,Open-Meteo hourly,,,2026-05-24T14:08:15.650396+00:00,forecast_20260524T140815Z.json
shanghai,13,H+13,2026-05-24T12:00,2026-05-24T12:00,True,77,100,Open-Meteo hourly,,,2026-05-24T14:08:15.650396+00:00,forecast_20260524T140815Z.json
shanghai,14,H+14,2026-05-24T13:00,2026-05-24T13:00,True,80,100,Open-Meteo hourly,,,2026-05-24T14:08:15.650396+00:00,forecast_20260524T140815Z.json
shanghai,15,H+15,2026-05-24T14:00,2026-05-24T14:00,True,74,100,Open-Meteo hourly,,,2026-05-24T14:08:15.650396+00:00,forecast_20260524T140815Z.json
shanghai,16,H+16,2026-05-24T15:00,2026-05-24T15:00,True,74,100,Open-Meteo hourly,,,2026-05-24T14:08:15.650396+00:00,forecast_20260524T140815Z.json
shanghai,17,H+17,2026-05-24T16:00,2026-05-24T16:00,True,74,100,Open-Meteo hourly,,,2026-05-24T14:08:15.650396+00:00,forecast_20260524T140815Z.json
shanghai,18,H+18,2026-05-24T17:00,2026-05-24T17:00,True,73,100,Open-Meteo hourly,,,2026-05-24T14:08:15.650396+00:00,forecast_20260524T140815Z.json
shanghai,19,H+19,2026-05-24T18:00,2026-05-24T18:00,True,73,100,Open-Meteo hourly,,,2026-05-24T14:08:15.650396+00:00,forecast_20260524T140815Z.json
shanghai,20,H+20,2026-05-24T19:00,2026-05-24T19:00,True,72,98,Open-Meteo hourly,,,2026-05-24T14:08:15.650396+00:00,forecast_20260524T140815Z.json
shanghai,21,H+21,2026-05-24T20:00,2026-05-24T20:00,True,73,94,Open-Meteo hourly,,,2026-05-24T14:08:15.650396+00:00,forecast_20260524T140815Z.json
shanghai,22,H+22,2026-05-24T21:00,2026-05-24T21:00,True,73,84,Open-Meteo hourly,,,2026-05-24T14:08:15.650396+00:00,forecast_20260524T140815Z.json
shanghai,23,H+23,2026-05-24T22:00,2026-05-24T22:00,True,73,71,Open-Meteo hourly,,,2026-05-24T14:08:15.650396+00:00,forecast_20260524T140815Z.json
shanghai,24,H+24,2026-05-24T23:00,2026-05-24T23:00,True,74,59,Open-Meteo hourly,,,2026-05-24T14:08:15.650396+00:00,forecast_20260524T140815Z.json
singapore,1,H+1,2026-05-24T00:00,2026-05-24T00:00,True,77,2,Open-Meteo hourly,,,2026-05-24T14:08:17.661871+00:00,forecast_20260524T140817Z.json
singapore,2,H+2,2026-05-24T01:00,2026-05-24T01:00,True,77,2,Open-Meteo hourly,,,2026-05-24T14:08:17.661871+00:00,forecast_20260524T140817Z.json
singapore,3,H+3,2026-05-24T02:00,2026-05-24T02:00,True,76,4,Open-Meteo hourly,,,2026-05-24T14:08:17.661871+00:00,forecast_20260524T140817Z.json
singapore,4,H+4,2026-05-24T03:00,2026-05-24T03:00,True,76,9,Open-Meteo hourly,,,2026-05-24T14:08:17.661871+00:00,forecast_20260524T140817Z.json
singapore,5,H+5,2026-05-24T04:00,2026-05-24T04:00,True,75,16,Open-Meteo hourly,,,2026-05-24T14:08:17.661871+00:00,forecast_20260524T140817Z.json
singapore,6,H+6,2026-05-24T05:00,2026-05-24T05:00,True,75,20,Open-Meteo hourly,,,2026-05-24T14:08:17.661871+00:00,forecast_20260524T140817Z.json
singapore,7,H+7,2026-05-24T06:00,2026-05-24T06:00,True,75,16,Open-Meteo hourly,,,2026-05-24T14:08:17.661871+00:00,forecast_20260524T140817Z.json
singapore,8,H+8,2026-05-24T07:00,2026-05-24T07:00,True,74,10,Open-Meteo hourly,,,2026-05-24T14:08:17.661871+00:00,forecast_20260524T140817Z.json
singapore,9,H+9,2026-05-24T08:00,2026-05-24T08:00,True,76,8,Open-Meteo hourly,,,2026-05-24T14:08:17.661871+00:00,forecast_20260524T140817Z.json
singapore,10,H+10,2026-05-24T09:00,2026-05-24T09:00,True,78,16,Open-Meteo hourly,,,2026-05-24T14:08:17.661871+00:00,forecast_20260524T140817Z.json
singapore,11,H+11,2026-05-24T10:00,2026-05-24T10:00,True,84,29,Open-Meteo hourly,,,2026-05-24T14:08:17.661871+00:00,forecast_20260524T140817Z.json
singapore,12,H+12,2026-05-24T11:00,2026-05-24T11:00,True,84,43,Open-Meteo hourly,,,2026-05-24T14:08:17.661871+00:00,forecast_20260524T140817Z.json
singapore,13,H+13,2026-05-24T12:00,2026-05-24T12:00,True,84,57,Open-Meteo hourly,,,2026-05-24T14:08:17.661871+00:00,forecast_20260524T140817Z.json
singapore,14,H+14,2026-05-24T13:00,2026-05-24T13:00,True,84,72,Open-Meteo hourly,,,2026-05-24T14:08:17.661871+00:00,forecast_20260524T140817Z.json
singapore,15,H+15,2026-05-24T14:00,2026-05-24T14:00,True,80,84,Open-Meteo hourly,,,2026-05-24T14:08:17.661871+00:00,forecast_20260524T140817Z.json
singapore,16,H+16,2026-05-24T15:00,2026-05-24T15:00,True,80,93,Open-Meteo hourly,,,2026-05-24T14:08:17.661871+00:00,forecast_20260524T140817Z.json
singapore,17,H+17,2026-05-24T16:00,2026-05-24T16:00,True,82,99,Open-Meteo hourly,,,2026-05-24T14:08:17.661871+00:00,forecast_20260524T140817Z.json
singapore,18,H+18,2026-05-24T17:00,2026-05-24T17:00,True,83,98,Open-Meteo hourly,,,2026-05-24T14:08:17.661871+00:00,forecast_20260524T140817Z.json
singapore,19,H+19,2026-05-24T18:00,2026-05-24T18:00,True,82,86,Open-Meteo hourly,,,2026-05-24T14:08:17.661871+00:00,forecast_20260524T140817Z.json
singapore,20,H+20,2026-05-24T19:00,2026-05-24T19:00,True,79,68,Open-Meteo hourly,,,2026-05-24T14:08:17.661871+00:00,forecast_20260524T140817Z.json
singapore,21,H+21,2026-05-24T20:00,2026-05-24T20:00,True,78,49,Open-Meteo hourly,,,2026-05-24T14:08:17.661871+00:00,forecast_20260524T140817Z.json
singapore,22,H+22,2026-05-24T21:00,2026-05-24T21:00,True,77,31,Open-Meteo hourly,,,2026-05-24T14:08:17.661871+00:00,forecast_20260524T140817Z.json
singapore,23,H+23,2026-05-24T22:00,2026-05-24T22:00,True,77,14,Open-Meteo hourly,,,2026-05-24T14:08:17.661871+00:00,forecast_20260524T140817Z.json
singapore,24,H+24,2026-05-24T23:00,2026-05-24T23:00,True,77,2,Open-Meteo hourly,,,2026-05-24T14:08:17.661871+00:00,forecast_20260524T140817Z.json
stockholm,1,H+1,2026-05-24T00:00,2026-05-24T00:00,True,62,1,Open-Meteo hourly,,,2026-05-24T14:08:19.701666+00:00,forecast_20260524T140819Z.json
stockholm,2,H+2,2026-05-24T01:00,2026-05-24T01:00,True,60,1,Open-Meteo hourly,,,2026-05-24T14:08:19.701666+00:00,forecast_20260524T140819Z.json
stockholm,3,H+3,2026-05-24T02:00,2026-05-24T02:00,True,60,0,Open-Meteo hourly,,,2026-05-24T14:08:19.701666+00:00,forecast_20260524T140819Z.json
stockholm,4,H+4,2026-05-24T03:00,2026-05-24T03:00,True,59,0,Open-Meteo hourly,,,2026-05-24T14:08:19.701666+00:00,forecast_20260524T140819Z.json
stockholm,5,H+5,2026-05-24T04:00,2026-05-24T04:00,True,58,0,Open-Meteo hourly,,,2026-05-24T14:08:19.701666+00:00,forecast_20260524T140819Z.json
stockholm,6,H+6,2026-05-24T05:00,2026-05-24T05:00,True,57,0,Open-Meteo hourly,,,2026-05-24T14:08:19.701666+00:00,forecast_20260524T140819Z.json
stockholm,7,H+7,2026-05-24T06:00,2026-05-24T06:00,True,57,0,Open-Meteo hourly,,,2026-05-24T14:08:19.701666+00:00,forecast_20260524T140819Z.json
stockholm,8,H+8,2026-05-24T07:00,2026-05-24T07:00,True,59,0,Open-Meteo hourly,,,2026-05-24T14:08:19.701666+00:00,forecast_20260524T140819Z.json
stockholm,9,H+9,2026-05-24T08:00,2026-05-24T08:00,True,60,0,Open-Meteo hourly,,,2026-05-24T14:08:19.701666+00:00,forecast_20260524T140819Z.json
stockholm,10,H+10,2026-05-24T09:00,2026-05-24T09:00,True,62,1,Open-Meteo hourly,,,2026-05-24T14:08:19.701666+00:00,forecast_20260524T140819Z.json
stockholm,11,H+11,2026-05-24T10:00,2026-05-24T10:00,True,64,2,Open-Meteo hourly,,,2026-05-24T14:08:19.701666+00:00,forecast_20260524T140819Z.json
stockholm,12,H+12,2026-05-24T11:00,2026-05-24T11:00,True,66,2,Open-Meteo hourly,,,2026-05-24T14:08:19.701666+00:00,forecast_20260524T140819Z.json
stockholm,13,H+13,2026-05-24T12:00,2026-05-24T12:00,True,68,2,Open-Meteo hourly,,,2026-05-24T14:08:19.701666+00:00,forecast_20260524T140819Z.json
stockholm,14,H+14,2026-05-24T13:00,2026-05-24T13:00,True,69,1,Open-Meteo hourly,,,2026-05-24T14:08:19.701666+00:00,forecast_20260524T140819Z.json
stockholm,15,H+15,2026-05-24T14:00,2026-05-24T14:00,True,70,0,Open-Meteo hourly,,,2026-05-24T14:08:19.701666+00:00,forecast_20260524T140819Z.json
stockholm,16,H+16,2026-05-24T15:00,2026-05-24T15:00,True,72,0,Open-Meteo hourly,,,2026-05-24T14:08:19.701666+00:00,forecast_20260524T140819Z.json
stockholm,17,H+17,2026-05-24T16:00,2026-05-24T16:00,True,72,0,Open-Meteo hourly,,,2026-05-24T14:08:19.701666+00:00,forecast_20260524T140819Z.json
stockholm,18,H+18,2026-05-24T17:00,2026-05-24T17:00,True,73,0,Open-Meteo hourly,,,2026-05-24T14:08:19.701666+00:00,forecast_20260524T140819Z.json
stockholm,19,H+19,2026-05-24T18:00,2026-05-24T18:00,True,73,0,Open-Meteo hourly,,,2026-05-24T14:08:19.701666+00:00,forecast_20260524T140819Z.json
stockholm,20,H+20,2026-05-24T19:00,2026-05-24T19:00,True,72,0,Open-Meteo hourly,,,2026-05-24T14:08:19.701666+00:00,forecast_20260524T140819Z.json
stockholm,21,H+21,2026-05-24T20:00,2026-05-24T20:00,True,70,0,Open-Meteo hourly,,,2026-05-24T14:08:19.701666+00:00,forecast_20260524T140819Z.json
stockholm,22,H+22,2026-05-24T21:00,2026-05-24T21:00,True,69,0,Open-Meteo hourly,,,2026-05-24T14:08:19.701666+00:00,forecast_20260524T140819Z.json
stockholm,23,H+23,2026-05-24T22:00,2026-05-24T22:00,True,67,0,Open-Meteo hourly,,,2026-05-24T14:08:19.701666+00:00,forecast_20260524T140819Z.json
stockholm,24,H+24,2026-05-24T23:00,2026-05-24T23:00,True,66,0,Open-Meteo hourly,,,2026-05-24T14:08:19.701666+00:00,forecast_20260524T140819Z.json
sydney,1,H+1,2026-05-24T00:00,2026-05-24T00:00,True,61,32,Open-Meteo hourly,,,2026-05-24T00:28:06.621123+00:00,forecast_20260524T002805Z.json
sydney,2,H+2,2026-05-24T01:00,2026-05-24T01:00,True,61,18,Open-Meteo hourly,,,2026-05-24T00:28:06.621123+00:00,forecast_20260524T002805Z.json
sydney,3,H+3,2026-05-24T02:00,2026-05-24T02:00,True,61,11,Open-Meteo hourly,,,2026-05-24T00:28:06.621123+00:00,forecast_20260524T002805Z.json
sydney,4,H+4,2026-05-24T03:00,2026-05-24T03:00,True,60,8,Open-Meteo hourly,,,2026-05-24T00:28:06.621123+00:00,forecast_20260524T002805Z.json
sydney,5,H+5,2026-05-24T04:00,2026-05-24T04:00,True,60,6,Open-Meteo hourly,,,2026-05-24T00:28:06.621123+00:00,forecast_20260524T002805Z.json
sydney,6,H+6,2026-05-24T05:00,2026-05-24T05:00,True,60,4,Open-Meteo hourly,,,2026-05-24T00:28:06.621123+00:00,forecast_20260524T002805Z.json
sydney,7,H+7,2026-05-24T06:00,2026-05-24T06:00,True,59,4,Open-Meteo hourly,,,2026-05-24T00:28:06.621123+00:00,forecast_20260524T002805Z.json
sydney,8,H+8,2026-05-24T07:00,2026-05-24T07:00,True,58,4,Open-Meteo hourly,,,2026-05-24T00:28:06.621123+00:00,forecast_20260524T002805Z.json
sydney,9,H+9,2026-05-24T08:00,2026-05-24T08:00,True,60,4,Open-Meteo hourly,,,2026-05-24T00:28:06.621123+00:00,forecast_20260524T002805Z.json
sydney,10,H+10,2026-05-24T09:00,2026-05-24T09:00,True,62,4,Open-Meteo hourly,,,2026-05-24T00:28:06.621123+00:00,forecast_20260524T002805Z.json
sydney,11,H+11,2026-05-24T10:00,2026-05-24T10:00,True,64,6,Open-Meteo hourly,,,2026-05-24T00:28:06.621123+00:00,forecast_20260524T002805Z.json
sydney,12,H+12,2026-05-24T11:00,2026-05-24T11:00,True,66,11,Open-Meteo hourly,,,2026-05-24T00:28:06.621123+00:00,forecast_20260524T002805Z.json
sydney,13,H+13,2026-05-24T12:00,2026-05-24T12:00,True,67,18,Open-Meteo hourly,,,2026-05-24T00:28:06.621123+00:00,forecast_20260524T002805Z.json
sydney,14,H+14,2026-05-24T13:00,2026-05-24T13:00,True,67,22,Open-Meteo hourly,,,2026-05-24T00:28:06.621123+00:00,forecast_20260524T002805Z.json
sydney,15,H+15,2026-05-24T14:00,2026-05-24T14:00,True,67,21,Open-Meteo hourly,,,2026-05-24T00:28:06.621123+00:00,forecast_20260524T002805Z.json
sydney,16,H+16,2026-05-24T15:00,2026-05-24T15:00,True,66,19,Open-Meteo hourly,,,2026-05-24T00:28:06.621123+00:00,forecast_20260524T002805Z.json
sydney,17,H+17,2026-05-24T16:00,2026-05-24T16:00,True,64,16,Open-Meteo hourly,,,2026-05-24T00:28:06.621123+00:00,forecast_20260524T002805Z.json
sydney,18,H+18,2026-05-24T17:00,2026-05-24T17:00,True,63,15,Open-Meteo hourly,,,2026-05-24T00:28:06.621123+00:00,forecast_20260524T002805Z.json
sydney,19,H+19,2026-05-24T18:00,2026-05-24T18:00,True,62,14,Open-Meteo hourly,,,2026-05-24T00:28:06.621123+00:00,forecast_20260524T002805Z.json
sydney,20,H+20,2026-05-24T19:00,2026-05-24T19:00,True,62,14,Open-Meteo hourly,,,2026-05-24T00:28:06.621123+00:00,forecast_20260524T002805Z.json
sydney,21,H+21,2026-05-24T20:00,2026-05-24T20:00,True,61,17,Open-Meteo hourly,,,2026-05-24T00:28:06.621123+00:00,forecast_20260524T002805Z.json
sydney,22,H+22,2026-05-24T21:00,2026-05-24T21:00,True,61,21,Open-Meteo hourly,,,2026-05-24T00:28:06.621123+00:00,forecast_20260524T002805Z.json
sydney,23,H+23,2026-05-24T22:00,2026-05-24T22:00,True,59,25,Open-Meteo hourly,,,2026-05-24T00:28:06.621123+00:00,forecast_20260524T002805Z.json
sydney,24,H+24,2026-05-24T23:00,2026-05-24T23:00,True,59,28,Open-Meteo hourly,,,2026-05-24T00:28:06.621123+00:00,forecast_20260524T002805Z.json
sydney,1,H+1,2026-05-25T00:00,2026-05-25T00:00,True,61,69,Open-Meteo hourly,,,2026-05-24T14:08:22.153799+00:00,forecast_20260524T140822Z.json
sydney,2,H+2,2026-05-25T01:00,2026-05-25T01:00,True,61,65,Open-Meteo hourly,,,2026-05-24T14:08:22.153799+00:00,forecast_20260524T140822Z.json
sydney,3,H+3,2026-05-25T02:00,2026-05-25T02:00,True,60,65,Open-Meteo hourly,,,2026-05-24T14:08:22.153799+00:00,forecast_20260524T140822Z.json
sydney,4,H+4,2026-05-25T03:00,2026-05-25T03:00,True,60,65,Open-Meteo hourly,,,2026-05-24T14:08:22.153799+00:00,forecast_20260524T140822Z.json
sydney,5,H+5,2026-05-25T04:00,2026-05-25T04:00,True,59,63,Open-Meteo hourly,,,2026-05-24T14:08:22.153799+00:00,forecast_20260524T140822Z.json
sydney,6,H+6,2026-05-25T05:00,2026-05-25T05:00,True,58,58,Open-Meteo hourly,,,2026-05-24T14:08:22.153799+00:00,forecast_20260524T140822Z.json
sydney,7,H+7,2026-05-25T06:00,2026-05-25T06:00,True,58,51,Open-Meteo hourly,,,2026-05-24T14:08:22.153799+00:00,forecast_20260524T140822Z.json
sydney,8,H+8,2026-05-25T07:00,2026-05-25T07:00,True,57,45,Open-Meteo hourly,,,2026-05-24T14:08:22.153799+00:00,forecast_20260524T140822Z.json
sydney,9,H+9,2026-05-25T08:00,2026-05-25T08:00,True,58,42,Open-Meteo hourly,,,2026-05-24T14:08:22.153799+00:00,forecast_20260524T140822Z.json
sydney,10,H+10,2026-05-25T09:00,2026-05-25T09:00,True,62,40,Open-Meteo hourly,,,2026-05-24T14:08:22.153799+00:00,forecast_20260524T140822Z.json
sydney,11,H+11,2026-05-25T10:00,2026-05-25T10:00,True,65,41,Open-Meteo hourly,,,2026-05-24T14:08:22.153799+00:00,forecast_20260524T140822Z.json
sydney,12,H+12,2026-05-25T11:00,2026-05-25T11:00,True,67,47,Open-Meteo hourly,,,2026-05-24T14:08:22.153799+00:00,forecast_20260524T140822Z.json
sydney,13,H+13,2026-05-25T12:00,2026-05-25T12:00,True,68,57,Open-Meteo hourly,,,2026-05-24T14:08:22.153799+00:00,forecast_20260524T140822Z.json
sydney,14,H+14,2026-05-25T13:00,2026-05-25T13:00,True,68,65,Open-Meteo hourly,,,2026-05-24T14:08:22.153799+00:00,forecast_20260524T140822Z.json
sydney,15,H+15,2026-05-25T14:00,2026-05-25T14:00,True,67,73,Open-Meteo hourly,,,2026-05-24T14:08:22.153799+00:00,forecast_20260524T140822Z.json
sydney,16,H+16,2026-05-25T15:00,2026-05-25T15:00,True,66,79,Open-Meteo hourly,,,2026-05-24T14:08:22.153799+00:00,forecast_20260524T140822Z.json
sydney,17,H+17,2026-05-25T16:00,2026-05-25T16:00,True,66,76,Open-Meteo hourly,,,2026-05-24T14:08:22.153799+00:00,forecast_20260524T140822Z.json
sydney,18,H+18,2026-05-25T17:00,2026-05-25T17:00,True,65,55,Open-Meteo hourly,,,2026-05-24T14:08:22.153799+00:00,forecast_20260524T140822Z.json
sydney,19,H+19,2026-05-25T18:00,2026-05-25T18:00,True,64,25,Open-Meteo hourly,,,2026-05-24T14:08:22.153799+00:00,forecast_20260524T140822Z.json
sydney,20,H+20,2026-05-25T19:00,2026-05-25T19:00,True,64,6,Open-Meteo hourly,,,2026-05-24T14:08:22.153799+00:00,forecast_20260524T140822Z.json
sydney,21,H+21,2026-05-25T20:00,2026-05-25T20:00,True,63,9,Open-Meteo hourly,,,2026-05-24T14:08:22.153799+00:00,forecast_20260524T140822Z.json
sydney,22,H+22,2026-05-25T21:00,2026-05-25T21:00,True,62,23,Open-Meteo hourly,,,2026-05-24T14:08:22.153799+00:00,forecast_20260524T140822Z.json
sydney,23,H+23,2026-05-25T22:00,2026-05-25T22:00,True,61,35,Open-Meteo hourly,,,2026-05-24T14:08:22.153799+00:00,forecast_20260524T140822Z.json
sydney,24,H+24,2026-05-25T23:00,2026-05-25T23:00,True,60,40,Open-Meteo hourly,,,2026-05-24T14:08:22.153799+00:00,forecast_20260524T140822Z.json
sao-paulo,1,H+1,2026-05-23T00:00,2026-05-23T00:00,True,57,53,Open-Meteo hourly,,,2026-05-24T00:54:55.376651+00:00,forecast_20260524T005455Z.json
sao-paulo,2,H+2,2026-05-23T01:00,2026-05-23T01:00,True,58,42,Open-Meteo hourly,,,2026-05-24T00:54:55.376651+00:00,forecast_20260524T005455Z.json
sao-paulo,3,H+3,2026-05-23T02:00,2026-05-23T02:00,True,58,20,Open-Meteo hourly,,,2026-05-24T00:54:55.376651+00:00,forecast_20260524T005455Z.json
sao-paulo,4,H+4,2026-05-23T03:00,2026-05-23T03:00,True,58,4,Open-Meteo hourly,,,2026-05-24T00:54:55.376651+00:00,forecast_20260524T005455Z.json
sao-paulo,5,H+5,2026-05-23T04:00,2026-05-23T04:00,True,58,0,Open-Meteo hourly,,,2026-05-24T00:54:55.376651+00:00,forecast_20260524T005455Z.json
sao-paulo,6,H+6,2026-05-23T05:00,2026-05-23T05:00,True,58,1,Open-Meteo hourly,,,2026-05-24T00:54:55.376651+00:00,forecast_20260524T005455Z.json
sao-paulo,7,H+7,2026-05-23T06:00,2026-05-23T06:00,True,58,12,Open-Meteo hourly,,,2026-05-24T00:54:55.376651+00:00,forecast_20260524T005455Z.json
sao-paulo,8,H+8,2026-05-23T07:00,2026-05-23T07:00,True,58,38,Open-Meteo hourly,,,2026-05-24T00:54:55.376651+00:00,forecast_20260524T005455Z.json
sao-paulo,9,H+9,2026-05-23T08:00,2026-05-23T08:00,True,59,73,Open-Meteo hourly,,,2026-05-24T00:54:55.376651+00:00,forecast_20260524T005455Z.json
sao-paulo,10,H+10,2026-05-23T09:00,2026-05-23T09:00,True,59,98,Open-Meteo hourly,,,2026-05-24T00:54:55.376651+00:00,forecast_20260524T005455Z.json
sao-paulo,11,H+11,2026-05-23T10:00,2026-05-23T10:00,True,60,100,Open-Meteo hourly,,,2026-05-24T00:54:55.376651+00:00,forecast_20260524T005455Z.json
sao-paulo,12,H+12,2026-05-23T11:00,2026-05-23T11:00,True,65,100,Open-Meteo hourly,,,2026-05-24T00:54:55.376651+00:00,forecast_20260524T005455Z.json
sao-paulo,13,H+13,2026-05-23T12:00,2026-05-23T12:00,True,67,100,Open-Meteo hourly,,,2026-05-24T00:54:55.376651+00:00,forecast_20260524T005455Z.json
sao-paulo,14,H+14,2026-05-23T13:00,2026-05-23T13:00,True,68,92,Open-Meteo hourly,,,2026-05-24T00:54:55.376651+00:00,forecast_20260524T005455Z.json
sao-paulo,15,H+15,2026-05-23T14:00,2026-05-23T14:00,True,69,82,Open-Meteo hourly,,,2026-05-24T00:54:55.376651+00:00,forecast_20260524T005455Z.json
sao-paulo,16,H+16,2026-05-23T15:00,2026-05-23T15:00,True,67,76,Open-Meteo hourly,,,2026-05-24T00:54:55.376651+00:00,forecast_20260524T005455Z.json
sao-paulo,17,H+17,2026-05-23T16:00,2026-05-23T16:00,True,66,80,Open-Meteo hourly,,,2026-05-24T00:54:55.376651+00:00,forecast_20260524T005455Z.json
sao-paulo,18,H+18,2026-05-23T17:00,2026-05-23T17:00,True,65,88,Open-Meteo hourly,,,2026-05-24T00:54:55.376651+00:00,forecast_20260524T005455Z.json
sao-paulo,19,H+19,2026-05-23T18:00,2026-05-23T18:00,True,62,94,Open-Meteo hourly,,,2026-05-24T00:54:55.376651+00:00,forecast_20260524T005455Z.json
sao-paulo,20,H+20,2026-05-23T19:00,2026-05-23T19:00,True,61,94,Open-Meteo hourly,,,2026-05-24T00:54:55.376651+00:00,forecast_20260524T005455Z.json
sao-paulo,21,H+21,2026-05-23T20:00,2026-05-23T20:00,True,60,92,Open-Meteo hourly,,,2026-05-24T00:54:55.376651+00:00,forecast_20260524T005455Z.json
sao-paulo,22,H+22,2026-05-23T21:00,2026-05-23T21:00,True,60,90,Open-Meteo hourly,,,2026-05-24T00:54:55.376651+00:00,forecast_20260524T005455Z.json
sao-paulo,23,H+23,2026-05-23T22:00,2026-05-23T22:00,True,59,90,Open-Meteo hourly,,,2026-05-24T00:54:55.376651+00:00,forecast_20260524T005455Z.json
sao-paulo,24,H+24,2026-05-23T23:00,2026-05-23T23:00,True,59,90,Open-Meteo hourly,,,2026-05-24T00:54:55.376651+00:00,forecast_20260524T005455Z.json
sao-paulo,1,H+1,2026-05-24T00:00,2026-05-24T00:00,True,60,78,Open-Meteo hourly,,,2026-05-24T14:08:23.952906+00:00,forecast_20260524T140823Z.json
sao-paulo,2,H+2,2026-05-24T01:00,2026-05-24T01:00,True,60,79,Open-Meteo hourly,,,2026-05-24T14:08:23.952906+00:00,forecast_20260524T140823Z.json
sao-paulo,3,H+3,2026-05-24T02:00,2026-05-24T02:00,True,59,83,Open-Meteo hourly,,,2026-05-24T14:08:23.952906+00:00,forecast_20260524T140823Z.json
sao-paulo,4,H+4,2026-05-24T03:00,2026-05-24T03:00,True,60,86,Open-Meteo hourly,,,2026-05-24T14:08:23.952906+00:00,forecast_20260524T140823Z.json
sao-paulo,5,H+5,2026-05-24T04:00,2026-05-24T04:00,True,59,86,Open-Meteo hourly,,,2026-05-24T14:08:23.952906+00:00,forecast_20260524T140823Z.json
sao-paulo,6,H+6,2026-05-24T05:00,2026-05-24T05:00,True,59,86,Open-Meteo hourly,,,2026-05-24T14:08:23.952906+00:00,forecast_20260524T140823Z.json
sao-paulo,7,H+7,2026-05-24T06:00,2026-05-24T06:00,True,59,84,Open-Meteo hourly,,,2026-05-24T14:08:23.952906+00:00,forecast_20260524T140823Z.json
sao-paulo,8,H+8,2026-05-24T07:00,2026-05-24T07:00,True,60,81,Open-Meteo hourly,,,2026-05-24T14:08:23.952906+00:00,forecast_20260524T140823Z.json
sao-paulo,9,H+9,2026-05-24T08:00,2026-05-24T08:00,True,62,77,Open-Meteo hourly,,,2026-05-24T14:08:23.952906+00:00,forecast_20260524T140823Z.json
sao-paulo,10,H+10,2026-05-24T09:00,2026-05-24T09:00,True,64,73,Open-Meteo hourly,,,2026-05-24T14:08:23.952906+00:00,forecast_20260524T140823Z.json
sao-paulo,11,H+11,2026-05-24T10:00,2026-05-24T10:00,True,66,69,Open-Meteo hourly,,,2026-05-24T14:08:23.952906+00:00,forecast_20260524T140823Z.json
sao-paulo,12,H+12,2026-05-24T11:00,2026-05-24T11:00,True,69,66,Open-Meteo hourly,,,2026-05-24T14:08:23.952906+00:00,forecast_20260524T140823Z.json
sao-paulo,13,H+13,2026-05-24T12:00,2026-05-24T12:00,True,70,67,Open-Meteo hourly,,,2026-05-24T14:08:23.952906+00:00,forecast_20260524T140823Z.json
sao-paulo,14,H+14,2026-05-24T13:00,2026-05-24T13:00,True,72,75,Open-Meteo hourly,,,2026-05-24T14:08:23.952906+00:00,forecast_20260524T140823Z.json
sao-paulo,15,H+15,2026-05-24T14:00,2026-05-24T14:00,True,70,86,Open-Meteo hourly,,,2026-05-24T14:08:23.952906+00:00,forecast_20260524T140823Z.json
sao-paulo,16,H+16,2026-05-24T15:00,2026-05-24T15:00,True,69,94,Open-Meteo hourly,,,2026-05-24T14:08:23.952906+00:00,forecast_20260524T140823Z.json
sao-paulo,17,H+17,2026-05-24T16:00,2026-05-24T16:00,True,68,97,Open-Meteo hourly,,,2026-05-24T14:08:23.952906+00:00,forecast_20260524T140823Z.json
sao-paulo,18,H+18,2026-05-24T17:00,2026-05-24T17:00,True,65,98,Open-Meteo hourly,,,2026-05-24T14:08:23.952906+00:00,forecast_20260524T140823Z.json
sao-paulo,19,H+19,2026-05-24T18:00,2026-05-24T18:00,True,64,94,Open-Meteo hourly,,,2026-05-24T14:08:23.952906+00:00,forecast_20260524T140823Z.json
sao-paulo,20,H+20,2026-05-24T19:00,2026-05-24T19:00,True,62,85,Open-Meteo hourly,,,2026-05-24T14:08:23.952906+00:00,forecast_20260524T140823Z.json
sao-paulo,21,H+21,2026-05-24T20:00,2026-05-24T20:00,True,61,72,Open-Meteo hourly,,,2026-05-24T14:08:23.952906+00:00,forecast_20260524T140823Z.json
sao-paulo,22,H+22,2026-05-24T21:00,2026-05-24T21:00,True,60,59,Open-Meteo hourly,,,2026-05-24T14:08:23.952906+00:00,forecast_20260524T140823Z.json
sao-paulo,23,H+23,2026-05-24T22:00,2026-05-24T22:00,True,60,47,Open-Meteo hourly,,,2026-05-24T14:08:23.952906+00:00,forecast_20260524T140823Z.json
sao-paulo,24,H+24,2026-05-24T23:00,2026-05-24T23:00,True,59,35,Open-Meteo hourly,,,2026-05-24T14:08:23.952906+00:00,forecast_20260524T140823Z.json
taipei,1,H+1,2026-05-24T00:00,2026-05-24T00:00,True,78,0,Open-Meteo hourly,,,2026-05-24T14:08:26.047362+00:00,forecast_20260524T140826Z.json
taipei,2,H+2,2026-05-24T01:00,2026-05-24T01:00,True,78,0,Open-Meteo hourly,,,2026-05-24T14:08:26.047362+00:00,forecast_20260524T140826Z.json
taipei,3,H+3,2026-05-24T02:00,2026-05-24T02:00,True,78,0,Open-Meteo hourly,,,2026-05-24T14:08:26.047362+00:00,forecast_20260524T140826Z.json
taipei,4,H+4,2026-05-24T03:00,2026-05-24T03:00,True,78,1,Open-Meteo hourly,,,2026-05-24T14:08:26.047362+00:00,forecast_20260524T140826Z.json
taipei,5,H+5,2026-05-24T04:00,2026-05-24T04:00,True,77,3,Open-Meteo hourly,,,2026-05-24T14:08:26.047362+00:00,forecast_20260524T140826Z.json
taipei,6,H+6,2026-05-24T05:00,2026-05-24T05:00,True,77,4,Open-Meteo hourly,,,2026-05-24T14:08:26.047362+00:00,forecast_20260524T140826Z.json
taipei,7,H+7,2026-05-24T06:00,2026-05-24T06:00,True,78,4,Open-Meteo hourly,,,2026-05-24T14:08:26.047362+00:00,forecast_20260524T140826Z.json
taipei,8,H+8,2026-05-24T07:00,2026-05-24T07:00,True,81,3,Open-Meteo hourly,,,2026-05-24T14:08:26.047362+00:00,forecast_20260524T140826Z.json
taipei,9,H+9,2026-05-24T08:00,2026-05-24T08:00,True,84,2,Open-Meteo hourly,,,2026-05-24T14:08:26.047362+00:00,forecast_20260524T140826Z.json
taipei,10,H+10,2026-05-24T09:00,2026-05-24T09:00,True,86,2,Open-Meteo hourly,,,2026-05-24T14:08:26.047362+00:00,forecast_20260524T140826Z.json
taipei,11,H+11,2026-05-24T10:00,2026-05-24T10:00,True,86,2,Open-Meteo hourly,,,2026-05-24T14:08:26.047362+00:00,forecast_20260524T140826Z.json
taipei,12,H+12,2026-05-24T11:00,2026-05-24T11:00,True,86,2,Open-Meteo hourly,,,2026-05-24T14:08:26.047362+00:00,forecast_20260524T140826Z.json
taipei,13,H+13,2026-05-24T12:00,2026-05-24T12:00,True,87,2,Open-Meteo hourly,,,2026-05-24T14:08:26.047362+00:00,forecast_20260524T140826Z.json
taipei,14,H+14,2026-05-24T13:00,2026-05-24T13:00,True,89,3,Open-Meteo hourly,,,2026-05-24T14:08:26.047362+00:00,forecast_20260524T140826Z.json
taipei,15,H+15,2026-05-24T14:00,2026-05-24T14:00,True,90,4,Open-Meteo hourly,,,2026-05-24T14:08:26.047362+00:00,forecast_20260524T140826Z.json
taipei,16,H+16,2026-05-24T15:00,2026-05-24T15:00,True,90,7,Open-Meteo hourly,,,2026-05-24T14:08:26.047362+00:00,forecast_20260524T140826Z.json
taipei,17,H+17,2026-05-24T16:00,2026-05-24T16:00,True,89,10,Open-Meteo hourly,,,2026-05-24T14:08:26.047362+00:00,forecast_20260524T140826Z.json
taipei,18,H+18,2026-05-24T17:00,2026-05-24T17:00,True,87,12,Open-Meteo hourly,,,2026-05-24T14:08:26.047362+00:00,forecast_20260524T140826Z.json
taipei,19,H+19,2026-05-24T18:00,2026-05-24T18:00,True,85,10,Open-Meteo hourly,,,2026-05-24T14:08:26.047362+00:00,forecast_20260524T140826Z.json
taipei,20,H+20,2026-05-24T19:00,2026-05-24T19:00,True,83,7,Open-Meteo hourly,,,2026-05-24T14:08:26.047362+00:00,forecast_20260524T140826Z.json
taipei,21,H+21,2026-05-24T20:00,2026-05-24T20:00,True,82,4,Open-Meteo hourly,,,2026-05-24T14:08:26.047362+00:00,forecast_20260524T140826Z.json
taipei,22,H+22,2026-05-24T21:00,2026-05-24T21:00,True,81,2,Open-Meteo hourly,,,2026-05-24T14:08:26.047362+00:00,forecast_20260524T140826Z.json
taipei,23,H+23,2026-05-24T22:00,2026-05-24T22:00,True,80,1,Open-Meteo hourly,,,2026-05-24T14:08:26.047362+00:00,forecast_20260524T140826Z.json
taipei,24,H+24,2026-05-24T23:00,2026-05-24T23:00,True,79,0,Open-Meteo hourly,,,2026-05-24T14:08:26.047362+00:00,forecast_20260524T140826Z.json
tel-aviv,1,H+1,2026-05-24T00:00,2026-05-24T00:00,True,67,0,Open-Meteo hourly,,,2026-05-24T14:08:28.120478+00:00,forecast_20260524T140828Z.json
tel-aviv,2,H+2,2026-05-24T01:00,2026-05-24T01:00,True,66,0,Open-Meteo hourly,,,2026-05-24T14:08:28.120478+00:00,forecast_20260524T140828Z.json
tel-aviv,3,H+3,2026-05-24T02:00,2026-05-24T02:00,True,65,0,Open-Meteo hourly,,,2026-05-24T14:08:28.120478+00:00,forecast_20260524T140828Z.json
tel-aviv,4,H+4,2026-05-24T03:00,2026-05-24T03:00,True,64,0,Open-Meteo hourly,,,2026-05-24T14:08:28.120478+00:00,forecast_20260524T140828Z.json
tel-aviv,5,H+5,2026-05-24T04:00,2026-05-24T04:00,True,63,0,Open-Meteo hourly,,,2026-05-24T14:08:28.120478+00:00,forecast_20260524T140828Z.json
tel-aviv,6,H+6,2026-05-24T05:00,2026-05-24T05:00,True,62,0,Open-Meteo hourly,,,2026-05-24T14:08:28.120478+00:00,forecast_20260524T140828Z.json
tel-aviv,7,H+7,2026-05-24T06:00,2026-05-24T06:00,True,62,0,Open-Meteo hourly,,,2026-05-24T14:08:28.120478+00:00,forecast_20260524T140828Z.json
tel-aviv,8,H+8,2026-05-24T07:00,2026-05-24T07:00,True,63,0,Open-Meteo hourly,,,2026-05-24T14:08:28.120478+00:00,forecast_20260524T140828Z.json
tel-aviv,9,H+9,2026-05-24T08:00,2026-05-24T08:00,True,67,0,Open-Meteo hourly,,,2026-05-24T14:08:28.120478+00:00,forecast_20260524T140828Z.json
tel-aviv,10,H+10,2026-05-24T09:00,2026-05-24T09:00,True,71,0,Open-Meteo hourly,,,2026-05-24T14:08:28.120478+00:00,forecast_20260524T140828Z.json
tel-aviv,11,H+11,2026-05-24T10:00,2026-05-24T10:00,True,73,0,Open-Meteo hourly,,,2026-05-24T14:08:28.120478+00:00,forecast_20260524T140828Z.json
tel-aviv,12,H+12,2026-05-24T11:00,2026-05-24T11:00,True,75,0,Open-Meteo hourly,,,2026-05-24T14:08:28.120478+00:00,forecast_20260524T140828Z.json
tel-aviv,13,H+13,2026-05-24T12:00,2026-05-24T12:00,True,75,0,Open-Meteo hourly,,,2026-05-24T14:08:28.120478+00:00,forecast_20260524T140828Z.json
tel-aviv,14,H+14,2026-05-24T13:00,2026-05-24T13:00,True,76,0,Open-Meteo hourly,,,2026-05-24T14:08:28.120478+00:00,forecast_20260524T140828Z.json
tel-aviv,15,H+15,2026-05-24T14:00,2026-05-24T14:00,True,76,0,Open-Meteo hourly,,,2026-05-24T14:08:28.120478+00:00,forecast_20260524T140828Z.json
tel-aviv,16,H+16,2026-05-24T15:00,2026-05-24T15:00,True,76,0,Open-Meteo hourly,,,2026-05-24T14:08:28.120478+00:00,forecast_20260524T140828Z.json
tel-aviv,17,H+17,2026-05-24T16:00,2026-05-24T16:00,True,75,0,Open-Meteo hourly,,,2026-05-24T14:08:28.120478+00:00,forecast_20260524T140828Z.json
tel-aviv,18,H+18,2026-05-24T17:00,2026-05-24T17:00,True,74,0,Open-Meteo hourly,,,2026-05-24T14:08:28.120478+00:00,forecast_20260524T140828Z.json
tel-aviv,19,H+19,2026-05-24T18:00,2026-05-24T18:00,True,72,0,Open-Meteo hourly,,,2026-05-24T14:08:28.120478+00:00,forecast_20260524T140828Z.json
tel-aviv,20,H+20,2026-05-24T19:00,2026-05-24T19:00,True,71,0,Open-Meteo hourly,,,2026-05-24T14:08:28.120478+00:00,forecast_20260524T140828Z.json
tel-aviv,21,H+21,2026-05-24T20:00,2026-05-24T20:00,True,69,0,Open-Meteo hourly,,,2026-05-24T14:08:28.120478+00:00,forecast_20260524T140828Z.json
tel-aviv,22,H+22,2026-05-24T21:00,2026-05-24T21:00,True,69,0,Open-Meteo hourly,,,2026-05-24T14:08:28.120478+00:00,forecast_20260524T140828Z.json
tel-aviv,23,H+23,2026-05-24T22:00,2026-05-24T22:00,True,68,0,Open-Meteo hourly,,,2026-05-24T14:08:28.120478+00:00,forecast_20260524T140828Z.json
tel-aviv,24,H+24,2026-05-24T23:00,2026-05-24T23:00,True,67,0,Open-Meteo hourly,,,2026-05-24T14:08:28.120478+00:00,forecast_20260524T140828Z.json
tokyo,1,H+1,2026-05-24T00:00,2026-05-24T00:00,True,56,12,Open-Meteo hourly,,,2026-05-24T14:08:30.598530+00:00,forecast_20260524T140830Z.json
tokyo,2,H+2,2026-05-24T01:00,2026-05-24T01:00,True,56,30,Open-Meteo hourly,,,2026-05-24T14:08:30.598530+00:00,forecast_20260524T140830Z.json
tokyo,3,H+3,2026-05-24T02:00,2026-05-24T02:00,True,56,53,Open-Meteo hourly,,,2026-05-24T14:08:30.598530+00:00,forecast_20260524T140830Z.json
tokyo,4,H+4,2026-05-24T03:00,2026-05-24T03:00,True,55,67,Open-Meteo hourly,,,2026-05-24T14:08:30.598530+00:00,forecast_20260524T140830Z.json
tokyo,5,H+5,2026-05-24T04:00,2026-05-24T04:00,True,56,63,Open-Meteo hourly,,,2026-05-24T14:08:30.598530+00:00,forecast_20260524T140830Z.json
tokyo,6,H+6,2026-05-24T05:00,2026-05-24T05:00,True,56,49,Open-Meteo hourly,,,2026-05-24T14:08:30.598530+00:00,forecast_20260524T140830Z.json
tokyo,7,H+7,2026-05-24T06:00,2026-05-24T06:00,True,56,37,Open-Meteo hourly,,,2026-05-24T14:08:30.598530+00:00,forecast_20260524T140830Z.json
tokyo,8,H+8,2026-05-24T07:00,2026-05-24T07:00,True,56,30,Open-Meteo hourly,,,2026-05-24T14:08:30.598530+00:00,forecast_20260524T140830Z.json
tokyo,9,H+9,2026-05-24T08:00,2026-05-24T08:00,True,57,24,Open-Meteo hourly,,,2026-05-24T14:08:30.598530+00:00,forecast_20260524T140830Z.json
tokyo,10,H+10,2026-05-24T09:00,2026-05-24T09:00,True,58,18,Open-Meteo hourly,,,2026-05-24T14:08:30.598530+00:00,forecast_20260524T140830Z.json
tokyo,11,H+11,2026-05-24T10:00,2026-05-24T10:00,True,59,11,Open-Meteo hourly,,,2026-05-24T14:08:30.598530+00:00,forecast_20260524T140830Z.json
tokyo,12,H+12,2026-05-24T11:00,2026-05-24T11:00,True,61,4,Open-Meteo hourly,,,2026-05-24T14:08:30.598530+00:00,forecast_20260524T140830Z.json
tokyo,13,H+13,2026-05-24T12:00,2026-05-24T12:00,True,66,2,Open-Meteo hourly,,,2026-05-24T14:08:30.598530+00:00,forecast_20260524T140830Z.json
tokyo,14,H+14,2026-05-24T13:00,2026-05-24T13:00,True,68,10,Open-Meteo hourly,,,2026-05-24T14:08:30.598530+00:00,forecast_20260524T140830Z.json
tokyo,15,H+15,2026-05-24T14:00,2026-05-24T14:00,True,69,22,Open-Meteo hourly,,,2026-05-24T14:08:30.598530+00:00,forecast_20260524T140830Z.json
tokyo,16,H+16,2026-05-24T15:00,2026-05-24T15:00,True,70,29,Open-Meteo hourly,,,2026-05-24T14:08:30.598530+00:00,forecast_20260524T140830Z.json
tokyo,17,H+17,2026-05-24T16:00,2026-05-24T16:00,True,70,24,Open-Meteo hourly,,,2026-05-24T14:08:30.598530+00:00,forecast_20260524T140830Z.json
tokyo,18,H+18,2026-05-24T17:00,2026-05-24T17:00,True,69,13,Open-Meteo hourly,,,2026-05-24T14:08:30.598530+00:00,forecast_20260524T140830Z.json
tokyo,19,H+19,2026-05-24T18:00,2026-05-24T18:00,True,68,4,Open-Meteo hourly,,,2026-05-24T14:08:30.598530+00:00,forecast_20260524T140830Z.json
tokyo,20,H+20,2026-05-24T19:00,2026-05-24T19:00,True,67,1,Open-Meteo hourly,,,2026-05-24T14:08:30.598530+00:00,forecast_20260524T140830Z.json
tokyo,21,H+21,2026-05-24T20:00,2026-05-24T20:00,True,66,0,Open-Meteo hourly,,,2026-05-24T14:08:30.598530+00:00,forecast_20260524T140830Z.json
tokyo,22,H+22,2026-05-24T21:00,2026-05-24T21:00,True,65,0,Open-Meteo hourly,,,2026-05-24T14:08:30.598530+00:00,forecast_20260524T140830Z.json
tokyo,23,H+23,2026-05-24T22:00,2026-05-24T22:00,True,65,0,Open-Meteo hourly,,,2026-05-24T14:08:30.598530+00:00,forecast_20260524T140830Z.json
tokyo,24,H+24,2026-05-24T23:00,2026-05-24T23:00,True,64,0,Open-Meteo hourly,,,2026-05-24T14:08:30.598530+00:00,forecast_20260524T140830Z.json
toronto,1,H+1,2026-05-23T00:00,2026-05-23T00:00,True,53,0,Open-Meteo hourly,,,2026-05-24T00:55:01.276954+00:00,forecast_20260524T005501Z.json
toronto,2,H+2,2026-05-23T01:00,2026-05-23T01:00,True,53,0,Open-Meteo hourly,,,2026-05-24T00:55:01.276954+00:00,forecast_20260524T005501Z.json
toronto,3,H+3,2026-05-23T02:00,2026-05-23T02:00,True,52,0,Open-Meteo hourly,,,2026-05-24T00:55:01.276954+00:00,forecast_20260524T005501Z.json
toronto,4,H+4,2026-05-23T03:00,2026-05-23T03:00,True,53,0,Open-Meteo hourly,,,2026-05-24T00:55:01.276954+00:00,forecast_20260524T005501Z.json
toronto,5,H+5,2026-05-23T04:00,2026-05-23T04:00,True,53,1,Open-Meteo hourly,,,2026-05-24T00:55:01.276954+00:00,forecast_20260524T005501Z.json
toronto,6,H+6,2026-05-23T05:00,2026-05-23T05:00,True,52,1,Open-Meteo hourly,,,2026-05-24T00:55:01.276954+00:00,forecast_20260524T005501Z.json
toronto,7,H+7,2026-05-23T06:00,2026-05-23T06:00,True,52,2,Open-Meteo hourly,,,2026-05-24T00:55:01.276954+00:00,forecast_20260524T005501Z.json
toronto,8,H+8,2026-05-23T07:00,2026-05-23T07:00,True,53,6,Open-Meteo hourly,,,2026-05-24T00:55:01.276954+00:00,forecast_20260524T005501Z.json
toronto,9,H+9,2026-05-23T08:00,2026-05-23T08:00,True,53,19,Open-Meteo hourly,,,2026-05-24T00:55:01.276954+00:00,forecast_20260524T005501Z.json
toronto,10,H+10,2026-05-23T09:00,2026-05-23T09:00,True,50,48,Open-Meteo hourly,,,2026-05-24T00:55:01.276954+00:00,forecast_20260524T005501Z.json
toronto,11,H+11,2026-05-23T10:00,2026-05-23T10:00,True,51,63,Open-Meteo hourly,,,2026-05-24T00:55:01.276954+00:00,forecast_20260524T005501Z.json
toronto,12,H+12,2026-05-23T11:00,2026-05-23T11:00,True,48,80,Open-Meteo hourly,,,2026-05-24T00:55:01.276954+00:00,forecast_20260524T005501Z.json
toronto,13,H+13,2026-05-23T12:00,2026-05-23T12:00,True,47,81,Open-Meteo hourly,,,2026-05-24T00:55:01.276954+00:00,forecast_20260524T005501Z.json
toronto,14,H+14,2026-05-23T13:00,2026-05-23T13:00,True,47,95,Open-Meteo hourly,,,2026-05-24T00:55:01.276954+00:00,forecast_20260524T005501Z.json
toronto,15,H+15,2026-05-23T14:00,2026-05-23T14:00,True,47,100,Open-Meteo hourly,,,2026-05-24T00:55:01.276954+00:00,forecast_20260524T005501Z.json
toronto,16,H+16,2026-05-23T15:00,2026-05-23T15:00,True,46,100,Open-Meteo hourly,,,2026-05-24T00:55:01.276954+00:00,forecast_20260524T005501Z.json
toronto,17,H+17,2026-05-23T16:00,2026-05-23T16:00,True,46,100,Open-Meteo hourly,,,2026-05-24T00:55:01.276954+00:00,forecast_20260524T005501Z.json
toronto,18,H+18,2026-05-23T17:00,2026-05-23T17:00,True,46,99,Open-Meteo hourly,,,2026-05-24T00:55:01.276954+00:00,forecast_20260524T005501Z.json
toronto,19,H+19,2026-05-23T18:00,2026-05-23T18:00,True,46,99,Open-Meteo hourly,,,2026-05-24T00:55:01.276954+00:00,forecast_20260524T005501Z.json
toronto,20,H+20,2026-05-23T19:00,2026-05-23T19:00,True,46,97,Open-Meteo hourly,,,2026-05-24T00:55:01.276954+00:00,forecast_20260524T005501Z.json
toronto,21,H+21,2026-05-23T20:00,2026-05-23T20:00,True,47,92,Open-Meteo hourly,,,2026-05-24T00:55:01.276954+00:00,forecast_20260524T005501Z.json
toronto,22,H+22,2026-05-23T21:00,2026-05-23T21:00,True,47,84,Open-Meteo hourly,,,2026-05-24T00:55:01.276954+00:00,forecast_20260524T005501Z.json
toronto,23,H+23,2026-05-23T22:00,2026-05-23T22:00,True,47,80,Open-Meteo hourly,,,2026-05-24T00:55:01.276954+00:00,forecast_20260524T005501Z.json
toronto,24,H+24,2026-05-23T23:00,2026-05-23T23:00,True,47,62,Open-Meteo hourly,,,2026-05-24T00:55:01.276954+00:00,forecast_20260524T005501Z.json
toronto,1,H+1,2026-05-24T00:00,2026-05-24T00:00,True,46,38,Open-Meteo hourly,,,2026-05-24T14:08:32.716418+00:00,forecast_20260524T140832Z.json
toronto,2,H+2,2026-05-24T01:00,2026-05-24T01:00,True,47,25,Open-Meteo hourly,,,2026-05-24T14:08:32.716418+00:00,forecast_20260524T140832Z.json
toronto,3,H+3,2026-05-24T02:00,2026-05-24T02:00,True,47,16,Open-Meteo hourly,,,2026-05-24T14:08:32.716418+00:00,forecast_20260524T140832Z.json
toronto,4,H+4,2026-05-24T03:00,2026-05-24T03:00,True,47,23,Open-Meteo hourly,,,2026-05-24T14:08:32.716418+00:00,forecast_20260524T140832Z.json
toronto,5,H+5,2026-05-24T04:00,2026-05-24T04:00,True,47,26,Open-Meteo hourly,,,2026-05-24T14:08:32.716418+00:00,forecast_20260524T140832Z.json
toronto,6,H+6,2026-05-24T05:00,2026-05-24T05:00,True,48,29,Open-Meteo hourly,,,2026-05-24T14:08:32.716418+00:00,forecast_20260524T140832Z.json
toronto,7,H+7,2026-05-24T06:00,2026-05-24T06:00,True,48,18,Open-Meteo hourly,,,2026-05-24T14:08:32.716418+00:00,forecast_20260524T140832Z.json
toronto,8,H+8,2026-05-24T07:00,2026-05-24T07:00,True,48,12,Open-Meteo hourly,,,2026-05-24T14:08:32.716418+00:00,forecast_20260524T140832Z.json
toronto,9,H+9,2026-05-24T08:00,2026-05-24T08:00,True,48,9,Open-Meteo hourly,,,2026-05-24T14:08:32.716418+00:00,forecast_20260524T140832Z.json
toronto,10,H+10,2026-05-24T09:00,2026-05-24T09:00,True,48,7,Open-Meteo hourly,,,2026-05-24T14:08:32.716418+00:00,forecast_20260524T140832Z.json
toronto,11,H+11,2026-05-24T10:00,2026-05-24T10:00,True,49,8,Open-Meteo hourly,,,2026-05-24T14:08:32.716418+00:00,forecast_20260524T140832Z.json
toronto,12,H+12,2026-05-24T11:00,2026-05-24T11:00,True,49,9,Open-Meteo hourly,,,2026-05-24T14:08:32.716418+00:00,forecast_20260524T140832Z.json
toronto,13,H+13,2026-05-24T12:00,2026-05-24T12:00,True,51,7,Open-Meteo hourly,,,2026-05-24T14:08:32.716418+00:00,forecast_20260524T140832Z.json
toronto,14,H+14,2026-05-24T13:00,2026-05-24T13:00,True,53,2,Open-Meteo hourly,,,2026-05-24T14:08:32.716418+00:00,forecast_20260524T140832Z.json
toronto,15,H+15,2026-05-24T14:00,2026-05-24T14:00,True,53,1,Open-Meteo hourly,,,2026-05-24T14:08:32.716418+00:00,forecast_20260524T140832Z.json
toronto,16,H+16,2026-05-24T15:00,2026-05-24T15:00,True,55,1,Open-Meteo hourly,,,2026-05-24T14:08:32.716418+00:00,forecast_20260524T140832Z.json
toronto,17,H+17,2026-05-24T16:00,2026-05-24T16:00,True,55,2,Open-Meteo hourly,,,2026-05-24T14:08:32.716418+00:00,forecast_20260524T140832Z.json
toronto,18,H+18,2026-05-24T17:00,2026-05-24T17:00,True,55,2,Open-Meteo hourly,,,2026-05-24T14:08:32.716418+00:00,forecast_20260524T140832Z.json
toronto,19,H+19,2026-05-24T18:00,2026-05-24T18:00,True,54,6,Open-Meteo hourly,,,2026-05-24T14:08:32.716418+00:00,forecast_20260524T140832Z.json
toronto,20,H+20,2026-05-24T19:00,2026-05-24T19:00,True,54,4,Open-Meteo hourly,,,2026-05-24T14:08:32.716418+00:00,forecast_20260524T140832Z.json
toronto,21,H+21,2026-05-24T20:00,2026-05-24T20:00,True,54,5,Open-Meteo hourly,,,2026-05-24T14:08:32.716418+00:00,forecast_20260524T140832Z.json
toronto,22,H+22,2026-05-24T21:00,2026-05-24T21:00,True,53,8,Open-Meteo hourly,,,2026-05-24T14:08:32.716418+00:00,forecast_20260524T140832Z.json
toronto,23,H+23,2026-05-24T22:00,2026-05-24T22:00,True,53,18,Open-Meteo hourly,,,2026-05-24T14:08:32.716418+00:00,forecast_20260524T140832Z.json
toronto,24,H+24,2026-05-24T23:00,2026-05-24T23:00,True,53,18,Open-Meteo hourly,,,2026-05-24T14:08:32.716418+00:00,forecast_20260524T140832Z.json
vancouver,1,H+1,2026-05-23T00:00,2026-05-23T00:00,True,59,0,Open-Meteo hourly,,,2026-05-24T00:55:03.356034+00:00,forecast_20260524T005503Z.json
vancouver,2,H+2,2026-05-23T01:00,2026-05-23T01:00,True,58,1,Open-Meteo hourly,,,2026-05-24T00:55:03.356034+00:00,forecast_20260524T005503Z.json
vancouver,3,H+3,2026-05-23T02:00,2026-05-23T02:00,True,57,1,Open-Meteo hourly,,,2026-05-24T00:55:03.356034+00:00,forecast_20260524T005503Z.json
vancouver,4,H+4,2026-05-23T03:00,2026-05-23T03:00,True,56,1,Open-Meteo hourly,,,2026-05-24T00:55:03.356034+00:00,forecast_20260524T005503Z.json
vancouver,5,H+5,2026-05-23T04:00,2026-05-23T04:00,True,55,1,Open-Meteo hourly,,,2026-05-24T00:55:03.356034+00:00,forecast_20260524T005503Z.json
vancouver,6,H+6,2026-05-23T05:00,2026-05-23T05:00,True,54,1,Open-Meteo hourly,,,2026-05-24T00:55:03.356034+00:00,forecast_20260524T005503Z.json
vancouver,7,H+7,2026-05-23T06:00,2026-05-23T06:00,True,54,1,Open-Meteo hourly,,,2026-05-24T00:55:03.356034+00:00,forecast_20260524T005503Z.json
vancouver,8,H+8,2026-05-23T07:00,2026-05-23T07:00,True,55,0,Open-Meteo hourly,,,2026-05-24T00:55:03.356034+00:00,forecast_20260524T005503Z.json
vancouver,9,H+9,2026-05-23T08:00,2026-05-23T08:00,True,56,0,Open-Meteo hourly,,,2026-05-24T00:55:03.356034+00:00,forecast_20260524T005503Z.json
vancouver,10,H+10,2026-05-23T09:00,2026-05-23T09:00,True,56,1,Open-Meteo hourly,,,2026-05-24T00:55:03.356034+00:00,forecast_20260524T005503Z.json
vancouver,11,H+11,2026-05-23T10:00,2026-05-23T10:00,True,58,1,Open-Meteo hourly,,,2026-05-24T00:55:03.356034+00:00,forecast_20260524T005503Z.json
vancouver,12,H+12,2026-05-23T11:00,2026-05-23T11:00,True,60,1,Open-Meteo hourly,,,2026-05-24T00:55:03.356034+00:00,forecast_20260524T005503Z.json
vancouver,13,H+13,2026-05-23T12:00,2026-05-23T12:00,True,62,1,Open-Meteo hourly,,,2026-05-24T00:55:03.356034+00:00,forecast_20260524T005503Z.json
vancouver,14,H+14,2026-05-23T13:00,2026-05-23T13:00,True,65,1,Open-Meteo hourly,,,2026-05-24T00:55:03.356034+00:00,forecast_20260524T005503Z.json
vancouver,15,H+15,2026-05-23T14:00,2026-05-23T14:00,True,66,3,Open-Meteo hourly,,,2026-05-24T00:55:03.356034+00:00,forecast_20260524T005503Z.json
vancouver,16,H+16,2026-05-23T15:00,2026-05-23T15:00,True,66,1,Open-Meteo hourly,,,2026-05-24T00:55:03.356034+00:00,forecast_20260524T005503Z.json
vancouver,17,H+17,2026-05-23T16:00,2026-05-23T16:00,True,68,1,Open-Meteo hourly,,,2026-05-24T00:55:03.356034+00:00,forecast_20260524T005503Z.json
vancouver,18,H+18,2026-05-23T17:00,2026-05-23T17:00,True,67,3,Open-Meteo hourly,,,2026-05-24T00:55:03.356034+00:00,forecast_20260524T005503Z.json
vancouver,19,H+19,2026-05-23T18:00,2026-05-23T18:00,True,65,2,Open-Meteo hourly,,,2026-05-24T00:55:03.356034+00:00,forecast_20260524T005503Z.json
vancouver,20,H+20,2026-05-23T19:00,2026-05-23T19:00,True,63,1,Open-Meteo hourly,,,2026-05-24T00:55:03.356034+00:00,forecast_20260524T005503Z.json
vancouver,21,H+21,2026-05-23T20:00,2026-05-23T20:00,True,61,2,Open-Meteo hourly,,,2026-05-24T00:55:03.356034+00:00,forecast_20260524T005503Z.json
vancouver,22,H+22,2026-05-23T21:00,2026-05-23T21:00,True,59,1,Open-Meteo hourly,,,2026-05-24T00:55:03.356034+00:00,forecast_20260524T005503Z.json
vancouver,23,H+23,2026-05-23T22:00,2026-05-23T22:00,True,57,1,Open-Meteo hourly,,,2026-05-24T00:55:03.356034+00:00,forecast_20260524T005503Z.json
vancouver,24,H+24,2026-05-23T23:00,2026-05-23T23:00,True,57,1,Open-Meteo hourly,,,2026-05-24T00:55:03.356034+00:00,forecast_20260524T005503Z.json
vancouver,1,H+1,2026-05-24T00:00,2026-05-24T00:00,True,54,1,Open-Meteo hourly,,,2026-05-24T14:08:55.917940+00:00,forecast_20260524T140855Z.json
vancouver,2,H+2,2026-05-24T01:00,2026-05-24T01:00,True,53,1,Open-Meteo hourly,,,2026-05-24T14:08:55.917940+00:00,forecast_20260524T140855Z.json
vancouver,3,H+3,2026-05-24T02:00,2026-05-24T02:00,True,51,1,Open-Meteo hourly,,,2026-05-24T14:08:55.917940+00:00,forecast_20260524T140855Z.json
vancouver,4,H+4,2026-05-24T03:00,2026-05-24T03:00,True,51,1,Open-Meteo hourly,,,2026-05-24T14:08:55.917940+00:00,forecast_20260524T140855Z.json
vancouver,5,H+5,2026-05-24T04:00,2026-05-24T04:00,True,50,1,Open-Meteo hourly,,,2026-05-24T14:08:55.917940+00:00,forecast_20260524T140855Z.json
vancouver,6,H+6,2026-05-24T05:00,2026-05-24T05:00,True,50,1,Open-Meteo hourly,,,2026-05-24T14:08:55.917940+00:00,forecast_20260524T140855Z.json
vancouver,7,H+7,2026-05-24T06:00,2026-05-24T06:00,True,50,1,Open-Meteo hourly,,,2026-05-24T14:08:55.917940+00:00,forecast_20260524T140855Z.json
vancouver,8,H+8,2026-05-24T07:00,2026-05-24T07:00,True,52,1,Open-Meteo hourly,,,2026-05-24T14:08:55.917940+00:00,forecast_20260524T140855Z.json
vancouver,9,H+9,2026-05-24T08:00,2026-05-24T08:00,True,53,1,Open-Meteo hourly,,,2026-05-24T14:08:55.917940+00:00,forecast_20260524T140855Z.json
vancouver,10,H+10,2026-05-24T09:00,2026-05-24T09:00,True,55,1,Open-Meteo hourly,,,2026-05-24T14:08:55.917940+00:00,forecast_20260524T140855Z.json
vancouver,11,H+11,2026-05-24T10:00,2026-05-24T10:00,True,56,3,Open-Meteo hourly,,,2026-05-24T14:08:55.917940+00:00,forecast_20260524T140855Z.json
vancouver,12,H+12,2026-05-24T11:00,2026-05-24T11:00,True,59,1,Open-Meteo hourly,,,2026-05-24T14:08:55.917940+00:00,forecast_20260524T140855Z.json
vancouver,13,H+13,2026-05-24T12:00,2026-05-24T12:00,True,62,1,Open-Meteo hourly,,,2026-05-24T14:08:55.917940+00:00,forecast_20260524T140855Z.json
vancouver,14,H+14,2026-05-24T13:00,2026-05-24T13:00,True,64,1,Open-Meteo hourly,,,2026-05-24T14:08:55.917940+00:00,forecast_20260524T140855Z.json
vancouver,15,H+15,2026-05-24T14:00,2026-05-24T14:00,True,65,2,Open-Meteo hourly,,,2026-05-24T14:08:55.917940+00:00,forecast_20260524T140855Z.json
vancouver,16,H+16,2026-05-24T15:00,2026-05-24T15:00,True,66,2,Open-Meteo hourly,,,2026-05-24T14:08:55.917940+00:00,forecast_20260524T140855Z.json
vancouver,17,H+17,2026-05-24T16:00,2026-05-24T16:00,True,66,2,Open-Meteo hourly,,,2026-05-24T14:08:55.917940+00:00,forecast_20260524T140855Z.json
vancouver,18,H+18,2026-05-24T17:00,2026-05-24T17:00,True,64,3,Open-Meteo hourly,,,2026-05-24T14:08:55.917940+00:00,forecast_20260524T140855Z.json
vancouver,19,H+19,2026-05-24T18:00,2026-05-24T18:00,True,64,4,Open-Meteo hourly,,,2026-05-24T14:08:55.917940+00:00,forecast_20260524T140855Z.json
vancouver,20,H+20,2026-05-24T19:00,2026-05-24T19:00,True,63,5,Open-Meteo hourly,,,2026-05-24T14:08:55.917940+00:00,forecast_20260524T140855Z.json
vancouver,21,H+21,2026-05-24T20:00,2026-05-24T20:00,True,62,5,Open-Meteo hourly,,,2026-05-24T14:08:55.917940+00:00,forecast_20260524T140855Z.json
vancouver,22,H+22,2026-05-24T21:00,2026-05-24T21:00,True,60,9,Open-Meteo hourly,,,2026-05-24T14:08:55.917940+00:00,forecast_20260524T140855Z.json
vancouver,23,H+23,2026-05-24T22:00,2026-05-24T22:00,True,59,12,Open-Meteo hourly,,,2026-05-24T14:08:55.917940+00:00,forecast_20260524T140855Z.json
vancouver,24,H+24,2026-05-24T23:00,2026-05-24T23:00,True,59,12,Open-Meteo hourly,,,2026-05-24T14:08:55.917940+00:00,forecast_20260524T140855Z.json
vienna,1,H+1,2026-05-24T00:00,2026-05-24T00:00,True,69,0,Open-Meteo hourly,,,2026-05-24T14:08:58.351150+00:00,forecast_20260524T140858Z.json
vienna,2,H+2,2026-05-24T01:00,2026-05-24T01:00,True,67,0,Open-Meteo hourly,,,2026-05-24T14:08:58.351150+00:00,forecast_20260524T140858Z.json
vienna,3,H+3,2026-05-24T02:00,2026-05-24T02:00,True,64,0,Open-Meteo hourly,,,2026-05-24T14:08:58.351150+00:00,forecast_20260524T140858Z.json
vienna,4,H+4,2026-05-24T03:00,2026-05-24T03:00,True,63,0,Open-Meteo hourly,,,2026-05-24T14:08:58.351150+00:00,forecast_20260524T140858Z.json
vienna,5,H+5,2026-05-24T04:00,2026-05-24T04:00,True,62,0,Open-Meteo hourly,,,2026-05-24T14:08:58.351150+00:00,forecast_20260524T140858Z.json
vienna,6,H+6,2026-05-24T05:00,2026-05-24T05:00,True,60,0,Open-Meteo hourly,,,2026-05-24T14:08:58.351150+00:00,forecast_20260524T140858Z.json
vienna,7,H+7,2026-05-24T06:00,2026-05-24T06:00,True,60,0,Open-Meteo hourly,,,2026-05-24T14:08:58.351150+00:00,forecast_20260524T140858Z.json
vienna,8,H+8,2026-05-24T07:00,2026-05-24T07:00,True,63,0,Open-Meteo hourly,,,2026-05-24T14:08:58.351150+00:00,forecast_20260524T140858Z.json
vienna,9,H+9,2026-05-24T08:00,2026-05-24T08:00,True,67,0,Open-Meteo hourly,,,2026-05-24T14:08:58.351150+00:00,forecast_20260524T140858Z.json
vienna,10,H+10,2026-05-24T09:00,2026-05-24T09:00,True,71,0,Open-Meteo hourly,,,2026-05-24T14:08:58.351150+00:00,forecast_20260524T140858Z.json
vienna,11,H+11,2026-05-24T10:00,2026-05-24T10:00,True,75,0,Open-Meteo hourly,,,2026-05-24T14:08:58.351150+00:00,forecast_20260524T140858Z.json
vienna,12,H+12,2026-05-24T11:00,2026-05-24T11:00,True,78,0,Open-Meteo hourly,,,2026-05-24T14:08:58.351150+00:00,forecast_20260524T140858Z.json
vienna,13,H+13,2026-05-24T12:00,2026-05-24T12:00,True,79,0,Open-Meteo hourly,,,2026-05-24T14:08:58.351150+00:00,forecast_20260524T140858Z.json
vienna,14,H+14,2026-05-24T13:00,2026-05-24T13:00,True,81,0,Open-Meteo hourly,,,2026-05-24T14:08:58.351150+00:00,forecast_20260524T140858Z.json
vienna,15,H+15,2026-05-24T14:00,2026-05-24T14:00,True,83,0,Open-Meteo hourly,,,2026-05-24T14:08:58.351150+00:00,forecast_20260524T140858Z.json
vienna,16,H+16,2026-05-24T15:00,2026-05-24T15:00,True,84,0,Open-Meteo hourly,,,2026-05-24T14:08:58.351150+00:00,forecast_20260524T140858Z.json
vienna,17,H+17,2026-05-24T16:00,2026-05-24T16:00,True,84,0,Open-Meteo hourly,,,2026-05-24T14:08:58.351150+00:00,forecast_20260524T140858Z.json
vienna,18,H+18,2026-05-24T17:00,2026-05-24T17:00,True,85,0,Open-Meteo hourly,,,2026-05-24T14:08:58.351150+00:00,forecast_20260524T140858Z.json
vienna,19,H+19,2026-05-24T18:00,2026-05-24T18:00,True,84,0,Open-Meteo hourly,,,2026-05-24T14:08:58.351150+00:00,forecast_20260524T140858Z.json
vienna,20,H+20,2026-05-24T19:00,2026-05-24T19:00,True,84,0,Open-Meteo hourly,,,2026-05-24T14:08:58.351150+00:00,forecast_20260524T140858Z.json
vienna,21,H+21,2026-05-24T20:00,2026-05-24T20:00,True,83,0,Open-Meteo hourly,,,2026-05-24T14:08:58.351150+00:00,forecast_20260524T140858Z.json
vienna,22,H+22,2026-05-24T21:00,2026-05-24T21:00,True,81,0,Open-Meteo hourly,,,2026-05-24T14:08:58.351150+00:00,forecast_20260524T140858Z.json
vienna,23,H+23,2026-05-24T22:00,2026-05-24T22:00,True,78,0,Open-Meteo hourly,,,2026-05-24T14:08:58.351150+00:00,forecast_20260524T140858Z.json
vienna,24,H+24,2026-05-24T23:00,2026-05-24T23:00,True,75,0,Open-Meteo hourly,,,2026-05-24T14:08:58.351150+00:00,forecast_20260524T140858Z.json
warsaw,1,H+1,2026-05-24T00:00,2026-05-24T00:00,True,64,0,Open-Meteo hourly,,,2026-05-24T14:09:01.067883+00:00,forecast_20260524T140901Z.json
warsaw,2,H+2,2026-05-24T01:00,2026-05-24T01:00,True,64,0,Open-Meteo hourly,,,2026-05-24T14:09:01.067883+00:00,forecast_20260524T140901Z.json
warsaw,3,H+3,2026-05-24T02:00,2026-05-24T02:00,True,62,0,Open-Meteo hourly,,,2026-05-24T14:09:01.067883+00:00,forecast_20260524T140901Z.json
warsaw,4,H+4,2026-05-24T03:00,2026-05-24T03:00,True,61,0,Open-Meteo hourly,,,2026-05-24T14:09:01.067883+00:00,forecast_20260524T140901Z.json
warsaw,5,H+5,2026-05-24T04:00,2026-05-24T04:00,True,60,0,Open-Meteo hourly,,,2026-05-24T14:09:01.067883+00:00,forecast_20260524T140901Z.json
warsaw,6,H+6,2026-05-24T05:00,2026-05-24T05:00,True,59,0,Open-Meteo hourly,,,2026-05-24T14:09:01.067883+00:00,forecast_20260524T140901Z.json
warsaw,7,H+7,2026-05-24T06:00,2026-05-24T06:00,True,61,0,Open-Meteo hourly,,,2026-05-24T14:09:01.067883+00:00,forecast_20260524T140901Z.json
warsaw,8,H+8,2026-05-24T07:00,2026-05-24T07:00,True,64,0,Open-Meteo hourly,,,2026-05-24T14:09:01.067883+00:00,forecast_20260524T140901Z.json
warsaw,9,H+9,2026-05-24T08:00,2026-05-24T08:00,True,67,0,Open-Meteo hourly,,,2026-05-24T14:09:01.067883+00:00,forecast_20260524T140901Z.json
warsaw,10,H+10,2026-05-24T09:00,2026-05-24T09:00,True,69,0,Open-Meteo hourly,,,2026-05-24T14:09:01.067883+00:00,forecast_20260524T140901Z.json
warsaw,11,H+11,2026-05-24T10:00,2026-05-24T10:00,True,72,0,Open-Meteo hourly,,,2026-05-24T14:09:01.067883+00:00,forecast_20260524T140901Z.json
warsaw,12,H+12,2026-05-24T11:00,2026-05-24T11:00,True,75,0,Open-Meteo hourly,,,2026-05-24T14:09:01.067883+00:00,forecast_20260524T140901Z.json
warsaw,13,H+13,2026-05-24T12:00,2026-05-24T12:00,True,77,5,Open-Meteo hourly,,,2026-05-24T14:09:01.067883+00:00,forecast_20260524T140901Z.json
warsaw,14,H+14,2026-05-24T13:00,2026-05-24T13:00,True,79,14,Open-Meteo hourly,,,2026-05-24T14:09:01.067883+00:00,forecast_20260524T140901Z.json
warsaw,15,H+15,2026-05-24T14:00,2026-05-24T14:00,True,78,27,Open-Meteo hourly,,,2026-05-24T14:09:01.067883+00:00,forecast_20260524T140901Z.json
warsaw,16,H+16,2026-05-24T15:00,2026-05-24T15:00,True,78,53,Open-Meteo hourly,,,2026-05-24T14:09:01.067883+00:00,forecast_20260524T140901Z.json
warsaw,17,H+17,2026-05-24T16:00,2026-05-24T16:00,True,80,83,Open-Meteo hourly,,,2026-05-24T14:09:01.067883+00:00,forecast_20260524T140901Z.json
warsaw,18,H+18,2026-05-24T17:00,2026-05-24T17:00,True,71,100,Open-Meteo hourly,,,2026-05-24T14:09:01.067883+00:00,forecast_20260524T140901Z.json
warsaw,19,H+19,2026-05-24T18:00,2026-05-24T18:00,True,71,92,Open-Meteo hourly,,,2026-05-24T14:09:01.067883+00:00,forecast_20260524T140901Z.json
warsaw,20,H+20,2026-05-24T19:00,2026-05-24T19:00,True,70,70,Open-Meteo hourly,,,2026-05-24T14:09:01.067883+00:00,forecast_20260524T140901Z.json
warsaw,21,H+21,2026-05-24T20:00,2026-05-24T20:00,True,69,49,Open-Meteo hourly,,,2026-05-24T14:09:01.067883+00:00,forecast_20260524T140901Z.json
warsaw,22,H+22,2026-05-24T21:00,2026-05-24T21:00,True,68,31,Open-Meteo hourly,,,2026-05-24T14:09:01.067883+00:00,forecast_20260524T140901Z.json
warsaw,23,H+23,2026-05-24T22:00,2026-05-24T22:00,True,67,13,Open-Meteo hourly,,,2026-05-24T14:09:01.067883+00:00,forecast_20260524T140901Z.json
warsaw,24,H+24,2026-05-24T23:00,2026-05-24T23:00,True,67,0,Open-Meteo hourly,,,2026-05-24T14:09:01.067883+00:00,forecast_20260524T140901Z.json
washington-dc,1,Tonight,2026-05-23T20:00:00-04:00,2026-05-24T06:00:00-04:00,False,55,89,Rain Showers,5 to 9 mph,NE,2026-05-24T00:55:10.230517+00:00,forecast_20260524T005509Z.json
washington-dc,2,Sunday,2026-05-24T06:00:00-04:00,2026-05-24T18:00:00-04:00,True,74,67,Patchy Fog,3 mph,NE,2026-05-24T00:55:10.230517+00:00,forecast_20260524T005509Z.json
washington-dc,3,Sunday Night,2026-05-24T18:00:00-04:00,2026-05-25T06:00:00-04:00,False,61,61,Patchy Fog,1 to 5 mph,E,2026-05-24T00:55:10.230517+00:00,forecast_20260524T005509Z.json
washington-dc,4,Memorial Day,2026-05-25T06:00:00-04:00,2026-05-25T18:00:00-04:00,True,79,60,Rain Showers Likely,3 mph,N,2026-05-24T00:55:10.230517+00:00,forecast_20260524T005509Z.json
washington-dc,5,Monday Night,2026-05-25T18:00:00-04:00,2026-05-26T06:00:00-04:00,False,62,60,Showers And Thunderstorms Likely,2 mph,S,2026-05-24T00:55:10.230517+00:00,forecast_20260524T005509Z.json
washington-dc,6,Tuesday,2026-05-26T06:00:00-04:00,2026-05-26T18:00:00-04:00,True,77,65,Rain Showers Likely,0 to 3 mph,SE,2026-05-24T00:55:10.230517+00:00,forecast_20260524T005509Z.json
washington-dc,7,Tuesday Night,2026-05-26T18:00:00-04:00,2026-05-27T06:00:00-04:00,False,64,44,Chance Showers And Thunderstorms,0 to 3 mph,E,2026-05-24T00:55:10.230517+00:00,forecast_20260524T005509Z.json
washington-dc,8,Wednesday,2026-05-27T06:00:00-04:00,2026-05-27T18:00:00-04:00,True,79,52,Chance Rain Showers,0 to 5 mph,W,2026-05-24T00:55:10.230517+00:00,forecast_20260524T005509Z.json
washington-dc,9,Wednesday Night,2026-05-27T18:00:00-04:00,2026-05-28T06:00:00-04:00,False,65,52,Chance Showers And Thunderstorms,1 to 5 mph,W,2026-05-24T00:55:10.230517+00:00,forecast_20260524T005509Z.json
washington-dc,10,Thursday,2026-05-28T06:00:00-04:00,2026-05-28T18:00:00-04:00,True,80,37,Chance Rain Showers,6 mph,NW,2026-05-24T00:55:10.230517+00:00,forecast_20260524T005509Z.json
washington-dc,11,Thursday Night,2026-05-28T18:00:00-04:00,2026-05-29T06:00:00-04:00,False,60,26,Chance Rain Showers,5 mph,N,2026-05-24T00:55:10.230517+00:00,forecast_20260524T005509Z.json
washington-dc,12,Friday,2026-05-29T06:00:00-04:00,2026-05-29T18:00:00-04:00,True,75,19,Slight Chance Rain Showers,7 mph,NE,2026-05-24T00:55:10.230517+00:00,forecast_20260524T005509Z.json
washington-dc,13,Friday Night,2026-05-29T18:00:00-04:00,2026-05-30T06:00:00-04:00,False,56,15,Slight Chance Rain Showers then Partly Cloudy,5 mph,E,2026-05-24T00:55:10.230517+00:00,forecast_20260524T005509Z.json
washington-dc,14,Saturday,2026-05-30T06:00:00-04:00,2026-05-30T18:00:00-04:00,True,74,14,Mostly Sunny,7 mph,NE,2026-05-24T00:55:10.230517+00:00,forecast_20260524T005509Z.json
washington-dc,1,Today,2026-05-24T08:00:00-04:00,2026-05-24T18:00:00-04:00,True,70,32,Chance Rain Showers then Mostly Cloudy,5 mph,NE,2026-05-24T14:09:03.850652+00:00,forecast_20260524T140902Z.json
washington-dc,2,Tonight,2026-05-24T18:00:00-04:00,2026-05-25T06:00:00-04:00,False,63,65,Chance Rain Showers,5 mph,E,2026-05-24T14:09:03.850652+00:00,forecast_20260524T140902Z.json
washington-dc,3,Memorial Day,2026-05-25T06:00:00-04:00,2026-05-25T18:00:00-04:00,True,78,57,Chance Rain Showers then Chance Showers And Thunderstorms,5 mph,SW,2026-05-24T14:09:03.850652+00:00,forecast_20260524T140902Z.json
washington-dc,4,Monday Night,2026-05-25T18:00:00-04:00,2026-05-26T06:00:00-04:00,False,63,73,Showers And Thunderstorms Likely,0 to 3 mph,N,2026-05-24T14:09:03.850652+00:00,forecast_20260524T140902Z.json
washington-dc,5,Tuesday,2026-05-26T06:00:00-04:00,2026-05-26T18:00:00-04:00,True,79,73,Rain Showers Likely,0 to 3 mph,E,2026-05-24T14:09:03.850652+00:00,forecast_20260524T140902Z.json
washington-dc,6,Tuesday Night,2026-05-26T18:00:00-04:00,2026-05-27T06:00:00-04:00,False,64,38,Chance Rain Showers,0 to 3 mph,SE,2026-05-24T14:09:03.850652+00:00,forecast_20260524T140902Z.json
washington-dc,7,Wednesday,2026-05-27T06:00:00-04:00,2026-05-27T18:00:00-04:00,True,82,56,Showers And Thunderstorms Likely,0 to 5 mph,W,2026-05-24T14:09:03.850652+00:00,forecast_20260524T140902Z.json
washington-dc,8,Wednesday Night,2026-05-27T18:00:00-04:00,2026-05-28T06:00:00-04:00,False,65,56,Showers And Thunderstorms Likely,1 to 5 mph,W,2026-05-24T14:09:03.850652+00:00,forecast_20260524T140902Z.json
washington-dc,9,Thursday,2026-05-28T06:00:00-04:00,2026-05-28T18:00:00-04:00,True,81,22,Slight Chance Rain Showers,7 mph,N,2026-05-24T14:09:03.850652+00:00,forecast_20260524T140902Z.json
washington-dc,10,Thursday Night,2026-05-28T18:00:00-04:00,2026-05-29T06:00:00-04:00,False,61,22,Slight Chance Rain Showers then Partly Cloudy,1 to 6 mph,N,2026-05-24T14:09:03.850652+00:00,forecast_20260524T140902Z.json
washington-dc,11,Friday,2026-05-29T06:00:00-04:00,2026-05-29T18:00:00-04:00,True,76,9,Mostly Sunny,7 mph,N,2026-05-24T14:09:03.850652+00:00,forecast_20260524T140902Z.json
washington-dc,12,Friday Night,2026-05-29T18:00:00-04:00,2026-05-30T06:00:00-04:00,False,57,9,Partly Cloudy,6 mph,N,2026-05-24T14:09:03.850652+00:00,forecast_20260524T140902Z.json
washington-dc,13,Saturday,2026-05-30T06:00:00-04:00,2026-05-30T18:00:00-04:00,True,74,10,Mostly Sunny,7 mph,N,2026-05-24T14:09:03.850652+00:00,forecast_20260524T140902Z.json
washington-dc,14,Saturday Night,2026-05-30T18:00:00-04:00,2026-05-31T06:00:00-04:00,False,56,11,Mostly Cloudy,2 to 6 mph,NE,2026-05-24T14:09:03.850652+00:00,forecast_20260524T140902Z.json
zurich,1,H+1,2026-05-24T00:00,2026-05-24T00:00,True,66,0,Open-Meteo hourly,,,2026-05-24T14:09:05.653209+00:00,forecast_20260524T140905Z.json
zurich,2,H+2,2026-05-24T01:00,2026-05-24T01:00,True,65,0,Open-Meteo hourly,,,2026-05-24T14:09:05.653209+00:00,forecast_20260524T140905Z.json
zurich,3,H+3,2026-05-24T02:00,2026-05-24T02:00,True,62,0,Open-Meteo hourly,,,2026-05-24T14:09:05.653209+00:00,forecast_20260524T140905Z.json
zurich,4,H+4,2026-05-24T03:00,2026-05-24T03:00,True,61,0,Open-Meteo hourly,,,2026-05-24T14:09:05.653209+00:00,forecast_20260524T140905Z.json
zurich,5,H+5,2026-05-24T04:00,2026-05-24T04:00,True,61,0,Open-Meteo hourly,,,2026-05-24T14:09:05.653209+00:00,forecast_20260524T140905Z.json
zurich,6,H+6,2026-05-24T05:00,2026-05-24T05:00,True,59,0,Open-Meteo hourly,,,2026-05-24T14:09:05.653209+00:00,forecast_20260524T140905Z.json
zurich,7,H+7,2026-05-24T06:00,2026-05-24T06:00,True,59,0,Open-Meteo hourly,,,2026-05-24T14:09:05.653209+00:00,forecast_20260524T140905Z.json
zurich,8,H+8,2026-05-24T07:00,2026-05-24T07:00,True,59,0,Open-Meteo hourly,,,2026-05-24T14:09:05.653209+00:00,forecast_20260524T140905Z.json
zurich,9,H+9,2026-05-24T08:00,2026-05-24T08:00,True,62,0,Open-Meteo hourly,,,2026-05-24T14:09:05.653209+00:00,forecast_20260524T140905Z.json
zurich,10,H+10,2026-05-24T09:00,2026-05-24T09:00,True,67,0,Open-Meteo hourly,,,2026-05-24T14:09:05.653209+00:00,forecast_20260524T140905Z.json
zurich,11,H+11,2026-05-24T10:00,2026-05-24T10:00,True,71,0,Open-Meteo hourly,,,2026-05-24T14:09:05.653209+00:00,forecast_20260524T140905Z.json
zurich,12,H+12,2026-05-24T11:00,2026-05-24T11:00,True,76,0,Open-Meteo hourly,,,2026-05-24T14:09:05.653209+00:00,forecast_20260524T140905Z.json
zurich,13,H+13,2026-05-24T12:00,2026-05-24T12:00,True,79,0,Open-Meteo hourly,,,2026-05-24T14:09:05.653209+00:00,forecast_20260524T140905Z.json
zurich,14,H+14,2026-05-24T13:00,2026-05-24T13:00,True,82,0,Open-Meteo hourly,,,2026-05-24T14:09:05.653209+00:00,forecast_20260524T140905Z.json
zurich,15,H+15,2026-05-24T14:00,2026-05-24T14:00,True,84,0,Open-Meteo hourly,,,2026-05-24T14:09:05.653209+00:00,forecast_20260524T140905Z.json
zurich,16,H+16,2026-05-24T15:00,2026-05-24T15:00,True,86,0,Open-Meteo hourly,,,2026-05-24T14:09:05.653209+00:00,forecast_20260524T140905Z.json
zurich,17,H+17,2026-05-24T16:00,2026-05-24T16:00,True,87,0,Open-Meteo hourly,,,2026-05-24T14:09:05.653209+00:00,forecast_20260524T140905Z.json
zurich,18,H+18,2026-05-24T17:00,2026-05-24T17:00,True,87,0,Open-Meteo hourly,,,2026-05-24T14:09:05.653209+00:00,forecast_20260524T140905Z.json
zurich,19,H+19,2026-05-24T18:00,2026-05-24T18:00,True,87,0,Open-Meteo hourly,,,2026-05-24T14:09:05.653209+00:00,forecast_20260524T140905Z.json
zurich,20,H+20,2026-05-24T19:00,2026-05-24T19:00,True,86,0,Open-Meteo hourly,,,2026-05-24T14:09:05.653209+00:00,forecast_20260524T140905Z.json
zurich,21,H+21,2026-05-24T20:00,2026-05-24T20:00,True,84,0,Open-Meteo hourly,,,2026-05-24T14:09:05.653209+00:00,forecast_20260524T140905Z.json
zurich,22,H+22,2026-05-24T21:00,2026-05-24T21:00,True,80,0,Open-Meteo hourly,,,2026-05-24T14:09:05.653209+00:00,forecast_20260524T140905Z.json
zurich,23,H+23,2026-05-24T22:00,2026-05-24T22:00,True,77,0,Open-Meteo hourly,,,2026-05-24T14:09:05.653209+00:00,forecast_20260524T140905Z.json
zurich,24,H+24,2026-05-24T23:00,2026-05-24T23:00,True,72,0,Open-Meteo hourly,,,2026-05-24T14:09:05.653209+00:00,forecast_20260524T140905Z.json
chicago,1,Today,2026-05-23T10:00:00-05:00,2026-05-23T18:00:00-05:00,True,61,8,Areas Of Fog,10 mph,NNE,2026-05-23T15:44:30.168121+00:00,forecast_20260523T154429Z.json
chicago,2,Tonight,2026-05-23T18:00:00-05:00,2026-05-24T06:00:00-05:00,False,54,40,Mostly Cloudy then Chance Showers And Thunderstorms,5 to 10 mph,E,2026-05-23T15:44:30.168121+00:00,forecast_20260523T154429Z.json
chicago,3,Sunday,2026-05-24T06:00:00-05:00,2026-05-24T18:00:00-05:00,True,65,39,Chance Showers And Thunderstorms then Partly Sunny,5 to 10 mph,ENE,2026-05-23T15:44:30.168121+00:00,forecast_20260523T154429Z.json
chicago,4,Sunday Night,2026-05-24T18:00:00-05:00,2026-05-25T06:00:00-05:00,False,58,3,Partly Cloudy,0 to 5 mph,SE,2026-05-23T15:44:30.168121+00:00,forecast_20260523T154429Z.json
chicago,5,Memorial Day,2026-05-25T06:00:00-05:00,2026-05-25T18:00:00-05:00,True,77,1,Sunny,5 to 10 mph,SSE,2026-05-23T15:44:30.168121+00:00,forecast_20260523T154429Z.json
chicago,6,Monday Night,2026-05-25T18:00:00-05:00,2026-05-26T06:00:00-05:00,False,62,2,Partly Cloudy,5 to 10 mph,S,2026-05-23T15:44:30.168121+00:00,forecast_20260523T154429Z.json
chicago,7,Tuesday,2026-05-26T06:00:00-05:00,2026-05-26T18:00:00-05:00,True,76,5,Mostly Sunny,5 to 10 mph,SE,2026-05-23T15:44:30.168121+00:00,forecast_20260523T154429Z.json
chicago,8,Tuesday Night,2026-05-26T18:00:00-05:00,2026-05-27T06:00:00-05:00,False,66,22,Mostly Cloudy then Slight Chance Rain Showers,5 to 10 mph,E,2026-05-23T15:44:30.168121+00:00,forecast_20260523T154429Z.json
chicago,9,Wednesday,2026-05-27T06:00:00-05:00,2026-05-27T18:00:00-05:00,True,70,31,Chance Rain Showers,5 to 10 mph,NE,2026-05-23T15:44:30.168121+00:00,forecast_20260523T154429Z.json
chicago,10,Wednesday Night,2026-05-27T18:00:00-05:00,2026-05-28T06:00:00-05:00,False,62,29,Chance Showers And Thunderstorms,5 to 10 mph,NNE,2026-05-23T15:44:30.168121+00:00,forecast_20260523T154429Z.json
chicago,11,Thursday,2026-05-28T06:00:00-05:00,2026-05-28T18:00:00-05:00,True,68,18,Slight Chance Rain Showers,10 to 15 mph,NNE,2026-05-23T15:44:30.168121+00:00,forecast_20260523T154429Z.json
chicago,12,Thursday Night,2026-05-28T18:00:00-05:00,2026-05-29T06:00:00-05:00,False,59,13,Partly Cloudy,10 to 15 mph,NE,2026-05-23T15:44:30.168121+00:00,forecast_20260523T154429Z.json
chicago,13,Friday,2026-05-29T06:00:00-05:00,2026-05-29T18:00:00-05:00,True,66,9,Mostly Sunny,10 to 20 mph,NNE,2026-05-23T15:44:30.168121+00:00,forecast_20260523T154429Z.json
chicago,14,Friday Night,2026-05-29T18:00:00-05:00,2026-05-30T06:00:00-05:00,False,58,9,Partly Cloudy,10 to 20 mph,NE,2026-05-23T15:44:30.168121+00:00,forecast_20260523T154429Z.json
chicago,1,Today,2026-05-23T09:00:00-05:00,2026-05-23T18:00:00-05:00,True,61,8,Areas Of Fog,5 to 10 mph,NNE,2026-05-23T15:17:33.445080+00:00,forecast_20260523T151732Z.json
chicago,1,Tonight,2026-05-23T19:00:00-05:00,2026-05-24T06:00:00-05:00,False,54,47,Patchy Fog,5 to 10 mph,ESE,2026-05-24T00:27:21.871246+00:00,forecast_20260524T002720Z.json
chicago,2,Sunday,2026-05-24T06:00:00-05:00,2026-05-24T18:00:00-05:00,True,60,50,Chance Showers And Thunderstorms then Partly Sunny,5 to 10 mph,NNE,2026-05-24T01:19:45.140914+00:00,forecast_20260524T011944Z.json
chicago,3,Sunday Night,2026-05-24T18:00:00-05:00,2026-05-25T06:00:00-05:00,False,57,1,Mostly Clear,5 mph,SSE,2026-05-24T01:19:45.140914+00:00,forecast_20260524T011944Z.json
chicago,4,Memorial Day,2026-05-25T06:00:00-05:00,2026-05-25T18:00:00-05:00,True,71,1,Sunny,5 to 10 mph,SSE,2026-05-24T01:19:45.140914+00:00,forecast_20260524T011944Z.json
chicago,5,Monday Night,2026-05-25T18:00:00-05:00,2026-05-26T06:00:00-05:00,False,62,2,Partly Cloudy,5 to 10 mph,SSE,2026-05-24T01:19:45.140914+00:00,forecast_20260524T011944Z.json
chicago,6,Tuesday,2026-05-26T06:00:00-05:00,2026-05-26T18:00:00-05:00,True,77,5,Mostly Sunny,5 to 10 mph,ESE,2026-05-24T01:19:45.140914+00:00,forecast_20260524T011944Z.json
chicago,7,Tuesday Night,2026-05-26T18:00:00-05:00,2026-05-27T06:00:00-05:00,False,62,25,Mostly Cloudy then Chance Rain Showers,5 to 10 mph,ESE,2026-05-24T01:19:45.140914+00:00,forecast_20260524T011944Z.json
chicago,8,Wednesday,2026-05-27T06:00:00-05:00,2026-05-27T18:00:00-05:00,True,66,37,Chance Rain Showers,5 to 10 mph,ENE,2026-05-24T01:19:45.140914+00:00,forecast_20260524T011944Z.json
chicago,9,Wednesday Night,2026-05-27T18:00:00-05:00,2026-05-28T06:00:00-05:00,False,58,27,Chance Rain Showers,5 to 10 mph,NNE,2026-05-24T01:19:45.140914+00:00,forecast_20260524T011944Z.json
chicago,10,Thursday,2026-05-28T06:00:00-05:00,2026-05-28T18:00:00-05:00,True,66,23,Slight Chance Rain Showers then Partly Sunny,5 to 15 mph,NNE,2026-05-24T01:19:45.140914+00:00,forecast_20260524T011944Z.json
chicago,11,Thursday Night,2026-05-28T18:00:00-05:00,2026-05-29T06:00:00-05:00,False,57,8,Mostly Cloudy,10 to 15 mph,NE,2026-05-24T01:19:45.140914+00:00,forecast_20260524T011944Z.json
chicago,12,Friday,2026-05-29T06:00:00-05:00,2026-05-29T18:00:00-05:00,True,69,9,Partly Sunny,10 to 15 mph,NE,2026-05-24T01:19:45.140914+00:00,forecast_20260524T011944Z.json
chicago,13,Friday Night,2026-05-29T18:00:00-05:00,2026-05-30T06:00:00-05:00,False,57,6,Partly Cloudy,10 to 15 mph,NE,2026-05-24T01:19:45.140914+00:00,forecast_20260524T011944Z.json
chicago,14,Saturday,2026-05-30T06:00:00-05:00,2026-05-30T18:00:00-05:00,True,70,6,Mostly Sunny,10 to 15 mph,NNE,2026-05-24T01:19:45.140914+00:00,forecast_20260524T011944Z.json
chicago,1,Tonight,2026-05-23T20:00:00-05:00,2026-05-24T06:00:00-05:00,False,53,47,Patchy Fog,5 to 10 mph,ESE,2026-05-24T01:19:45.140914+00:00,forecast_20260524T011944Z.json
chicago,1,Today,2026-05-24T07:00:00-05:00,2026-05-24T18:00:00-05:00,True,66,94,Patchy Fog,5 mph,NE,2026-05-24T14:06:31.997539+00:00,forecast_20260524T140630Z.json
chicago,2,Tonight,2026-05-24T18:00:00-05:00,2026-05-25T06:00:00-05:00,False,58,0,Patchy Fog,5 mph,SE,2026-05-24T14:06:31.997539+00:00,forecast_20260524T140630Z.json
chicago,3,Memorial Day,2026-05-25T06:00:00-05:00,2026-05-25T18:00:00-05:00,True,75,1,Patchy Fog then Sunny,5 to 10 mph,SSE,2026-05-24T14:06:31.997539+00:00,forecast_20260524T140630Z.json
chicago,4,Monday Night,2026-05-25T18:00:00-05:00,2026-05-26T06:00:00-05:00,False,62,1,Mostly Clear,5 to 10 mph,S,2026-05-24T14:06:31.997539+00:00,forecast_20260524T140630Z.json
chicago,5,Tuesday,2026-05-26T06:00:00-05:00,2026-05-26T18:00:00-05:00,True,73,2,Mostly Sunny,5 to 10 mph,SE,2026-05-24T14:06:31.997539+00:00,forecast_20260524T140630Z.json
chicago,6,Tuesday Night,2026-05-26T18:00:00-05:00,2026-05-27T06:00:00-05:00,False,66,20,Mostly Cloudy then Slight Chance Rain Showers,5 to 10 mph,ESE,2026-05-24T14:06:31.997539+00:00,forecast_20260524T140630Z.json
chicago,7,Wednesday,2026-05-27T06:00:00-05:00,2026-05-27T18:00:00-05:00,True,72,24,Slight Chance Rain Showers then Slight Chance Showers And Thunderstorms,5 to 10 mph,NE,2026-05-24T14:06:31.997539+00:00,forecast_20260524T140630Z.json
chicago,8,Wednesday Night,2026-05-27T18:00:00-05:00,2026-05-28T06:00:00-05:00,False,61,15,Slight Chance Showers And Thunderstorms then Mostly Cloudy,5 to 10 mph,NNE,2026-05-24T14:06:31.997539+00:00,forecast_20260524T140630Z.json
chicago,9,Thursday,2026-05-28T06:00:00-05:00,2026-05-28T18:00:00-05:00,True,69,11,Mostly Sunny,10 to 15 mph,NNE,2026-05-24T14:06:31.997539+00:00,forecast_20260524T140630Z.json
chicago,10,Thursday Night,2026-05-28T18:00:00-05:00,2026-05-29T06:00:00-05:00,False,59,6,Partly Cloudy,10 to 15 mph,NE,2026-05-24T14:06:31.997539+00:00,forecast_20260524T140630Z.json
chicago,11,Friday,2026-05-29T06:00:00-05:00,2026-05-29T18:00:00-05:00,True,67,7,Mostly Sunny,10 to 15 mph,NE,2026-05-24T14:06:31.997539+00:00,forecast_20260524T140630Z.json
chicago,12,Friday Night,2026-05-29T18:00:00-05:00,2026-05-30T06:00:00-05:00,False,58,7,Partly Cloudy,10 to 15 mph,NE,2026-05-24T14:06:31.997539+00:00,forecast_20260524T140630Z.json
chicago,13,Saturday,2026-05-30T06:00:00-05:00,2026-05-30T18:00:00-05:00,True,66,5,Mostly Sunny,10 to 15 mph,NE,2026-05-24T14:06:31.997539+00:00,forecast_20260524T140630Z.json
chicago,14,Saturday Night,2026-05-30T18:00:00-05:00,2026-05-31T06:00:00-05:00,False,59,6,Mostly Clear,5 to 15 mph,ENE,2026-05-24T14:06:31.997539+00:00,forecast_20260524T140630Z.json
